dNB_M5_M1,dNB_M4_M1,dNB_nonclimate_matched_M1,dNB_climate_M5_matched,dAUC_M5_M1
0.024220660146699297,0.015444900454069155,0.012945337059029033,0.011275323087670264,0.04481574903146357
0.013334321060819304,0.012858095308647177,0.008074672197940613,0.005259648862878691,0.019858085998516795
0.021479258463731193,0.015025443887946577,0.012646666198271622,0.008832592265459571,0.04183580350718674
0.024349238945242407,0.01356245839304046,0.015943222719938616,0.008406016225303792,0.036611952101274436
0.021819560739138905,0.015270617896344263,0.01433798284361451,0.007481577895524394,0.04327128610654574
0.019264595024708925,0.012527969559546742,0.010816890622569492,0.008447704402139433,0.03675275982926607
0.021136559849677494,0.013457924940328075,0.011893758569905044,0.00924280127977245,0.0438141605669935
0.013516388761352333,0.010526433666670387,0.007525280238300541,0.005991108523051791,0.03713678380448526
0.015398900376626223,0.009013990464366572,0.01067281509843404,0.0047260852781921825,0.037304516613790084
0.02046054038639769,0.012944423509761827,0.01260833698275779,0.007852203403639901,0.05568033184816901
0.01656647943150588,0.01279987736644439,0.010303408555880411,0.0062630708756254705,0.027384160877118147
0.02040086629617524,0.014118175874468786,0.011114743380189612,0.009286122915985628,0.04290877852410502
0.016476129827859842,0.012392475563776761,0.009319626810605386,0.007156503017254456,0.03921004093779901
0.016874645490640966,0.01578073089700996,0.006715420144234707,0.010159225346406259,0.0373530928706709
0.02326741698089671,0.015706705813496036,0.012722719553265538,0.010544697427631172,0.04597635745044326
0.014961428457480191,0.009526088492348372,0.008842397930696605,0.0061190305267835865,0.04153853113269124
0.019588956711653727,0.015321722573780588,0.010472083776670221,0.009116872934983505,0.05377939640193741
0.02163498686447224,0.01004481532993351,0.01294787734287034,0.008687109521601899,0.03249919663265355
0.022761945444559728,0.013364252151095407,0.01465592644575986,0.008106018998799869,0.04348666156846681
0.01705029838022168,0.012079139956377827,0.009078730306351757,0.007971568073869922,0.03499651527674663
0.025242761593671587,0.01581005710730396,0.013210230429082537,0.01203253116458905,0.05230592990850369
0.011341252919078115,0.008274951771753525,0.007462686567164228,0.003878566351913887,0.032415065576326785
0.024061423130403242,0.011678052515970427,0.013270056223928434,0.010791366906474809,0.058537520481724004
0.02611542561291308,0.01490134655963804,0.014770823816049966,0.011344601796863113,0.04983627271798696
0.017809953143390095,0.013646154871088834,0.01013746086029621,0.007672492283093885,0.031270869292271075
0.01772634947990398,0.014453950472907817,0.007191071172113844,0.010535278307790136,0.03349435049837868
0.016265298065534978,0.013592013986802792,0.010332186565901569,0.005933111499633409,0.03292964244521335
0.017931858936042988,0.01271719191211329,0.010810643691901795,0.0071212152441411936,0.0422731210951075
0.021550684988941582,0.013049904091066294,0.011414735385679692,0.01013594960326189,0.039516847602917515
0.013642098060598268,0.010124660551243392,0.006660679538991188,0.00698141852160708,0.04302584661642539
0.019258233435755362,0.012734236378586533,0.009336997446661194,0.009921235989094168,0.05044771084298816
0.019153556862121945,0.012362942952486883,0.01158959690661579,0.007563959955506155,0.040422367361925615
0.010106753929510243,0.00889437261949469,0.007113352287967417,0.0029934016415428255,0.01954598406097474
0.021616331393678995,0.011988979075135936,0.013393189579055997,0.008223141814622997,0.03654752272319861
0.016921258199856293,0.015437750631649705,0.006675784056929646,0.010245474142926647,0.03703043251537108
0.024501338181083715,0.01264454880573651,0.016401555319901034,0.00809978286118268,0.05580511055209825
0.013024727686711923,0.01135563295352593,0.0066956748256134235,0.0063290528610985,0.02731200173530679
0.015476190476190504,0.008390022675736991,0.010510204081632668,0.004965986394557836,0.020741284836251817
0.021353575482406295,0.012577022863628967,0.013245905626722843,0.008107669855683453,0.05649855341609167
0.018775336035843804,0.014426935698537952,0.010647484938075963,0.008127851097767841,0.0416470717773163
0.02070780809804848,0.014847107692940453,0.011669991157539694,0.009037816940508786,0.03586529648311032
0.014327478595791088,0.008631290749205323,0.009269356597600864,0.005058121998190224,0.03325548169894321
0.017205607003694168,0.01345073629877036,0.010647234451697796,0.006558372551996372,0.046941876754399536
0.016995171826185707,0.010122124396478221,0.010292530531099103,0.006702641295086603,0.025741934904730868
0.01642622780063538,0.013561793656580418,0.008291234831519195,0.008134992969116184,0.035829373859065594
0.019663757758995842,0.009436771341533284,0.011555463936416294,0.008108293822579549,0.05045344410375352
0.02017744557058998,0.014100400650150585,0.012423260484714205,0.0077541850858757755,0.05977040924851185
0.01709877191140971,0.014023302193765103,0.009583289597984684,0.007515482313425026,0.0374041022848457
0.022957194503235467,0.015250787349745332,0.0138836848980749,0.009073509605160568,0.04408896706635057
0.019728495305759958,0.012782288759198124,0.010424596126194674,0.009303899179565284,0.03772073335868731
0.017928367928367966,0.012606837606837645,0.008608058608058605,0.009320309320309361,0.034154970204322455
0.021873565127343425,0.010306659762995662,0.012133527417668821,0.009740037709674604,0.05528427903520616
0.02202998343937937,0.01490455852871958,0.012365989714982983,0.009663993724396386,0.035889316710821184
0.011532451526289178,0.006899663270022255,0.008858419349869029,0.002674032176420149,0.03354133650752589
0.025700215450908004,0.016895308446555013,0.015521259288572314,0.01017895616233569,0.04649223944070102
0.014148790506617964,0.008543107584641108,0.009491041439923242,0.004657749066694722,0.03598828884780425
0.0177630811950866,0.011043634012697034,0.008754358631946041,0.009008722563140559,0.04344985632265741
0.014061620484934756,0.010089531314719041,0.0068715018532875816,0.007190118631647174,0.03278033421267257
0.015323224261771684,0.011428571428571427,0.0075871242351689405,0.0077361000266027435,0.03876989429463873
0.019471137307065983,0.015193908676008477,0.009345687223356186,0.010125450083709797,0.03206577667618171
0.021217878636706156,0.013639306677422414,0.009414836593676007,0.011803042043030149,0.0385091574491464
0.020237015930578944,0.015455683633380873,0.011818417303458145,0.008418598627120799,0.042655523041236654
0.025235788937038012,0.011665027979073372,0.015743539322433053,0.009492249614604958,0.04945860299977878
0.02562700378507629,0.01559065418556524,0.013799980699327696,0.011827023085748595,0.06400991453501426
0.014672883070376341,0.013068399818623594,0.008220069992675133,0.006452813077701208,0.03218826314829892
0.01759577701351675,0.013082574467841945,0.010100433038927742,0.007495343974589008,0.03397080187616275
0.018467689647719915,0.012675599740652688,0.009920034579641246,0.008547655068078669,0.042406898852945685
0.025993663594470057,0.015666145490454253,0.014503785385121759,0.011489878209348298,0.04805754226267889
0.01446126688845134,0.012540857201051359,0.009446863815795792,0.005014403072655549,0.040469691568159494
0.011122018696593156,0.011400905825394353,0.006525958813948823,0.004596059882644332,0.021323176388294396
0.015734871491755537,0.011740007745144027,0.0085706132931129,0.007164258198642637,0.033123461581734404
0.019405109762493433,0.013850089372678731,0.013550396557813926,0.005854713204679507,0.04581399071594339
0.02191335109402978,0.015001965322968075,0.014368694588810738,0.007544656505219044,0.03742997013107863
0.020280026252461114,0.011419820608182002,0.013038722380223133,0.007241303872237981,0.04998416961808816
0.015299488713572063,0.008505147080388215,0.007214710971639726,0.008084777741932336,0.034733220749288085
0.023820915926179076,0.013545226703121471,0.014251537935748487,0.009569377990430589,0.0491265653102988
0.019771396373734706,0.009548628579477941,0.01316080735717301,0.0066105890165616965,0.04535816757706579
0.017502328894733937,0.012482875774015051,0.011419803824867097,0.00608252506986684,0.03067347656494257
0.01878357385952642,0.012854415444271877,0.01389794732535668,0.00488562653416974,0.04887598644946578
0.015802633772295377,0.010335055842640467,0.008668111351891994,0.007134522420403383,0.03426230747996806
0.024379040299360305,0.011629339995742644,0.015528193867147655,0.00885084643221265,0.05238054050302399
0.02586082697017722,0.015446518616090782,0.017175376129417386,0.008685450840759834,0.04820148593772644
0.018970706260032083,0.013593499197431802,0.011466693418940632,0.007504012841091451,0.05052052791386641
0.021475058614277648,0.015371089012854722,0.01020696903549198,0.011268089578785667,0.050649470279591435
0.018315555648693443,0.011525807330413446,0.01145246128376537,0.006863094364928074,0.04538346953980388
0.011120809491481642,0.010269507214517415,0.005409541051088929,0.005711268440392714,0.0229640862392817
0.01971300188433109,0.012600169796864985,0.01210320336280618,0.0076097985215249075,0.039166417922164465
0.018786925659880133,0.013952055085646287,0.010062906447910913,0.00872401921196922,0.04254818843059438
0.020070838252656403,0.01333998709818765,0.013607760561837351,0.006463077690819052,0.04193022093066778
0.023480468199125692,0.015401817192819911,0.012802949412736492,0.0106775187863892,0.04555545864904764
0.019998923052070378,0.012406440148618803,0.012277206397070695,0.007721716654999683,0.045569912986076266
0.01843660163998767,0.016155894302474827,0.00789230818190495,0.01054429345808272,0.038652538283376336
0.027036201572457924,0.014257243599570757,0.018385493090383537,0.008650708482074387,0.04676165500667995
0.016941423040723408,0.008917049126245608,0.012565373904774885,0.004376049135948523,0.046904522950388494
0.014038231780167248,0.008405871309097063,0.006517750469363343,0.007520481310803906,0.046098757042084326
0.013648078016672949,0.011034616268799396,0.007925080763227677,0.005722997253445272,0.030143553457814942
0.018783276956250705,0.015134947318937553,0.012365487006019221,0.006417789950231484,0.03605433933632374
0.020295947179585133,0.012536356495340018,0.012812347408869884,0.007483599770715249,0.04426636340686563
0.02308946403097617,0.014418178112899888,0.012971265539025889,0.010118198491950281,0.04836185537244064
0.021284642699556655,0.012795999411678194,0.01257537873216652,0.008709263967390135,0.04689230881082984
0.01926613444105496,0.015079725665822913,0.009303130611626742,0.009963003829428219,0.042425246214529366
0.015223551450624234,0.010872271557805652,0.005916317892415507,0.009307233558208727,0.029866393304745276
0.016167953667953677,0.011261261261261313,0.008325289575289607,0.00784266409266407,0.03847021261573813
0.016930786942977144,0.010864727849693334,0.009984326928658527,0.006946460014318617,0.037790243023557046
0.017544606283714043,0.01486344146655455,0.008852099713796302,0.00869250656991774,0.03615476203888657
0.015179534597010297,0.010743455958435177,0.00875107324483193,0.006428461352178366,0.04203948162529725
0.029469886716146976,0.01594705760702217,0.01780831361014726,0.011661573105999717,0.05983647713076823
0.02311934085740039,0.01500879715058151,0.01179032742565339,0.011329013431746998,0.05433113658152766
0.022549887765398846,0.012078090570234207,0.011151382853847924,0.011398504911550922,0.05713257346731693
0.012353006640204806,0.01107937332294645,0.006912242954829284,0.0054407636853755215,0.02640874898716905
0.02435293329462468,0.014884209115880176,0.016000803948279296,0.008352129346345383,0.04634377769723641
0.014078321337074512,0.006490179333902585,0.01112602171526167,0.0029522996218128428,0.030068398822284625
0.012942268756222203,0.007304495676588724,0.00991084712014939,0.003031421636072812,0.01394437420596284
0.017041226372972174,0.009036208619479985,0.010173707822167394,0.00686751855080478,0.03958460223704796
0.014176332347812931,0.009638606409131806,0.008588106609484863,0.005588225738328068,0.039237021621201906
0.013708632669885756,0.008503120951595833,0.008291131786597544,0.005417500883288212,0.02952117721450498
0.022374932570302764,0.01098810891948307,0.01227806834439571,0.010096864225907054,0.05324797324609898
0.02323115481010221,0.014483323693850025,0.010723925197609424,0.012507229612492787,0.043962544703238904
0.013547422008830606,0.00825150191811233,0.010519458585663638,0.0030279634231669683,0.02565798270609576
0.01672144572446685,0.010977944512687687,0.010823013844161872,0.005898431880304977,0.03259507111728388
0.024925989916441904,0.01709557151950533,0.012680225920200489,0.012245763996241416,0.05288670297513076
0.014404180644589898,0.009554810066319086,0.006045105789351302,0.008359074855238596,0.039188262808462104
0.015925123978487082,0.01345054331015072,0.009708737864077666,0.006216386114409417,0.03770680988561814
0.017900222447338465,0.010850834960784511,0.011216358756383604,0.006683863690954861,0.051944424323537075
0.022152566700439025,0.013983873691320509,0.013340087808172918,0.008812478892266107,0.0505047841868298
0.017935713201985365,0.011541712725144676,0.008789041333420011,0.009146671868565354,0.05376695407697285
0.023389736477115147,0.012527045769764267,0.014590846047156741,0.008798890429958406,0.055301746487098846
0.021662939709297335,0.013234282274017406,0.014932914767351868,0.006730024941945467,0.046299452227601234
0.01438848920863306,0.009398333312695767,0.008469644250176434,0.005918844958456626,0.035076494810996506
0.018244131747067155,0.01343977469222088,0.009712256287598725,0.00853187545946843,0.04460679087713448
0.01891091364775574,0.012444531241523782,0.011598259718560516,0.007312653929195223,0.035052226441410705
0.01954347660126729,0.014450394250379,0.010317036196874352,0.009226440404392938,0.03380640552209657
0.016843214139404206,0.007842219230994346,0.01330836308304556,0.0035348510563586455,0.03504418438782142
0.01872973040920481,0.011958534807129884,0.00945285722665909,0.00927687318254572,0.04107656293256434
0.01676838300645847,0.012040054512057835,0.011376429460212167,0.005391953546246303,0.03380070542439173
0.017029328287606477,0.00745033112582788,0.010320805022791812,0.006708523264814664,0.04428765662012779
0.01935772021176932,0.014673522298960823,0.013333623826227187,0.0060240963855421326,0.043643025301766225
0.020468486087652227,0.011912169970664022,0.012445550715619147,0.00802293537203308,0.04650040488070539
0.019730780466976794,0.012213757612530601,0.012876693858288962,0.006854086608687832,0.0343480869642393
0.014211298757674101,0.012288897616635958,0.0055501581329970295,0.008661140624677072,0.03101674729035797
0.023661661819039392,0.016002785046099255,0.015620964209911659,0.008040697609127734,0.04659852229766337
0.01436778546380868,0.007620895108770953,0.008910585050255243,0.005457200413553437,0.03682434382093758
0.01670714134564033,0.012787311440058846,0.009673616219429887,0.007033525126210444,0.03601926299063429
0.023929690219282956,0.012555317985182252,0.015911690119834926,0.00801800009944803,0.03852014111234536
0.01655203517871237,0.011433081519900828,0.009471191791633776,0.007080843387078595,0.038229002495196784
0.019671218802174734,0.013592191446551605,0.010649000385290486,0.009022218416884248,0.04602988183629175
0.01717770759284376,0.012177856103284007,0.0077126421987465665,0.009465065394097194,0.0399756941153141
0.033005717784167304,0.01604915326504061,0.021471755458133318,0.011533962326033986,0.0632254374075133
0.014989454655016554,0.005864503077519012,0.008726811001592533,0.0062626436534240215,0.03930612199054917
0.017524786405587134,0.00904009548231563,0.01227798589036072,0.005246800515226413,0.03898626263264049
0.019608278804172763,0.014742314998944572,0.01277593236532501,0.006832346438847753,0.0432868015590161
0.023222003146720793,0.012188564258827722,0.01429965545398415,0.008922347692736643,0.04928791544326416
0.02276073495895603,0.014471269236199374,0.01172828301163753,0.0110324519473185,0.053626175422209266
0.01796338072504064,0.011111694034940417,0.009359425003934663,0.008603955721105977,0.04070297621819674
0.023764962362716413,0.014869812019250528,0.013995722101106473,0.00976924026160994,0.038954003135160176
0.02370304598759082,0.015257008586804705,0.015105413043713628,0.008597632943877193,0.04344796328613321
0.022794954891828006,0.01459446439520018,0.013236839800297773,0.009558115091530234,0.05229344569286498
0.013594105253133676,0.008963538752722988,0.00732081850322,0.006273286749913676,0.030148950109888606
0.01251208837223211,0.009979761323190672,0.008055591557580483,0.004456496814651628,0.028998838335611676
0.017694295538517396,0.011223116844285952,0.012216218525083866,0.00547807701343353,0.024902819535385312
0.017474066450023668,0.010176822287240761,0.011240762799088672,0.006233303650934996,0.028896567812673246
0.018042319853185107,0.01114378579167316,0.009750812567714012,0.008291507285471095,0.03055133924365372
0.016344645274989772,0.007973521889574259,0.011885060929742758,0.004459584345247014,0.034635903651434985
0.025361275529248634,0.014824294779501895,0.014312376686396816,0.011048898842851818,0.053007526751072676
0.018899225131769642,0.010877554020285202,0.012641481699250334,0.006257743432519308,0.045974322860875105
0.015201407370652703,0.010555279895349323,0.007882628896206417,0.007318778474446286,0.03506074300756323
0.017007316599399996,0.009248267973150898,0.007424513845423364,0.009582802753976633,0.03604709742349854
0.017960695876288707,0.013254786450662775,0.010781019882179665,0.0071796759941090416,0.03380037582220685
0.012961581499440489,0.0078018152430684995,0.006962576153176692,0.005999005346263797,0.03275737195457351
0.016934956457886313,0.011244076780981438,0.008995261424785184,0.00793969503310113,0.03330602774071223
0.019064291485514223,0.014668539109691792,0.008897310607518,0.010166980877996223,0.04006171436926642
0.02254129998456078,0.011204481792717103,0.014523919804142166,0.008017380180418615,0.0428685530119467
0.01689871275689428,0.010795103107822668,0.012475638078121604,0.004423074678772676,0.04782809290683765
0.02021025818632763,0.01402093644214547,0.014199689416706657,0.006010568769620972,0.030070677102846277
0.02283967543084628,0.01222719840762071,0.01615736932435588,0.006682306106490399,0.05504446208856739
0.018400475452437226,0.009730460419749898,0.011361914861384631,0.007038560591052595,0.03378089183737665
0.021865145854364165,0.013445867893307234,0.013404239819334196,0.00846090603502997,0.049608763909504194
0.01804303934603832,0.012517850987344287,0.010390505736938033,0.007652533609100287,0.03155408991043507
0.016222850739100292,0.009947169005816742,0.009552270665457108,0.006670580073643184,0.035490127182532194
0.02974737494672411,0.015072261614165666,0.014578247898020147,0.015169127048703962,0.06755016211584619
0.017188636460873652,0.006995250930560942,0.012097291746887423,0.005091344713986229,0.04116804382376571
0.016258056158305556,0.013677926396130885,0.009694378771685469,0.006563677386620087,0.033721307059601635
0.02355774817506681,0.01248666293404882,0.01566643073705115,0.00789131743801566,0.035753505297063004
0.01908812638288601,0.009664438763226979,0.015224643745629207,0.0038634826372568043,0.039582463232966436
0.01914952338492243,0.015126425068467009,0.011039636541196912,0.008109886843725517,0.04267369687121081
0.013975274514320846,0.010421123067978683,0.007393512576650163,0.006581761937670683,0.048566738379064334
0.021902828354441295,0.0154146928340477,0.011687237493689079,0.010215590860752216,0.03640500619760645
0.021779840878911355,0.012666129453290792,0.013596794879070256,0.008183045999841099,0.03354208063320141
0.014221168802310863,0.010253208757023263,0.009681822510501814,0.004539346291809049,0.04055999291077572
0.015925875583344656,0.009039010466222658,0.009333514566625872,0.006592361016718784,0.04134846399600178
0.016182549119528905,0.013555291319857304,0.011143196874469186,0.0050393522450597195,0.03520541338900196
0.019808678188256462,0.016172506738544506,0.009037577295069016,0.010771100893187446,0.05480170862991429
0.019342652058934623,0.01038372281288788,0.011765340817097486,0.007577311241837137,0.0570315054250512
0.018441938178780287,0.012343358395989934,0.011622807017543868,0.006819131161236419,0.03664554497679251
0.02161359511631744,0.01797204610271763,0.010853937351215037,0.010759657765102404,0.0426938969709606
0.015566861568835938,0.010207955913780237,0.00800581452111565,0.007561047047720287,0.0431148939226107
0.01717915403493575,0.009507310936501034,0.010249747365381812,0.006929406669553939,0.03474557394637978
0.017752179106595906,0.012229016120066688,0.009556136387827763,0.008196042718768143,0.03423026744944557
0.017547481420313787,0.012111202862647968,0.010918432883750856,0.0066290485365629315,0.028372072717491204
0.01820075594880169,0.015043810669186558,0.012230478481230184,0.005970277467571505,0.033437246974221235
0.020000449448302204,0.01624755612485676,0.011371042045888735,0.00862940740241347,0.03692858443443292
0.022108989355838382,0.01566614813635306,0.013424627331855371,0.008684362023983011,0.05341294489560178
0.01698224130089962,0.013255243863210364,0.00791986955508972,0.0090623717458099,0.03615655486921976
0.016194417465478672,0.009744098644482946,0.008551159157130228,0.007643258308348444,0.03821414137125956
0.01959519393597292,0.011266372527561158,0.012982823965809215,0.006612369970163706,0.03250930988659917
0.015556375096389213,0.010415618958214579,0.006671807422804876,0.008884567673584337,0.04298046729909122
0.015459838029466932,0.012847060354080148,0.009182666767853093,0.00627717126161384,0.03314820549178221
0.017680943871605043,0.011565312940497424,0.011620808683973888,0.006060135187631155,0.033598082928911754
0.01921992831083741,0.011721284448557162,0.013199740472467691,0.006020187838369717,0.028361368364160366
0.017060353056052302,0.010938374274523543,0.012452412037697314,0.0046079410183549885,0.0418584360173182
0.018907880804719418,0.01304103550359792,0.010134624111329565,0.008773256693389853,0.044055510226617245
0.017079806529625152,0.011314562100535525,0.00979227845914668,0.007287528070478472,0.041983309454128204
0.02085447634967061,0.015521461405289205,0.010904821602690323,0.009949654746980285,0.034696544709054145
0.01791312136139725,0.014671235810666122,0.009988512237387837,0.007924609124009413,0.04151817477461295
0.0192438610453243,0.014929093994803105,0.008562415502478632,0.010681445542845669,0.036209098067877754
0.0198272214022521,0.014687212938784333,0.010352266041883856,0.009474955360368242,0.0533555400487582
0.022571834864456103,0.014558833487574196,0.01585671399228042,0.006715120872175684,0.03959062128780244
0.021494370522006145,0.009403084121610283,0.013429763685649104,0.008064606836357041,0.03814928541941065
0.02025308372622689,0.014261236044741998,0.013952597354221496,0.006300486372005393,0.03345444513385909
0.017415777011589723,0.013033273792215333,0.010000830806297434,0.007414946205292289,0.02955551021468883
0.02264821577572851,0.01289539558522343,0.014130752809354052,0.008517462966374456,0.049444084761037344
0.019572900293343187,0.014607090295645886,0.010131854269495255,0.009441046023847932,0.03723838926988532
0.01680543885111907,0.008730098104477474,0.011010836234272209,0.005794602616846861,0.0466783964049402
0.016589861751152013,0.011537001897533178,0.010268365410680408,0.006321496340471605,0.03695666520618035
0.021275406390447837,0.013605974554479788,0.011146390000670775,0.010129016389777062,0.039768017598075356
0.012753356918085323,0.009039735746535577,0.008756327815022585,0.003997029103062738,0.04145876776946045
0.022256946531241856,0.01398321213213935,0.012741150309513782,0.009515796221728073,0.04137050408288867
0.015520630817521308,0.015488047267869343,0.008841003138881975,0.006679627678639333,0.024590798485913612
0.014747836748166848,0.010338811213543048,0.009619692075542918,0.00512814467262393,0.02582989998725338
0.02166045825506488,0.011875577063898884,0.012130281129612563,0.009530177125452316,0.04213769146690227
0.015824488344929194,0.008866995073891631,0.008420090396627916,0.007404397948301278,0.036373283948573865
0.01739788199697434,0.011551761400475508,0.007769613140263726,0.009628268856710614,0.04767760651051722
0.020994845576834398,0.013640363743033124,0.011628881532078944,0.009365964044755454,0.03775782376644643
0.012653938604572396,0.00907483295742137,0.006469921746772966,0.006184016857799429,0.03267841740938138
0.02093587088852586,0.012184843345160928,0.011196320614340921,0.009739550274184938,0.044037006562779424
0.017634938590820992,0.011696024563671692,0.010423400129282528,0.007211538461538464,0.035021431344860354
0.01586302027108069,0.01190476190476189,0.009046019751309392,0.006817000519771299,0.03683221622088784
0.010704288892762315,0.005618726353672193,0.007833406814243687,0.0028708820785186273,0.03557913269481083
0.01720427934981361,0.010910523604109629,0.010223564710517524,0.006980714639296087,0.032502026973989406
0.02013691838693682,0.017331040811805754,0.011202413476651074,0.008934504910285745,0.04110659192414312
0.016485611863538807,0.008749468821164341,0.008771260773396378,0.0077143510901424295,0.040056208821276695
0.019258013614217778,0.010112760737609583,0.012750371453910975,0.0065076421603068035,0.03398210993917328
0.020043842514216287,0.011351304423318997,0.013120197942440431,0.0069236445717758555,0.03853518475245854
0.015829046299960403,0.011384737146509977,0.009497427779976253,0.00633161851998415,0.04894869701196425
0.020881693354841246,0.012186725419994493,0.01242278789786358,0.008458905456977667,0.05007527114801358
0.021090812760451133,0.01326581556237072,0.012705431648445675,0.008385381112005458,0.05184659737450892
0.01437588103069476,0.010070736446414263,0.008432495586909255,0.005943385443785504,0.040757449605346996
0.009176695558188314,0.010881087485190455,0.005009249443994085,0.004167446114194229,0.035343309490286745
0.019553011600725284,0.011513337557075148,0.01078146505581895,0.008771546544906333,0.05009090819574746
0.01627431685716446,0.010240384095504818,0.009732149615580082,0.006542167241584379,0.02837604880341682
0.01977104698306706,0.012473169568328168,0.013069401383257795,0.006701645599809264,0.031175591530114843
0.020555458055458026,0.013425763425763404,0.00862144612144608,0.011934011934011945,0.04000698784282186
0.020021278653641505,0.010929490279524084,0.010875756305681772,0.009145522347959734,0.04216125902480805
0.01861765964330067,0.01115598551495986,0.012450038091063736,0.006167621552236935,0.042674318385369614
0.014537168002514533,0.010933746435868086,0.010024471834938542,0.004512696167575991,0.02795296908810052
0.015632923952108996,0.012424756906930068,0.009536304103366922,0.006096619848742074,0.02911919307686328
0.021541950113378644,0.014605842336934738,0.013005202080832307,0.008536748032546337,0.03361780459537611
0.011057955325860486,0.0059480159700154855,0.00803156755246709,0.0030263877733933964,0.027658190031019103
0.01241688696627416,0.011661574026390203,0.005596182236412978,0.006820704729861182,0.03798183577066416
0.01889549588030978,0.010004159032406701,0.012151119004529948,0.006744376875779834,0.035288025811970325
0.0156599315540204,0.006516142020109944,0.011962153399518977,0.0036977781545014243,0.03663014043705526
0.016713994191131204,0.008626925942321617,0.008292214172344159,0.008421780018787045,0.04365470705765606
0.020235378256433956,0.012494609858962336,0.01387238249492534,0.006362995761508616,0.036163239539759306
0.02700554266984631,0.016410222904620325,0.016911132163819065,0.010094410506027246,0.04651622713169434
0.015157912079990954,0.010441659544232873,0.009319232630700947,0.005838679449290007,0.031037339423877985
0.016201659897580822,0.013895020307257644,0.008774059685678931,0.007427600211901891,0.04345474755754519
0.02084011380696918,0.012745540635597269,0.011559176474293748,0.009280937332675432,0.04133897924679786
0.017658484901995425,0.009480399081758822,0.011069662722938411,0.006588822179057013,0.0443994874043685
0.020080488771190896,0.011843943532748147,0.014210647037971591,0.005869841733219305,0.04719775002666782
0.018946109086954155,0.011354614171515537,0.011789656860079378,0.0071564522268747766,0.03690163573768723
0.014410059966707495,0.008724253424520184,0.010338741701931387,0.004071318264776108,0.036521169844977996
0.019840162627551033,0.012944435586734693,0.012007732780612262,0.007832429846938771,0.04873390056470961
0.017244281716221666,0.013824884792626724,0.0097636933695264,0.007480588346695266,0.039111308628936636
0.02001321731468228,0.012732679810551817,0.0129199251018835,0.00709329221279878,0.033758388445370935
0.016093522279760603,0.009457657601786046,0.00845504253361859,0.007638479746142013,0.04514561072737344
0.015444310019727792,0.014343480582894697,0.009951062136917044,0.005493247882810748,0.028032694685909854
0.017461530066572084,0.010618792971734153,0.00920004365382518,0.008261486412746905,0.04811278231331495
0.017428146624484386,0.013325433467854642,0.008004203324650988,0.009423943299833398,0.037027436418588744
0.016299605598408512,0.010854769467034342,0.010133445022279697,0.006166160576128815,0.03471820412348481
0.017592601879620057,0.011955747685579915,0.008254681497678024,0.009337920381942033,0.04172645874361536
0.025715711535915453,0.014808176068602352,0.01631547322001442,0.009400238315901033,0.03951221183057918
0.016412855814777083,0.007614325556686868,0.009849926955597915,0.006562928859179168,0.03662373019483289
0.019705556641261168,0.009261068768592673,0.010933055392699675,0.008772501248561493,0.03301087461713714
0.019511672735061075,0.01008781323623903,0.010751766973656096,0.008759905761404979,0.03707802345806299
0.0199474438604873,0.010304912478825479,0.015061025930591165,0.004886417929896136,0.03790146990917043
0.0166120106579217,0.011108833777413424,0.01055544168887071,0.0060565689690509905,0.03637356189346597
0.017844666008628385,0.013530449055641186,0.010835449776525757,0.0070092162321026275,0.031325476349840176
0.01908183632734528,0.010881094952951198,0.011360136869118881,0.0077216994582264,0.04744712931092876
0.014107105016195998,0.009324009324009369,0.008425917516826698,0.0056811874993693,0.033216375859585034
0.024422101394246803,0.011492157994390628,0.015410629486751093,0.00901147190749571,0.054516162196412754
0.027732041969330073,0.016486413774549374,0.013957492601560373,0.0137745493677697,0.05174002875605699
0.021575769672172063,0.01333266803053737,0.012095204830098322,0.009480564842073741,0.05548338615644244
0.017464619090635375,0.009528111154127439,0.011399320342409813,0.006065298748225562,0.04633031707140722
0.016086122625750154,0.009672296809585673,0.008321474973705417,0.007764647652044737,0.037621200022555645
0.027476545686286824,0.01571282308447733,0.017384400008357864,0.01009214567792896,0.061398207104402136
0.019021445747656712,0.010541296559846924,0.011611130195809033,0.007410315551847679,0.04642976924723041
0.01572010079472763,0.014838146927699164,0.005689087032370588,0.010031013762357044,0.03847345846637984
0.015950222671425374,0.00967541560068641,0.008454144425844606,0.007496078245580767,0.04267081612148205
0.01816962865324301,0.011988091450388622,0.012169901368119629,0.00599972728512338,0.042949207395397315
0.01536141269064431,0.008929195673235385,0.00917889353881804,0.006182519151826271,0.03853909512272613
0.011433115756424,0.00964636866892507,0.006950756010906334,0.004482359745517667,0.03314076310386915
0.01572107178843901,0.008893869913014857,0.011186740422381741,0.00453433136605727,0.04130749740090489
0.02536973230850778,0.012244897959183682,0.017195865359130702,0.008173866949377079,0.048718020782950955
0.017545904366344928,0.013180618980515146,0.007098886428412499,0.010447017937932429,0.03908076759160073
0.014052555296489938,0.011059298002394552,0.008381120423467142,0.005671434873022796,0.01930837098555127
0.017959778422823813,0.015288362572423081,0.010304032565831261,0.007655745856992552,0.03917999715610243
0.015148003059734377,0.013386337822489047,0.0083563199740386,0.006791683085695777,0.034673452184306064
0.015518133859048211,0.009702963754309069,0.007158826833485649,0.008359307025562562,0.029735814364954205
0.01803081517118385,0.012348879165543364,0.009424963191837887,0.008605851979345963,0.03589426152983621
0.016820565690976758,0.013525931238513617,0.00850553588237929,0.008315029808597468,0.03115918208606272
0.021254163135801946,0.013883688390516902,0.012021362552470272,0.009232800583331674,0.04837948585399787
0.01675251481729384,0.0113882179475987,0.008963128946832377,0.007789385870461463,0.04391180566592279
0.017912612427348373,0.009740997694630549,0.012392713733724414,0.005519898693623959,0.03671312031466767
0.01652534848619369,0.011031696706028549,0.01074314125898962,0.0057822072272040725,0.04658669357552114
0.01129009140122822,0.009713447777814493,0.0061522177752786344,0.005137873625949585,0.02016265816727869
0.02580966927464856,0.01727917874546725,0.015117982606527192,0.01069168666812137,0.05424390295648629
0.02595015469625883,0.017399047847381638,0.013574453996415159,0.012375700699843672,0.046306760266326075
0.01644170017231472,0.010944038729794076,0.007138754410437348,0.009302945761877374,0.03941783475816063
0.02025864748917114,0.015222482435597123,0.011004953265217277,0.009253694223953862,0.04828065601818554
0.019396856859691364,0.01322620227476523,0.010264760016989977,0.009132096842701387,0.03684458085194453
0.012339493255523776,0.006100975566624395,0.007240610294045352,0.005098882961478424,0.03742672474547126
0.017020795660036198,0.01233047016274863,0.009708408679927671,0.007312386980108526,0.03341229575059568
0.01649917999405634,0.010368397301134785,0.012217538221082402,0.0042816417729739376,0.026246415795303624
0.01908277053557403,0.009928425587291595,0.014191478381834877,0.004891292153739152,0.0369398089936418
0.030267729409360372,0.01805640711220116,0.018097281831187473,0.0121704475781729,0.05102157264849572
0.01738606485539007,0.009520157756354092,0.012401402278702928,0.004984662576687143,0.04085697854845771
0.023820670590333493,0.013688246834314244,0.015248796147672522,0.00857187444266097,0.05391077533733779
0.02197469776687816,0.014260865807413536,0.013699074124091215,0.008275623642786945,0.038665858848528134
0.017392295182158096,0.011249572702694277,0.009498948589659911,0.007893346592498185,0.028029736973408492
0.020168539890117604,0.011922339068510757,0.011249384799268791,0.008919155090848813,0.039092368316387294
0.021710962305021675,0.014539915530014547,0.012057249681012044,0.00965371262400963,0.04221870433660624
0.01957928802588993,0.013904299583911178,0.014389736477115056,0.005189551548774873,0.037997477886495434
0.027214306245637088,0.020521085697860625,0.01421796082618157,0.012996345419455518,0.042863508324700206
0.014465957323100215,0.011163439734868358,0.00791906506192222,0.0065468922611779945,0.02854214820266665
0.023203191292219733,0.013937520116259788,0.01335231983146229,0.009850871460757443,0.03678729262262703
0.024704383069402147,0.016117912505745263,0.013297538962938227,0.01140684410646392,0.057268324733518505
0.016260073820079907,0.011771900321051826,0.011739139930547982,0.004520933889531925,0.05386985654687115
0.022669125959421638,0.012970785982031302,0.013813688740802438,0.0088554372186192,0.06836519402672825
0.01778605035934025,0.009420402254278482,0.01141616255622771,0.0063698878031125394,0.03746698710467544
0.024118599191758905,0.014439001382799632,0.014406843250544005,0.0097117559412149,0.043972573156246586
0.018256537459009514,0.012896241486588772,0.010384259648532707,0.007872277810476808,0.04274639853778717
0.020776292478660002,0.012780986126130323,0.013678301083680372,0.00709799139497963,0.047423553779729066
0.014228309004428424,0.008036739380023,0.007821469575200884,0.00640683942922754,0.03613009589391902
0.017224318851251835,0.011241255522827731,0.010401325478645085,0.00682299337260675,0.044420968272758654
0.01565344447638209,0.009725016767270306,0.010419660822075294,0.005233783654306795,0.030583890734321106
0.019084527639660703,0.014436134207997275,0.00924455772364513,0.009839969916015573,0.03959556712596024
0.019435873522962915,0.012223071046600475,0.010030458464377473,0.009405415058585442,0.04412522835625754
0.02586232318565629,0.01499051419921163,0.016140606108265898,0.00972171707739039,0.056151987250249946
0.012091747693841859,0.012569600265935343,0.007105459985041113,0.004986287708800746,0.028788512734820082
0.017129350128419013,0.012964687343313547,0.010038167548374582,0.007091182580044431,0.037796976768863066
0.01784600997506236,0.010587370858567896,0.011589330245814072,0.006256679729248288,0.042650793838800216
0.013268525958881283,0.009730905669991963,0.006918448542814065,0.006350077416067218,0.028442129499473445
0.01906147133124092,0.011493750068350128,0.01281700768801744,0.00624446364322348,0.048506016407161234
0.019132559815358274,0.012720228086848445,0.013137969567533103,0.005994590247825171,0.043766413913626234
0.020695827273744277,0.012663608904799173,0.011287616064436734,0.009408211209307543,0.04306932922033546
0.01814630526821176,0.013399677011042693,0.009133167474139003,0.009013137794072756,0.0353253909216138
0.019751355586252434,0.013442467476238618,0.013112590973754251,0.0066387646124981825,0.04886034877854872
0.022642669307742225,0.012294662067552337,0.013489976435231033,0.009152692872511192,0.059919747620964414
0.02245910977296775,0.008881345686618747,0.01401950641107616,0.00843960336189159,0.045936313343520885
0.025858258435243836,0.01584962849144375,0.01411311540971183,0.011745143025532007,0.05998387970104657
0.015459941288649831,0.010274486275686168,0.009642375024105948,0.005817566264543883,0.027202875213369948
0.020172499821797696,0.01124201908292008,0.012596356526786312,0.007576143295011384,0.041841424076842215
0.029560534076015693,0.01960804390563567,0.014242709698558287,0.015317824377457406,0.05590300790987579
0.019630484988452657,0.010326624876278473,0.011415374463873307,0.00821511052457935,0.03485141092532573
0.02362167356769132,0.017618375312918905,0.01418961405673469,0.00943205951095663,0.04131565506290258
0.01931602279924005,0.00964670225278208,0.012960282276305135,0.006355740522934916,0.044141511910024245
0.02348929521557369,0.008772855876018781,0.014294159875005319,0.009195135340568372,0.053150579487246885
0.014552510308028122,0.008338819398727215,0.007518796992481203,0.007033713315546919,0.016424524445133537
0.018910057097631217,0.01199427139276757,0.010185237529914959,0.008724819567716258,0.045778126774483674
0.017910050670568806,0.012976019155651802,0.011597392702954373,0.006312657967614432,0.040119355480043306
0.01614469670136312,0.009026405091349526,0.01190571405719773,0.00423898264416539,0.02288826312195047
0.024605534432207865,0.0175916620909006,0.014328191208313051,0.010277343223894814,0.04374353132925335
0.016502389486260455,0.010229988052568667,0.009131251066734958,0.007371138419525497,0.03844581937728331
0.017069529517662302,0.008419504270126665,0.010022173922588834,0.007047355595073468,0.03912894171444825
0.025861070454569424,0.01725826322273591,0.01675283513567591,0.009108235318893515,0.04455208392779686
0.01944709017035795,0.013575588054447002,0.013020990318652531,0.006426099851705419,0.032113800596290876
0.018071666356512195,0.013181564419080749,0.009769865392965704,0.00830180096354649,0.02773017701001601
0.018076004775169158,0.012445284520493455,0.009351372861122198,0.00872463191404696,0.04534328903079976
0.01667240390131952,0.012266207687894437,0.01174985656913366,0.0049225473321858615,0.034903092579160244
0.023280505203552376,0.016091750627633572,0.014200555193045722,0.009079950010506654,0.039545391282330034
0.019384299020200835,0.01447522277327526,0.010392726099754002,0.008991572920446833,0.04391967640533867
0.023332952075946434,0.015316149023114567,0.013132583989269336,0.010200368086677097,0.040067721396316314
0.020151848435393444,0.014201579304822104,0.01112000892033535,0.009031839515058093,0.045569528027186945
0.01820772285669406,0.008268078709416815,0.012183356144405272,0.006024366712288787,0.04875792219797581
0.01403865932924056,0.007422251911229888,0.008503780046866277,0.005534879282374283,0.036447755190867626
0.02069395251213435,0.015381083562901743,0.011139533866806633,0.009554418645327717,0.038712197167398044
0.01564312623333139,0.008802248400406665,0.011624708485319657,0.004018417748011732,0.030437647068147
0.017561983471074405,0.008264462809917383,0.010067043346264126,0.007494940124810279,0.041133834652790524
0.01497059535206674,0.009720892554679977,0.009657769875753536,0.005312825476313204,0.04536856560900615
0.02079002079002079,0.012361357188943406,0.01255594359042636,0.00823407719959443,0.04781385363836721
0.015134290180474713,0.011277127022473077,0.00933839501410913,0.005795895166365583,0.035428066893314014
0.014468896205163673,0.009220981756070945,0.008193677748347616,0.006275218456816056,0.029246320524195735
0.017290143550883236,0.013469235284700398,0.007481722610598263,0.009808420940284973,0.046709438248424884
0.01485337184578972,0.010751394070686399,0.007973281983391478,0.006880089862398242,0.03995847101898453
0.019435983727022987,0.010681803659289862,0.011065198406781829,0.008370785320241159,0.04143649950524153
0.011353020025183763,0.010347698931719357,0.006295950282302232,0.0050570697428815314,0.025358816070705337
0.01458933915006963,0.014972980675428349,0.009722572371233473,0.004866766778836157,0.027219168335214317
0.01976865769180497,0.014736635733890974,0.009955125691630734,0.009813532000174235,0.03242695985644817
0.022983838219767766,0.015314824053555526,0.012936385469480588,0.010047452750287178,0.05128682573158172
0.01936181499163503,0.010027747174276735,0.012261802750234613,0.007100012241400416,0.04378535451967236
0.014298812434509256,0.01027113168005589,0.008208173244848016,0.00609063918966124,0.03463408475056018
0.01597036036226218,0.011178196710929067,0.008497118368553297,0.0074732419937088845,0.03824566309945687
0.015759778942834035,0.01634814402336654,0.005074648819592548,0.010685130123241487,0.026778507240240335
0.014087360832657908,0.011399991468668658,0.006718423409973084,0.007368937422684824,0.033142702912085875
0.019036364719667936,0.01303846994101407,0.010982900041707183,0.008053464677960753,0.033040636058958794
0.023376064875491542,0.014109600262123212,0.01401744757536047,0.009358617300131072,0.047780446667733845
0.01668252874317666,0.00829203723759206,0.012634964392373077,0.004047564350803584,0.03403285651731891
0.018894199563344594,0.012403375228654007,0.012568596211718852,0.0063256033516257415,0.04049025495998493
0.024723402874663403,0.017931496923093593,0.01435168662059419,0.010371716254069213,0.04421356662695719
0.014868877086315208,0.012479447355658368,0.008800671879251015,0.006068205207064192,0.032424811519525476
0.01671949712566484,0.013356256379949527,0.011475850212217281,0.005243646913447558,0.041843027796782506
0.015651520156743037,0.01099251597616957,0.010992515976169598,0.0046590041805734395,0.035698833980943534
0.01823180592991913,0.00871159029649593,0.012851752021563329,0.005380053908355803,0.03178340601428997
0.01636254938656681,0.00857766687461009,0.009175504262840473,0.007187045123726338,0.048729846608983274
0.01545316948739936,0.006710485928089871,0.010362091046687644,0.005091078440711716,0.03813034612338562
0.021173434475747377,0.012610217208547603,0.009521202760562286,0.01165223171518509,0.05772589653101079
0.023193374501745162,0.01516966480100787,0.013290237303537872,0.00990313719820729,0.0435666896162884
0.012560622819705602,0.0077320684080659785,0.007487450012762659,0.005073172806942944,0.03481272242581057
0.018366512931286078,0.009072333469554522,0.011547667698055875,0.006818845233230203,0.045894532269248
0.015918398887257573,0.01430668859770165,0.0090299932661419,0.006888405621115673,0.029109965238053648
0.030327581676447363,0.01864544100902163,0.017988525882456002,0.01233905579399136,0.06559273593908066
0.02509860955025231,0.013045106983098659,0.014268085762764171,0.010830523787488139,0.05778156273723978
0.019855555307112666,0.01030789526641776,0.01178364599870313,0.008071909308409536,0.03580313854875783
0.018368089864267495,0.01566384107337876,0.01088980186177127,0.007478288002496225,0.052359693834409526
0.01508209458301435,0.012545560494052838,0.009403457455924857,0.005678637127089492,0.0199848004206008
0.018794022033592178,0.011095810005418122,0.010373397146469177,0.008420624887123002,0.041776019876539894
0.020590013684243985,0.014957196957642471,0.01098982698448056,0.009600186699763424,0.04418106216994133
0.013705552972568646,0.010936141826194179,0.00697406456568761,0.0067314884068810366,0.024011879129759994
0.017533992461468667,0.013666054901032093,0.0092356876443076,0.008298304817161067,0.031359027541576934
0.01851851851851849,0.012832821300563207,0.010678016726403783,0.007840501792114707,0.036104278565145975
0.01530720714336331,0.009728985492574144,0.00891908035271366,0.006388126790649651,0.02970636470246535
0.01888834436004244,0.01246630727762807,0.010853140570121655,0.008035203789920786,0.049756558130301
0.02702733892652301,0.01847599044464704,0.014171465500328911,0.012855873426194098,0.05348810681115801
0.01590395742442527,0.010117887310869822,0.010953309198923261,0.004950648225502008,0.04248881375135083
0.014179779744432908,0.00867339056741187,0.008231996645406192,0.0059477830990267155,0.03563818976576183
0.016947496947496976,0.010363858363858364,0.009924297924297942,0.007023199023199034,0.04146986416397558
0.021619870847588013,0.014625802141743777,0.013279621044960471,0.008340249802627542,0.04731294063466707
0.020315490155798976,0.012076850720610682,0.013136413272642838,0.007179076883156138,0.04388585410265178
0.02321478409951755,0.01640684183246277,0.013655755352657312,0.009559028746860238,0.04500084366292467
0.01478796827634038,0.007125518753425708,0.009720684139288782,0.0050672841370515975,0.03567080211447271
0.02063584658013709,0.013104439675826585,0.012979437071605676,0.007656409508531414,0.04881688800499462
0.01893763912272181,0.015287962847877451,0.010779539214246181,0.00815809990847563,0.032740504352357314
0.02076768531246695,0.012477529872052445,0.010193507454795386,0.010574177857671563,0.042339952417472904
0.01566939209265003,0.012307792404953471,0.008978724327137894,0.006690667765512137,0.04039368156580181
0.01727075899121927,0.008780722505112054,0.009332023575638476,0.007938735415580794,0.03922297800891128
0.018598884066956034,0.011635373306173064,0.012366043751660644,0.00623284031529539,0.046458761689852746
0.022949334173823943,0.014035536994720627,0.013483965014577187,0.009465369159246756,0.04593558243847118
0.01831299806402234,0.013079104947998743,0.01073792265093873,0.0075750754130836095,0.037927894641442084
0.019729283729868596,0.011363398993169405,0.009838531113571303,0.009890752616297294,0.0387549729190626
0.017378792362719775,0.010766075127815244,0.008010776279938403,0.009368016082781372,0.04957623444676895
0.012053413958175857,0.009755605946082158,0.006853111615016366,0.005200302343159491,0.03142583634142415
0.019516184287592997,0.012111969410646628,0.008984517455160351,0.010531666832432646,0.03175140176927049
0.015148790793850564,0.012609008361053664,0.0082374359435404,0.006911354850310164,0.03430000790771259
0.018405572587721686,0.011624001993305128,0.014169799261177146,0.00423577332654454,0.03459701446396757
0.019183993323766774,0.011408624146388602,0.011021891124477073,0.0081621021992897,0.042000280469246976
0.01977010982156782,0.009734690695239578,0.013878060190238573,0.005892049631329249,0.04127765241410164
0.01607594428611575,0.012222534419780912,0.008499578533295943,0.007576365752819808,0.03467234885323123
0.014809409340659274,0.011471926510988967,0.006835937499999917,0.007973471840659357,0.03765763080516982
0.02352222391935238,0.014379541338453788,0.015295991621026017,0.008226232298326364,0.06119425597141015
0.01401023870609236,0.010073184284886627,0.009482034972393305,0.004528203733699054,0.025174738880219927
0.017064164203128784,0.014181561865485554,0.007437955666838442,0.009626208536290343,0.03436055169468166
0.012865301340920038,0.01146371566638077,0.007656423237035304,0.005208878103884734,0.022907785022413085
0.02287228711735695,0.017950402547799116,0.01376346001803952,0.00910882709931743,0.037192358152314586
0.020401908848124067,0.01054025655619284,0.014568101221487745,0.005833807626636323,0.03664469149868188
0.022648494026585864,0.01042122384878566,0.013741656851197492,0.008906837175388371,0.05336153570268265
0.01594303846451514,0.011233097836301942,0.007109135736950878,0.008833902727564263,0.03259172542299804
0.02125526582413481,0.013256545619367566,0.012275369274249437,0.008979896549885374,0.05375469985584547
0.02240041837357279,0.014839187657979647,0.013695197420029642,0.008705220953543147,0.042777619187112426
0.02167437929648447,0.014882455399012645,0.00932730064827314,0.01234707864821133,0.04389410918827796
0.026983789475815895,0.018195073053673988,0.01672691190020556,0.010256877575610335,0.05573895192280254
0.02124277931843349,0.015553923556685778,0.010840613387993137,0.010402165930440355,0.03468955762318182
0.02394131724066173,0.011039433981895747,0.013151597128290532,0.010789720112371198,0.04977195808769641
0.017268718101184327,0.01090134284723257,0.007569000545067178,0.009699717556117149,0.04357904693009895
0.013981173864894808,0.011766334440753062,0.007581565721100608,0.0063996081437942,0.03879324166921405
0.014639142134222294,0.014187316759709245,0.005913892124181752,0.008725250010040542,0.03032867143341833
0.02588923908149482,0.012714135631740342,0.013743273085911584,0.012145965995583236,0.054813120700037965
0.01844590005914956,0.007262251626612953,0.013527723618200593,0.004918176440948968,0.0563956731826738
0.01883126587953965,0.010568567585455935,0.012383372120332248,0.0064478937592074015,0.044189537941285884
0.012404995885172077,0.00578496393474362,0.0060391150699520835,0.006365880815219993,0.02986897842546188
0.012303335431088747,0.0065449968533668745,0.007363121460037758,0.0049402139710509885,0.03162369921297303
0.015048866544171507,0.010551115419733748,0.009277316229103466,0.005771550315068041,0.026982363737288795
0.024008850086706945,0.013195399549522618,0.011620721959775954,0.012388128126930992,0.0567069902516566
0.019056565792122393,0.011328815227359179,0.008823726766422846,0.010232839025699547,0.040284680644264936
0.018680479825518043,0.011363140676117794,0.009825517993456961,0.008854961832061081,0.031319842059711056
0.018066127731555193,0.008959304498337872,0.012312897071261347,0.0057532306602938454,0.0487541749986663
0.0168774559275085,0.013237851882072493,0.010521569216894594,0.006355886710613906,0.034596822662323
0.023319841383986323,0.014700745824001937,0.015163033428530315,0.008156807955456008,0.05223589467801537
0.023440571014792577,0.015402917140788258,0.013375400848246621,0.010065170166545956,0.0321214006205226
0.01793462539774368,0.012045952312079028,0.010475639489235106,0.007458985908508575,0.048885982419386353
0.01592075620688857,0.011159625612560065,0.010300299602852031,0.005620456604036539,0.02674276111500884
0.021416192126764072,0.013335884219766364,0.012334286164442182,0.00908190596232189,0.04571915764231094
0.016112122716989502,0.008045025658003635,0.010152844451801618,0.005959278265187884,0.049072031038338015
0.017317616268639396,0.012969744298694602,0.00852689454299857,0.008790721725640827,0.03170543148912841
0.015196876016921573,0.012886430198503135,0.008417398850200736,0.0067794771667208376,0.03731724076387655
0.024109254596780316,0.011902037079423194,0.016076469498305157,0.00803278509847516,0.05225489608984213
0.018812671035757178,0.009623443637722273,0.012935604721849125,0.0058770663139080526,0.0288759828917039
0.012630694849734558,0.009324963120093899,0.007785159741140718,0.00484553510859384,0.03184232904951034
0.019409222074547733,0.012536369840870698,0.010500856113126705,0.008908365961421028,0.03189352503843368
0.017610177814830513,0.013464591208615512,0.010107008668044731,0.007503169146785782,0.03945701961301429
0.01376990006795828,0.005224986352647593,0.01057252035962164,0.0031973797083366395,0.03432203706399184
0.01825308543884746,0.009958154563271426,0.01228878648233489,0.00596429895651257,0.044636103352600265
0.014164273797228427,0.011213383422805867,0.011338228784800619,0.002826045012427808,0.026883104749702014
0.016761572849571055,0.01122278578170538,0.0081940857371047,0.008567487112466354,0.0305709459973591
0.011640746741519714,0.006439562027223705,0.0064498818381647505,0.005190864903354964,0.04141863886264763
0.011275815285664043,0.005738405105271099,0.005135420330636659,0.006140394955027384,0.038094908331181565
0.022107112090666042,0.016591521877762028,0.011870266157994247,0.010236845932671795,0.033042205237734934
0.021195200443298284,0.015291660450544475,0.012105453847957193,0.009089746595341092,0.04850979370279118
0.019808390745293225,0.012139973899056106,0.011816241261747934,0.007992149483545291,0.040770348744747165
0.014766711222910983,0.007051815052993821,0.009272610539832221,0.005494100683078762,0.04601487147039507
0.024144279856054884,0.01499079420872032,0.015346472508159598,0.008797807347895287,0.04353589743636799
0.018086419066887488,0.01152772991540399,0.011094189446068659,0.0069922296208188295,0.039594741394653576
0.025357170395338413,0.016633070068184624,0.014341892204487644,0.011015278190850769,0.04440893770490717
0.019307412983792377,0.013351341776636244,0.011081835089894632,0.008225577893897745,0.035086560362754704
0.024241544491217903,0.013945627605084748,0.014432946934035656,0.009808597557182247,0.05164023595527156
0.016136104533894552,0.009471191791633776,0.009081430812554137,0.007054673721340415,0.04338828626971003
0.017399543477324586,0.00718161850208876,0.013448038244541077,0.003951505232783509,0.042872123817456975
0.014226526768899628,0.010890503093892945,0.007769706752757621,0.006456820016142006,0.022358197201539864
0.015492926662399847,0.007834742115601062,0.011354858643596477,0.00413806801880337,0.029874444791489263
0.012743370214718469,0.01090799119852337,0.007550081862075481,0.0051932883526429885,0.029356000591866493
0.02362443210499751,0.01106063155533124,0.017589320769532818,0.0060351113354646935,0.05820176594297066
0.01786933388238099,0.012895395585223401,0.011508327824795994,0.006361006057584995,0.023464998053970065
0.014672916242103151,0.012120172042088123,0.008687910932824228,0.0059850053092789235,0.044086491171352105
0.018502707205331065,0.01329654310703876,0.008444398167430256,0.010058309037900809,0.04043146914789719
0.017506256120117497,0.0103035578283103,0.00929169840060931,0.008214557719508186,0.043781069974004105
0.019540431888578874,0.01146723490257237,0.010983941477559794,0.00855649041101908,0.04851374162215549
0.012072744897172388,0.008845268387253108,0.006322769681548351,0.005749975215624037,0.019382724161835507
0.017804253423894828,0.01082284823516308,0.01095646364547373,0.006847789778421098,0.029863012824195567
0.019517370459709082,0.011410155037983732,0.01015904154697675,0.009358328912732333,0.056043777403222195
0.016171936400459497,0.01164782459746494,0.008272373697680552,0.007899562702778945,0.0426418305019719
0.01615646258503403,0.013560090702947863,0.009569160997732473,0.006587301587301558,0.04215598558705269
0.020806976087661133,0.011438608964774527,0.01303834129714243,0.0077686347905187025,0.04478156665089894
0.018487872727088128,0.012325248484725382,0.010183051260444526,0.008304821466643603,0.034251916202933
0.014989710819885205,0.010224195819343668,0.0074515325463013204,0.007538178273583884,0.03653889229689644
0.015481852057727508,0.009799682951433908,0.00893500504395442,0.006546847013773088,0.03543741437183745
0.025399749950648143,0.015847426027066736,0.012634072514312034,0.01276567743633611,0.04815633185289414
0.01736242318171871,0.01181360752570551,0.01014299636045421,0.007219426821264502,0.045355745844723794
0.021292380740410954,0.018176422583277646,0.012548620605598082,0.008743760134812872,0.04285696518457971
0.024959784131596746,0.014062581080379916,0.013855015307975782,0.011104768823620964,0.045991551668591035
0.013040339319556005,0.009351592816532778,0.007794874108834948,0.005245465210721056,0.03561482991685827
0.022391055621349243,0.013569120215178948,0.014392099399827385,0.007998956221521858,0.051606648003547084
0.017006027040234573,0.013563555410761846,0.007894879730683618,0.009111147309550954,0.03473680123372147
0.016751131973580358,0.011101649150500575,0.009377726083163673,0.007373405890416684,0.03474699639460077
0.013132653061224547,0.011010204081632669,0.010193877551020442,0.0029387755102041058,0.030096088921274466
0.023413746421358628,0.013981668479105147,0.013105040058589812,0.010308706362768816,0.050636827137232165
0.015434097483054882,0.012347277986443944,0.008278288650002158,0.007155808833052724,0.0362059346095811
0.019966507793378857,0.011185538236935882,0.011464639958778805,0.008501867834600052,0.03888297419064113
0.02084844089920232,0.010578850829671999,0.012391758733950403,0.008456682165251916,0.050470963630006804
0.014155844155844144,0.010216450216450207,0.006958874458874442,0.007196969696969702,0.03179297415135485
0.024454148471615755,0.014041853343163407,0.013917087279532697,0.010537061192083058,0.04940513764917431
0.016772105340591453,0.010128903022826818,0.009959144871606262,0.006812960468985191,0.03411562878250651
0.018177293418637663,0.009363431806634265,0.012329037007849486,0.005848256410788177,0.0386544792508412
0.01672233477522861,0.016886601325083545,0.005639818211684883,0.011082516563543726,0.030997710194452854
0.019243537414966067,0.01424761904761912,0.009393197278911608,0.009850340136054458,0.045496849812266316
0.019888219496261822,0.011198788871722015,0.012235713767251799,0.007652505729010023,0.054041335933413204
0.018832329016435306,0.009865610191874458,0.012085095049439054,0.006747233966996252,0.03882183806868256
0.018209973341696717,0.014015210914223003,0.00857574094401753,0.009634232397679188,0.037645195109137
0.01659568218534288,0.012514948702347706,0.010458846484694612,0.006136835700648269,0.030627842087296298
0.02224262109871486,0.013759154276030416,0.01219561401739061,0.01004700708132425,0.04684991704959374
0.01702500899604173,0.011008906081324238,0.010289222741993564,0.006735786254048165,0.031670006327497724
0.017703946342224275,0.009938275731443763,0.011431245404104562,0.006272700938119713,0.038353730742043624
0.017225253312548733,0.012704598597038236,0.008985636343391612,0.00823961696915712,0.04162377739677148
0.015570418130202573,0.011249578982822472,0.008641678294760119,0.0069287398354424545,0.040571949461768786
0.02061824518286484,0.01458486518064886,0.012308498101348736,0.008309747081516106,0.03873450358000685
0.016599779219841293,0.012081007747939243,0.008810572687224683,0.0077892065326166104,0.026599480574614365
0.015155134983536017,0.0131815396121365,0.006782935671178214,0.008372199312357803,0.0424478681820577
0.016975195726933484,0.01083945687735835,0.010358632367851645,0.00661656335908184,0.04424934713013651
0.019929090826972584,0.011810667991508955,0.01191228941782213,0.008016801409150454,0.030561179101844305
0.0279541255045265,0.01655776119248914,0.015081601684679896,0.012872523819846604,0.054897242425312465
0.01910737202338511,0.009217575523008253,0.01269071723941248,0.006416654783972631,0.04594245112904871
0.013736885802702076,0.008475033156141148,0.007148787509569432,0.006588098293132644,0.04148910506968495
0.02016250028853031,0.012879994460217425,0.013272395725134417,0.0068901045633958935,0.04111223983618573
0.014669721986795226,0.011750426384572799,0.006832616588714202,0.007837105398081023,0.032639208843487144
0.014224751066856334,0.009272826447341703,0.010663215649365232,0.003561535417491102,0.03612477796252911
0.019068133827102846,0.008945151261128409,0.013751976316040776,0.00531615751106207,0.03832603588916861
0.02249389306070748,0.010698452908712575,0.016533972677101244,0.0059599203836062375,0.04244392595742552
0.018321700507614197,0.01551169325598259,0.010140953589557605,0.008180746918056592,0.04485333796482194
0.021988693510907625,0.011237124128602616,0.014497277425172539,0.0074914160857350864,0.053056009191440934
0.01306370363228801,0.010520860951095445,0.0058690255248378675,0.007194678107450142,0.026923780566030953
0.017309224945208257,0.012340605698346274,0.009202530384538804,0.008106694560669453,0.03668133016461517
0.02280940483626301,0.01394217899527081,0.01290488087802269,0.009904523958240319,0.04622956117777821
0.016319193145471977,0.01064599724511478,0.010879462096981346,0.005439731048490631,0.036487158040690804
0.020015596568754873,0.01329421812915449,0.013814103754316909,0.006201492814437964,0.036959219596867876
0.014595344085236772,0.009872707749085108,0.006974489423588165,0.007620854661648607,0.04326029369792861
0.022380835753355977,0.012257560383938076,0.012000979671809964,0.010379856081546013,0.051206318989471256
0.014766385596154591,0.012729642755305692,0.0058149008106236355,0.008951484785530955,0.03513332943595815
0.022458902523732366,0.01395825753315913,0.015744385274369055,0.006714517249363311,0.056957977881920585
0.011440729483282702,0.010832826747720375,0.006772036474164134,0.0046686930091185685,0.025345991244486665
0.01223540311373389,0.005145918511208242,0.008318060059213317,0.003917343054520572,0.03160983608196399
0.013404051258940786,0.009475277614078847,0.007314452109404734,0.006089599149536051,0.021399783038566822
0.01673195532588767,0.01300216702783799,0.007803383897316274,0.008928571428571397,0.030326830773910962
0.018711269536605374,0.011132437619961605,0.009739511927611744,0.00897175760899363,0.04466863694430767
0.01115134116033939,0.009105321792784338,0.006812923129659809,0.0043384180306795805,0.02631160750758743
0.02086618311783875,0.01590455166614102,0.010553978765899308,0.010312204351939441,0.03007105422672629
0.016694364707659726,0.01001446053568733,0.010521658429197306,0.00617270627846242,0.04188324527817533
0.01999935933712743,0.011809552283429198,0.013037489455756834,0.006961869881370597,0.042047681451564234
0.01215125772024897,0.011488676968219758,0.0072765564731772925,0.004874701247071678,0.03007197417447771
0.016386865167352938,0.010759159539647345,0.012026185196916922,0.0043606799704360155,0.03356075948512882
0.02103625541125545,0.01220914502164508,0.012682629870129913,0.008353625541125537,0.05709913086295293
0.016029554491092918,0.009371445268881146,0.007983469521930991,0.008046084969161926,0.03994824111066608
0.018874527290173276,0.014031720945984066,0.009798498617147378,0.009076028673025899,0.03663431445918064
0.015313836450818574,0.008520886431379326,0.010313620458767103,0.005000215992051471,0.04306997124375689
0.016105193415218433,0.008694765812140126,0.008419550481626903,0.00768564293359153,0.042883265321393194
0.02599750355098354,0.016797228080747212,0.012288555072526103,0.013708948478457439,0.04851499509572921
0.01806659505907629,0.012105263157894758,0.01323308270676693,0.00483351235230936,0.03223917992082315
0.01918382314421918,0.011053486301011078,0.012216459741212243,0.006967363403006938,0.04745915109499799
0.021017722481569856,0.013349950360152935,0.012990853594136098,0.008026868887433758,0.044599987712902744
0.01784499054820418,0.011018093437753174,0.012962462867944946,0.0048825276802592354,0.041564366013218335
0.020115922263893665,0.011757201148224317,0.011240280237123729,0.008875642026769937,0.046479852044181036
0.014199595441709512,0.009192685906551035,0.010364302737778108,0.0038352927039314033,0.03284891712150917
0.018862690707350888,0.011618478608769828,0.010092819801557629,0.008769870905793259,0.04802726223894438
0.019072810803285517,0.009397187804538493,0.012231260317018322,0.006841550486267195,0.040569562755609745
0.015616619475870397,0.013645832034027278,0.0058499956343316395,0.009766623841538757,0.026810022928030253
0.020835740015332727,0.012885813003434055,0.013095850705201584,0.007739889310131143,0.037681498106507005
0.018672580732406546,0.01391247903932491,0.009228106236815026,0.00944447449559152,0.04768240319691608
0.01652308555632917,0.007939394569204727,0.012459861372351333,0.004063224183977837,0.03140651517535897
0.029446692470091462,0.01669159042927512,0.01684553131597466,0.012601161154116802,0.053213895174716086
0.018210828635251586,0.0140304222955005,0.00969045846186578,0.008520370173385805,0.02117730080203406
0.028787527977155197,0.016891035182306308,0.014884397843416108,0.013903130133739089,0.06287604325167262
0.016368062777725206,0.01395717122057294,0.0077763070814030055,0.0085917556963222,0.047106881712210114
0.021159602620276746,0.012472343933018049,0.01272179081167843,0.008437811808598317,0.05529185749170107
0.02441577667336367,0.018166437559479748,0.014941313312889948,0.009474463360473723,0.049856001848967324
0.025928751562930452,0.015247843685760931,0.016424015088901622,0.00950473647402883,0.057811405213098466
0.019206709605671696,0.013472498957416229,0.012209814188406526,0.00699689541726517,0.036424961115343324
0.022314911366006246,0.013116733439438005,0.011470281543274202,0.010844629822732044,0.042563368435108884
0.01718645915339434,0.009749894022891087,0.010246472476230867,0.006939986677163473,0.03834791003431537
0.014772511748466943,0.01250711230059215,0.008871936442374578,0.005900575306092365,0.030502971630473996
0.02101362139998822,0.015030850204025364,0.012793471190049088,0.008220150209939131,0.03899227020221463
0.016982658841123044,0.012363129807741569,0.009669258109782974,0.0073134007313400695,0.041534570771525225
0.013825910073314462,0.009196084247997699,0.008200194940034794,0.0056257151332796684,0.034830457416987315
0.02211888297231529,0.014131508565645906,0.01387851480615862,0.00824036816615667,0.05928042426173197
0.021686074169062403,0.014912407702331015,0.012182258164594895,0.009503816004467508,0.05063426864617249
0.014326524475374275,0.00828017269153944,0.007710977941018549,0.006615546534355726,0.042314387240595996
0.014271036795339281,0.0071806799065156635,0.0095855302525657,0.004685506542773582,0.0414568549407377
0.02424215416494918,0.01727921926003495,0.014226668597720593,0.010015485567228588,0.03680241280531504
0.020285676597508878,0.012653814988599382,0.011560857029792537,0.008724819567716341,0.047660125788397956
0.017059532945948946,0.011051419800460482,0.01045937945400724,0.006600153491941707,0.028545007373468878
0.020523582183516048,0.008561985205393224,0.013902733329835798,0.00662084885368025,0.046250689855690696
0.019125144061549332,0.009697548617528279,0.010112861192154793,0.009012282869394539,0.053196840594788575
0.02136756750920457,0.016163339343749,0.012038826565317406,0.009328740943887165,0.0428190000179175
0.013292354975028842,0.008451786400307387,0.00808956698315133,0.005202787991877511,0.040153408127766244
0.016180902489836363,0.010022046479642416,0.008323051718209601,0.007857850771626762,0.04914642713884987
0.019423371974087944,0.01420260825093761,0.009003153767473543,0.010420218206614401,0.04496198687286401
0.02503529225939563,0.0156371857014522,0.014324214932327717,0.010711077327067914,0.05116387616712392
0.01700960807206589,0.009168907121970021,0.01170749472466498,0.005302113347400911,0.02592445376524055
0.016815197480807592,0.01069216045444249,0.011525716755510701,0.005289480725296891,0.02857249143521079
0.01788248651717289,0.013219253071651588,0.008920968330562412,0.008961518186610479,0.03967550909869644
0.019302901033444203,0.013894953702148632,0.009908971818212348,0.009393929215231855,0.04638923949119933
0.01565657795417466,0.015461783827217607,0.009776230246657996,0.005880347707516664,0.021028869195010014
0.0152725377564778,0.01136376511108847,0.009029831299638552,0.006242706456839248,0.03724643232415248
0.024434848270328963,0.013851526735570358,0.017143329085846454,0.007291519184482509,0.04038571773205668
0.020099759473206885,0.015377942510153397,0.00693978944047946,0.013159970032727425,0.04216194456506006
0.016016307513104233,0.009900990099009854,0.009734586904068587,0.006281720609035646,0.035444820980034986
0.0176125244618395,0.014004403131115423,0.009998776908023449,0.007613747553816053,0.033626652182561445
0.014795607077486228,0.008748801534036427,0.01062276649524968,0.004172840582236548,0.027047415504396488
0.022349288327338707,0.01632389560084846,0.012409439781938175,0.009939848545400531,0.05229978131475832
0.018464165643844427,0.015251614280377884,0.009755056299695808,0.008709109344148619,0.04097941947427253
0.020023451784720536,0.016257254153748346,0.013435090229748009,0.006588361554972527,0.03679270415900193
0.008615599921278722,0.004624871531346303,0.004756073560604368,0.0038595263606743535,0.02419770269308774
0.019041011409189068,0.013887053433769475,0.009999559490771387,0.009041451918417681,0.043139840730827106
0.01783646290015717,0.010639837869137247,0.011498056084043334,0.006338406816113834,0.04349562441710664
0.014693455021760254,0.01151392233912199,0.008070308868889181,0.006623146152871073,0.027441890562929117
0.018335123523093383,0.008088077336197597,0.009044038668098747,0.009291084854994636,0.04219818939963638
0.014802614541574721,0.011684639050312279,0.006329179485585784,0.008473435055988937,0.026774735285216122
0.019469265569785454,0.00991469535663636,0.012559364379121751,0.006909901190663703,0.03434081046845172
0.016695124264845373,0.01003269833829945,0.009642103853493594,0.007053020411351779,0.05314749481723313
0.013122041396407463,0.0128014703525213,0.006817477533312688,0.006304563863094775,0.02689624483384989
0.02005852620377757,0.012854482575152926,0.012535248736365995,0.0075232774674115765,0.03966932726102168
0.020495731449078347,0.01609344002853133,0.009640460958919406,0.010855270490158941,0.044398203275432424
0.02416288702217692,0.014671282753191434,0.01515436157555261,0.00900852544662431,0.045429280034383734
0.016882211724618623,0.009801860804726115,0.009071699616112205,0.007810512108506418,0.033347214869213215
0.024205370637635337,0.01362546450447169,0.01295498710183296,0.011250383535802377,0.04597146993092582
0.015656603490898202,0.009856276018535337,0.009813469173720862,0.00584313431717734,0.03924199654163918
0.020542516881003475,0.011454777931588389,0.011792926357613087,0.008749590523390388,0.038201617807451904
0.020321587410195047,0.011250672010165719,0.012697326621377292,0.007624260788817755,0.04384188139508027
0.014888921583051384,0.011053896326810836,0.006257662694325983,0.008631258888725402,0.032219413252839724
0.018423458265944742,0.013631751835816275,0.008990727997830184,0.009432730268114559,0.03519136574380333
0.010540777411943009,0.008551057630812209,0.008006253405026392,0.0025345240069166164,0.030072164358248665
0.011668752332652743,0.009681881051175623,0.006926606511668709,0.004742145820984034,0.029245196498488446
0.01649515738498794,0.01289811883032227,0.008090426522629923,0.008404730862358017,0.043290285155985875
0.013776821782697624,0.009202035570012063,0.006935627721525617,0.006841194061172007,0.03305217534711513
0.018084089823220212,0.011550406115623468,0.010236502627806926,0.007847587195413286,0.0349725526374447
0.021508917966683583,0.01129842001776607,0.010979030052599481,0.010529887914084102,0.04290764166489536
0.013373774988237858,0.010370681802256337,0.006867073085277814,0.006506701902960044,0.03644549649362627
0.01651069010119452,0.013162900403256489,0.009499896740252811,0.007010793360941708,0.04358030817662795
0.016779254739594657,0.013738857931492515,0.011455966130187095,0.0053232886094075615,0.030912604001485988
0.013517021064190865,0.009344115004492365,0.008465608465608482,0.005051412598582383,0.033919465531784376
0.016176805650489873,0.009990886306675772,0.008692185007974473,0.007484620642515399,0.039374714493568885
0.019612213059951006,0.012629076591635063,0.01326583675591922,0.006346376304031787,0.0358232106046914
0.01945557522856936,0.012932418020480618,0.011814162499093978,0.007641412729475383,0.039525345974795734
0.01965860923358917,0.01113529613930575,0.0104021079161416,0.009256501317447569,0.043258026145636785
0.02202312376563531,0.012518515470704455,0.012127633311389108,0.009895490454246203,0.04874306059227285
0.01580268793383549,0.010549190877059772,0.009314935544443764,0.006487752389391727,0.024748066103787325
0.019943942557872046,0.011613493986666806,0.012797177027615514,0.0071467655302565325,0.05377397717486487
0.01800905977240083,0.011810849629875081,0.008286377195889871,0.00972268257651096,0.04097973252487819
0.018181055193613044,0.01272568952674702,0.01141430354913503,0.006766751644478014,0.03774843712015674
0.024175193258012262,0.0165986589841908,0.013974040886628847,0.010201152371383415,0.04736440838927036
0.01312032106197425,0.00837936471184908,0.0094598617404823,0.003660459321491949,0.021483020823112486
0.02033090942562593,0.010838549337260667,0.015544458762886598,0.004786450662739333,0.05657988840885886
0.022216679968076664,0.011622106943336014,0.016679968076616175,0.0055367118914604885,0.047044898923525036
0.026441797908318687,0.014911879276282708,0.016608440391548435,0.009833357516770252,0.07120838980042188
0.020984727352924948,0.016882615647571264,0.012107845839995607,0.008876881512929341,0.04114155286243437
0.02685997710797408,0.011108083065351299,0.020308497302011258,0.006551479805962823,0.039429672076974676
0.01165792973945698,0.00689639755440552,0.006996993304793947,0.004660936434663032,0.03185753551071002
0.01611362828713575,0.01050550817341861,0.007773631840796047,0.008339996446339704,0.03356614601735941
0.019331656485806675,0.011457317386171145,0.010831066167034498,0.008500590318772178,0.05485409766072513
0.026714064140728105,0.014566053004248403,0.015009200119457028,0.011704864021271078,0.058951572893747195
0.019928441503927724,0.015740870295228748,0.008415119230846119,0.011513322273081605,0.050031485291303524
0.014848768192535944,0.010976502154646683,0.010813887307911219,0.004034880884624725,0.030635427535436688
0.010432531221443858,0.009388190244114775,0.004721291501675301,0.005711239719768557,0.03485680655539891
0.022233140891782327,0.010410269008721246,0.01530319780534739,0.0069299430864349365,0.04259006731071058
0.021012539552326265,0.011777803820461757,0.012176256885034542,0.008836282667291723,0.04792215944758327
0.010800587880099827,0.008556161917673999,0.005366114864479937,0.0054344730156198895,0.02121819002271652
0.02093712131412412,0.012398456083658721,0.012252591894439196,0.008684529419684922,0.04206471801050782
0.01971798084478324,0.01318779332752873,0.010819936715581124,0.008898044129202115,0.03759447143306838
0.01339717324248424,0.008908429630311715,0.009552967174623644,0.003844206067860595,0.03707075512971958
0.020015422268414518,0.012360165845263227,0.012460745856662292,0.007554676411752226,0.04817540880410176
0.014623947809144305,0.01259892509605176,0.009293212342787044,0.0053307354663572615,0.038329464938585356
0.009732311473935579,0.008733100850328218,0.004876147843203893,0.004856163630731686,0.018915523213792418
0.021616961491793846,0.01298507780403177,0.01328309598314073,0.008333865508653115,0.04469645590775462
0.017606981550945422,0.009492459618770571,0.010793845211666514,0.006813136339278908,0.0360905663284925
0.021303083419647845,0.013186200302764711,0.012110588797705352,0.009192494621942493,0.04808768477682823
0.019069784010354224,0.01589940273341492,0.011161641948775225,0.007908142061578999,0.03591073031722036
0.01809495933599542,0.014791662311053444,0.008122347431581994,0.009972611904413425,0.03945670388305356
0.023081642965422616,0.01112574893524862,0.014491445896195748,0.008590197069226868,0.053127702995109716
0.017685836325987553,0.011643842468014476,0.010433443036201917,0.007252393289785636,0.04296672033524773
0.017312900682231125,0.011393374244346194,0.01194190179071386,0.005370998891517265,0.03419552500214762
0.018252850684481903,0.010449862891869888,0.012673237975246415,0.0055796127092354875,0.03450214726328038
0.016745159602302412,0.009000523286237572,0.00980289551718122,0.006942264085121191,0.035235629030124005
0.025209393024539756,0.016998132202473953,0.015459254995477317,0.009750138029062438,0.0463096350500013
0.019494820108317046,0.011202498932560256,0.012045214499202178,0.007449605609114868,0.05405976741510188
0.016991350051601767,0.010043728521422712,0.01151198544510526,0.005479364606496506,0.03837743716857567
0.01775839492679121,0.009696235133701991,0.012531518175029982,0.005226876751761228,0.03339293081872263
0.0185243776727666,0.013860112881331738,0.010298125108441608,0.008226252564324993,0.03720022278684054
0.019333515820635333,0.013919725863519805,0.010107768889970337,0.009225746930664996,0.036549837050818934
0.02153952364515016,0.013126880023669879,0.013008530992652534,0.008530992652497627,0.032321353452517854
0.019907616873073186,0.011774113784867257,0.013015709340376047,0.006891907532697139,0.035551518461906295
0.02311619871244222,0.0157325277249607,0.015037593984962377,0.008078604727479843,0.03493744147423128
0.012683904963976811,0.011261628855883832,0.005281074401361635,0.007402830562615176,0.01761168295856219
0.021259972037174085,0.013960852043753608,0.013529073114565277,0.007730898922608809,0.047145835245142154
0.017533298216570098,0.012298033819593018,0.008385023058813446,0.009148275157756652,0.029701519631827322
0.012896187413872273,0.008256775378961828,0.009152503445107929,0.003743683968764344,0.03466794780725091
0.019283363958805227,0.013343446861245306,0.010373488312465318,0.00890987564633991,0.04023745914181176
0.014568400546315058,0.007771225291420963,0.0072206752707753286,0.007347725275539729,0.031248131533337276
0.026002753763853442,0.01453626165270977,0.016861160643748735,0.009141593120104707,0.056879799448319
0.019762559722021122,0.01643260460402493,0.009731328465945516,0.010031231256075607,0.04114955830651057
0.013349170144107941,0.013580415611171265,0.006832252435960778,0.006516917708147163,0.026431830392084632
0.021454357916451727,0.015079938112429081,0.012470345538937583,0.008984012377514144,0.04793451700551965
0.021972309161317677,0.014269800010609568,0.014651742613123991,0.0073205665481936855,0.059630762763036804
0.018613857216554508,0.012854931935188385,0.00953854900350587,0.009075308213048638,0.050794276533592586
0.016965693266271287,0.01219342177228222,0.009930614389739106,0.00703507887653218,0.04057600026414465
0.015033216546934597,0.01317225820537074,0.009793423227671072,0.005239793319263525,0.030266389869121113
0.023188049837002678,0.015138659402491844,0.015987138838029796,0.0072009109989728814,0.041050265190056834
0.026429354023656787,0.014388569639782661,0.018782282047268783,0.0076470719763880035,0.03660558529232272
0.014064587098294945,0.009428773473717289,0.006465444667691833,0.007599142430603112,0.03621331051778931
0.01899059024807534,0.014924772304131195,0.010436270316509844,0.008554319931565496,0.051710685513299715
0.016507466544476185,0.011537602951370574,0.010033719878279473,0.006473746666196711,0.02859227315452828
0.01653448739983021,0.008520903650632572,0.008531257118008867,0.008003230281821344,0.0491856218753679
0.019185745364135476,0.013726302703822635,0.009551434787112761,0.009634310577022714,0.045782827121899405
0.01826308083532402,0.012846904963727063,0.012747828575831982,0.005515252259492037,0.03526865566038795
0.023524764209174848,0.016976939410399433,0.01305614537553701,0.010468618833637838,0.048982755638646513
0.01561507632333936,0.009231072468846496,0.009439127482972265,0.006175948840367096,0.03763789084210378
0.01789534918115218,0.011595003105804358,0.009268114727428611,0.00862723445372357,0.0435257332327752
0.022164980577078913,0.014042668106940326,0.011757618562911604,0.01040736201416731,0.0428720942547649
0.016249251543369203,0.010199657258480821,0.009590568414097861,0.006658683129271342,0.03516201186227763
0.020426600337901196,0.015264220011263402,0.012108128402477936,0.00831847193542326,0.04037952325679206
0.02340371123934043,0.010540008672158985,0.017299845457678736,0.006103865781661694,0.047410198753191746
0.02058006788028388,0.016466111282526036,0.010254036819911577,0.010326031060372304,0.031673214966168484
0.022774327122153215,0.01536275934980838,0.013567684242984906,0.009206642879168309,0.04630911947915328
0.015497964630549643,0.011348726632500888,0.008208762742085651,0.007289201888463992,0.03763543817738502
0.016374648716101725,0.011596173161402934,0.01076425172725154,0.005610396988850186,0.04749559605069442
0.02424343755224878,0.014116129648649306,0.012336685217474386,0.011906752334774395,0.044427553589124646
0.018763583155810892,0.00917737180728595,0.012889204484324235,0.0058743786714866575,0.03651181723821373
0.019440841979249807,0.014178471667996795,0.013816839584996049,0.005624002394253758,0.03426321287024359
0.02064103809739723,0.01268473837052389,0.011151774244043566,0.009489263853353663,0.04050271190901278
0.018845396753686794,0.007604849032452371,0.011993503070982181,0.006851893682704613,0.04012418911073512
0.02189447207454412,0.012719373463671219,0.01176661140646737,0.010127860668076749,0.03980950390397564
0.015128741341001145,0.011294819849257176,0.00785300396462335,0.007275737376377794,0.02610119872812755
0.024143710604518226,0.014765915003444735,0.014580826932370866,0.00956288367214736,0.04823814553967665
0.01623306925632506,0.009016100178890846,0.01163301814464604,0.004600051111679021,0.023645019823719804
0.01902507081554136,0.011446750940684036,0.011816682873208445,0.007208387942332917,0.04531453638214067
0.024817687476288763,0.014627155081566395,0.015185684778484976,0.009632002697803788,0.04854960585606738
0.015506652480326982,0.010608151526962817,0.010049827762385832,0.00545682471794115,0.037710202538431825
0.014728080841963975,0.011342194641284775,0.006614533104113363,0.008113547737850613,0.04354049112644154
0.022736924634935096,0.014569925843650938,0.0122069408600394,0.010529983774895696,0.04177186167173064
0.021575678326250375,0.011267979731938521,0.012126103301732555,0.00944957502451782,0.05792237694384761
0.017209089870960398,0.014354230900993498,0.008713029576338932,0.008496060294621466,0.03439410114989094
0.023542362733926875,0.017246374012630628,0.014088723227563299,0.009453639506363576,0.037862738420161524
0.01701916007093124,0.011645257558064115,0.00765537822758533,0.009363781843345909,0.040077179217492986
0.016078194148174102,0.011037176180924785,0.009625691150095012,0.0064525029980790904,0.03270010651951527
0.021341026968098614,0.013996101793835591,0.0114303333296627,0.009910693638435913,0.05047409347135856
0.01537227794343543,0.00838077166350415,0.009962049335863338,0.005410228607572093,0.03556964511500649
0.022379868281974136,0.013974713391332633,0.012084315798032347,0.010295552483941789,0.05432991051491731
0.015415535035306904,0.009483976099945696,0.009451385116784339,0.0059641499185225655,0.04187122039175595
0.01993233303912917,0.010706930609843207,0.015277602656243422,0.004654730382885747,0.03750548236179441
0.023338102154706386,0.01681828606375657,0.015616979916345392,0.0077211222383609945,0.04020258500724072
0.012104487785571383,0.011191978715451162,0.005881835572462024,0.006222652213109359,0.022916119289603687
0.01659820255645683,0.010238338511583317,0.008935087682715781,0.00766311487374105,0.04392227976374852
0.01269722415360755,0.008439856661496492,0.0070920468524362235,0.005605177301171327,0.02638571100948439
0.020460879613894367,0.011400604018373062,0.012119211085970638,0.008341668527923729,0.035975875821262715
0.019980492704078118,0.012467286651022175,0.011134609998937672,0.008845882705140445,0.05128080578175487
0.014952123498598868,0.011050708493004213,0.009228727881254423,0.005723395617344446,0.039235847519153766
0.023234101319743627,0.011573286132480098,0.014695155753090272,0.008538945566653355,0.04070160731965655
0.010988184747583257,0.01210526315789473,0.004189044038668099,0.006799140708915158,0.027673336921606118
0.025555187272124663,0.014318859794497873,0.016495414871284947,0.009059772400839716,0.05293540566643917
0.02301102846883818,0.014752500641190047,0.013829186971018204,0.009181841497819976,0.04162811181071946
0.023161753088760367,0.012544632982589149,0.014882927291686415,0.008278825797073952,0.04993430229920581
0.020973190233890632,0.010582802411596176,0.013052122974301972,0.00792106725958866,0.04906156402915551
0.017464756577820983,0.012166352757643217,0.008960675760515985,0.008504080817304999,0.035626153054073684
0.020266214006251643,0.015846564680067038,0.009874345332974516,0.010391868673277127,0.030308682581314805
0.016214560358304847,0.011028013689948046,0.007795664849790912,0.008418895508513935,0.030447765583134556
0.022292070193344865,0.014961899349331315,0.014799522147090516,0.007492548046254349,0.038882837055928654
0.015286890200345071,0.010088688140845958,0.010385414262635562,0.00490147593770951,0.02931996635624412
0.01679317215880946,0.01171375588855228,0.008903375911357814,0.007889796247451647,0.03978275767971773
0.020097522403795448,0.012695484097698079,0.008796784396415347,0.011300738007380101,0.04935033384363874
0.02054808644011874,0.013310376113493894,0.011382382052127993,0.009165704387990747,0.037214555472557476
0.01383604289173293,0.008957645010078813,0.009792578632855792,0.0040434642588771386,0.046088211734526485
0.01468519664659873,0.011478084735272565,0.0070331401564170115,0.007652056490181719,0.026527778352338327
0.02238586156111927,0.014057183484840835,0.013102432583413759,0.00928342897770551,0.04262691069589852
0.01709243825315937,0.013506612046202904,0.009279683578002629,0.007812754675156741,0.029290563775256184
0.02312017675207592,0.01805216699301576,0.010073192950859178,0.013046983801216744,0.03884694715860737
0.011212894248608524,0.007154452690166957,0.007989332096474927,0.0032235621521335966,0.028229394942145936
0.01937245810165633,0.01360590997504768,0.012427058569267374,0.006945399532388957,0.045264665752070665
0.020408163265306062,0.009963122826132459,0.011848887398902053,0.00855927586640401,0.04739074089605877
0.016557952834922257,0.011038635223281468,0.006236112106659031,0.010321840728263226,0.05257949473372581
0.015262691427747,0.013644701857081026,0.007440690891852342,0.007822000535894658,0.03927938421064503
0.01784220191461386,0.012333068923926133,0.00988818741918307,0.007954014495430789,0.04716093150863987
0.024284988122036943,0.013755614801290478,0.014305424442669357,0.009979563679367587,0.05750231438538289
0.022190905098904173,0.01400079654422351,0.013857827068206624,0.00833307803069755,0.034516494301579326
0.015022654075004055,0.010371745182597286,0.008068125989409841,0.006954528085594214,0.04246757020821201
0.02523683213338382,0.016710875331564984,0.013148920045471774,0.012087912087912045,0.0491212072403302
0.01837380521828988,0.01003186084560409,0.011969344699905293,0.006404460518384586,0.03808657246326741
0.0155362980644492,0.01114628197810183,0.006725131025893838,0.008811167038555362,0.028433968178286473
0.01888945376489856,0.015353329944077232,0.00875557815059591,0.010133875614302651,0.03217535592774223
0.017997167797434127,0.014404074989960464,0.011645847864223291,0.006351319933210836,0.037119029683475246
0.019887955182072842,0.011338935574229686,0.010890756302520982,0.00899719887955186,0.04583245712620798
0.015751774505461252,0.011646373742721039,0.005909616361102377,0.009842158144358876,0.03711949175411178
0.018435747836273275,0.010633821238072494,0.010599702025543889,0.007836045810729386,0.03035080302497195
0.015024247995182122,0.010776886747598968,0.008167189662641156,0.006857058332540966,0.035414929800597794
0.018161872257435402,0.010305394264438633,0.014638092283143445,0.0035237799742919573,0.04495697074010341
0.018245663985574284,0.010119344200061636,0.01208864213348515,0.006157021852089134,0.03393148422763781
0.017990820782461503,0.012599144461277967,0.01039345869352104,0.0075973620889404625,0.05609523489813151
0.02061668939652231,0.01772928741902488,0.012082338902147993,0.008534350494374315,0.03446706536360111
0.017691437928883363,0.012349890829694371,0.009610885839051786,0.008080552089831577,0.04660110907186876
0.014291318724429736,0.00951633693885559,0.009135235106204148,0.005156083618225588,0.03960692178315672
0.02412002536863797,0.01101950214047881,0.014497780244173086,0.009622245124464884,0.04662391895941187
0.020645569104033257,0.013784103421557031,0.013580196566208569,0.007065372537824688,0.04302271178510764
0.01666733322668376,0.01396776515757478,0.008318669012957941,0.00834866421372582,0.04557050170447641
0.014820881623677479,0.010490177379362975,0.009031650043194867,0.005789231580482612,0.04518136773753434
0.02145255056087772,0.015756044495911836,0.013837713911405841,0.007614836649471879,0.04157826309538759
0.02186043528455983,0.011331081369991891,0.015329028947705992,0.00653140633685384,0.042880387178719004
0.02036983207745452,0.01294635869686736,0.013717773852380183,0.0066520582250743365,0.045044474135061185
0.01794051869580579,0.01122140699179977,0.00876917644289249,0.0091713422529133,0.036479195233589
0.018221307966209632,0.009418693286831564,0.01134002318126287,0.006881284784946762,0.05040840197147267
0.025302589909331485,0.01655025812329186,0.01344844041473256,0.011854149494598926,0.041096776626152964
0.020852318413294046,0.014644867327794131,0.013272581077459128,0.0075797373358349185,0.039142540095918665
0.01837547768111228,0.01644733021267697,0.009164508148165329,0.00921096953294695,0.032765280886036696
0.01963582574636971,0.013885705952207339,0.008093918623304663,0.011541907123065048,0.05748159015477905
0.01567878454350241,0.01408177138972519,0.006236983803265261,0.00944180074023715,0.03826433420618669
0.028793538616860126,0.017092377587077184,0.016476527006562297,0.012317011610297829,0.05247933908679625
0.017676707920206314,0.013322605835443313,0.007643342246621998,0.010033365673584316,0.02993994602557082
0.019030299093949904,0.012751815888892515,0.012535316468028468,0.006494982625921436,0.04295273880688055
0.016221461770264067,0.010368251698248149,0.010266101435211172,0.005955360335052895,0.03523495625964945
0.012817153338726073,0.009478996958062258,0.006949745365887022,0.0058674079728390505,0.02305221177593042
0.017846051464063872,0.01021517302573205,0.010226264418810999,0.007619787045252874,0.0403663646238549
0.016052956537581736,0.011143950282394371,0.011923318285795292,0.004129638251786444,0.024773279246291136
0.012168910117238363,0.010573165436387283,0.008108988276161494,0.004059921841076869,0.02105829436519191
0.013012769918847256,0.009582498532774736,0.008125392103292634,0.004887377815554622,0.030870841918302805
0.022225952660735293,0.010866767388506504,0.015611885177102575,0.0066140674836327185,0.047896490553817284
0.014140001165704935,0.009302325581395265,0.006609547123622966,0.007530454042081969,0.018864735478612005
0.020850301352011713,0.012216973448444357,0.011126843509967815,0.009723457842043898,0.04144268926474681
0.0180124655804845,0.010894957106076714,0.007922701472210913,0.010089764108273586,0.046558291892368264
0.017786286484347408,0.01068460625247325,0.009593685493962528,0.00819260099038488,0.042782684046273944
0.020804866222947083,0.015107770970159085,0.01126195618636222,0.009542910036584862,0.04222013186457785
0.014195975824674828,0.008044025905223184,0.008098085219102436,0.0060978906055723925,0.04562677340024168
0.01405292270892508,0.00825449031458897,0.009535911838199213,0.004517010870725868,0.028816857428673348
0.026220344768731807,0.01804915514592928,0.01474227683905105,0.011478067929680758,0.04864778254377822
0.02028422069934982,0.013760762607626126,0.010817518889474631,0.009466701809875189,0.02983139588115391
0.016302575806977526,0.010864502305650003,0.007627276538264449,0.008675299268713077,0.033468031678751675
0.019393671654978184,0.009995030095532542,0.013230990115412233,0.006162681539565951,0.03750004698902254
0.015365448504983392,0.01090662703269804,0.010065133764644185,0.005300314740339207,0.028227164288649353
0.012740518114403299,0.008559014733265813,0.0054664445242995074,0.007274073590103791,0.03065302572499684
0.017554650318625437,0.00929660401710089,0.00887311446317654,0.008681535855448896,0.04087752553619817
0.022485283237366094,0.011569680788325237,0.014261052315544531,0.008224230921821563,0.05218787581840545
0.015202963420280963,0.00998831389323751,0.009547328732388144,0.005655634687892819,0.025147467729403128
0.016422818860278743,0.010914607450848601,0.009540099982691397,0.006882718877587346,0.03218673719102372
0.023460499559925935,0.016318148249314574,0.013596770766942823,0.009863728792983112,0.045424138856439145
0.016762485280875566,0.011715928319100732,0.008242709704232187,0.00851977557664338,0.03123067032735294
0.019552323328663856,0.01568756023168716,0.011504873178146746,0.00804745015051711,0.05056739157001622
0.01968479017659347,0.01196278245458579,0.01160410996476574,0.008080680211827729,0.03749462313809948
0.018730158730158736,0.015380405035577471,0.009107827038861566,0.00962233169129717,0.03742109247612402
0.021071373954077793,0.009787429270530723,0.012245210058331402,0.008826163895746392,0.057714051779899855
0.02139635371261797,0.013559868096880534,0.012868134783762253,0.008528218928855719,0.04565379971383121
0.020654427006218556,0.013399466982528863,0.010205592453149476,0.01044883455306908,0.0476938014702154
0.015779780521560982,0.011616882621535873,0.011878425945097665,0.0039013545764633173,0.03779207776146398
0.017623477800468967,0.010632435411196517,0.009800425729629303,0.007823052070839664,0.026904820619442882
0.021446160191171626,0.012833731607612864,0.0137313650092796,0.007714795181892026,0.0454487131466621
0.020867258354991453,0.01582029354355169,0.013965426134219139,0.006901832220772314,0.045045065410184826
0.02210896863342618,0.012788315031786956,0.014826879630116141,0.007282089003310038,0.038900698064725514
0.016209006587454333,0.010731339788427663,0.008135047904130666,0.008073958683323668,0.04388679122112704
0.018471819442693244,0.013817089059807497,0.008479384692976988,0.009992434749716256,0.0429511937848569
0.011132472974684282,0.0049848612182402385,0.007483048018143534,0.0036494249565407477,0.025809562584077184
0.022878718072614074,0.017395017473677166,0.011911316874740119,0.010967401197873955,0.03664785594557607
0.015477530025030412,0.01328449720991115,0.010058098146829841,0.00541943187820057,0.034061084286655
0.01697334161301217,0.011656916255406324,0.0104476473728361,0.006525694240176072,0.04671857203590635
0.025175644028103017,0.018642918772340672,0.012490241998438734,0.012685402029664283,0.04965524479602634
0.022680904631679488,0.007802665277596932,0.015214654685939993,0.007466249945739495,0.06112252790194894
0.015238236824500123,0.009599558250416751,0.01038536279746416,0.004852874027035964,0.03858420973975696
0.01857026858872285,0.013592888251484275,0.010186757215619707,0.008383511373103142,0.03809381824931812
0.021055067098565527,0.014312157070139525,0.011458539917586663,0.009596527180978864,0.04586006398172515
0.01959727287141269,0.014713810052322834,0.010263728132762523,0.009333544738650168,0.03382297842863813
0.02198626394231279,0.011978870900343885,0.013596768490640815,0.008389495451671974,0.0373577233678144
0.01587667577983462,0.011056578499511388,0.00925590434467538,0.0066207714351592395,0.039676394569228335
0.016182238220598527,0.01019717401815931,0.008628378015365562,0.007553860205232965,0.04448306534512814
0.023311285870527526,0.015051299411488916,0.013655538774022175,0.009655747096505352,0.03738551027629777
0.01821981455556232,0.013218495749386244,0.00899831598595982,0.009221498569602499,0.04153813520947247
0.019132547742901934,0.0149214999351239,0.011111504299515212,0.008021043443386722,0.03702820227304915
0.021553851410348907,0.012110398238487557,0.01193956189970008,0.009614289510648827,0.05222223730591391
0.019727061139535096,0.014200613138386803,0.01031466918210619,0.009412391957428906,0.04975744870930254
0.019426969204307143,0.011215569849909318,0.012169835772012916,0.007257133432294227,0.03853625027012986
0.01986665312891328,0.013492627565122234,0.011292742636026226,0.008573910492887055,0.053818077692778354
0.017913729547953172,0.012837095000970078,0.009980814417210965,0.007932915130742207,0.04258718271533002
0.015706639480056128,0.013954377469096502,0.007805530776092778,0.00790110870396335,0.023548170919244105
0.0160982959959228,0.008941035697666716,0.011057191606284211,0.00504110438963859,0.04081765443210128
0.01688045203222452,0.007914607150438263,0.011432210328410713,0.005448241703813805,0.033292377008810936
0.016845171203816234,0.011100153659151846,0.01108868655826431,0.005756484645551924,0.04067556058181654
0.01870178446193413,0.011733143346951497,0.012478988322516732,0.006222796139417397,0.03900359597898495
0.013164661112825243,0.010051143960431275,0.00834011201181828,0.004824549101006964,0.03865732522531773
0.021798805102535096,0.012583331411040094,0.013828977416899257,0.007969827685635839,0.049291027718395775
0.014251781472684077,0.012518456698979274,0.0077495208136538485,0.006502260659030229,0.0462942901541461
0.017528306432185004,0.012228378703926762,0.009144784389303773,0.00838352204288123,0.034364014470075865
0.018064584324295807,0.012568046086359141,0.012113524655145147,0.00595105966915066,0.03859124207132569
0.021507527108116625,0.010516896515422702,0.012969786293293983,0.008537740814822642,0.049140714400497165
0.01947539437673615,0.016718088541292947,0.01084471960557204,0.00863067477116411,0.036582554906815945
0.020669178942560207,0.014751834895719795,0.00893830390233269,0.011730875040227517,0.04027480158136432
0.02145469821005938,0.014333869530025384,0.010081863915328781,0.0113728342947306,0.04597855453839783
0.02587466091674198,0.01669332962370451,0.016077266268544,0.009797394648197982,0.050181791494839256
0.011782653204600674,0.010257130813545096,0.005499909673016334,0.006282743531584339,0.03684715391709725
0.014825983163714085,0.0089321408582623,0.009309072633610915,0.0055169105301031696,0.03871376175594421
0.017842114122201658,0.011133286844446588,0.011361723615552904,0.006480390506648753,0.02840533766976905
0.011418245363199492,0.007833909210056,0.008191349934469183,0.0032268954287303087,0.033509001503841174
0.022846421870812095,0.01601715357812919,0.011610828196194023,0.011235593674618072,0.052759510536443344
0.016165875944473773,0.015390658108261762,0.007700497173038945,0.008465378771434828,0.044123611308449995
0.01538509226922366,0.014486164782707533,0.004143332437850061,0.011241759831373599,0.03889795610133495
0.019010259505129745,0.012565738425726364,0.010981550133632223,0.008028709371497522,0.045725171412299925
0.014967032967032973,0.009989010989011005,0.008483516483516501,0.006483516483516472,0.024060359840021972
0.01383574402190385,0.010469382946014794,0.00754064880999139,0.00629509521191246,0.03204899578965914
0.020720302307416227,0.010375984293525292,0.012318182777766001,0.008402119529650226,0.04646877996175114
0.018826403050937274,0.012178401483990658,0.011314276496952519,0.007512126553984755,0.03417328759082061
0.017199468458638095,0.008588930543101309,0.008102764663303147,0.009096703795334948,0.04179196283496578
0.022837818549139743,0.013922285538610218,0.014438332400057124,0.008399486149082619,0.043071326749920424
0.01998044295694426,0.014516568041372246,0.011462040182666833,0.008518402774277428,0.032043645578225366
0.016316362734419637,0.008476312696136051,0.011420375502809249,0.004895987231610388,0.03214561816250361
0.02376349035854944,0.011324228939696146,0.01503759398496235,0.008725896373587089,0.05045292784545852
0.015189095708369377,0.011889591771719804,0.00896554862786142,0.006223547080507957,0.04323092851970256
0.014906331833747427,0.008882408801834052,0.007443573682746479,0.007462758151000948,0.04248164925517384
0.013767568545255293,0.009022332400600075,0.0074795986764408795,0.006287969868814414,0.029511489539084113
0.017723477350806593,0.009965190089413739,0.012092462403021448,0.005631014947785146,0.04208196694277677
0.014781221130427485,0.013175023095658017,0.007212144116906016,0.007569077013521469,0.03467679228487375
0.01971374561166625,0.013108740660725565,0.010070663426050924,0.009643082185615326,0.04280348691806979
0.018928233052567994,0.012535529480358576,0.010890501525294888,0.008037731527273106,0.041887062836320266
0.018902536289679417,0.01437914454344505,0.00932023790533923,0.009582298384340188,0.048040953761117056
0.02182430303984878,0.01885139392030244,0.010227988659631454,0.011596314380217326,0.03671017173089974
0.02432390425862599,0.01601980549757981,0.014698698876504268,0.009625205382121721,0.041034176065694705
0.01667691361819859,0.013042905449914377,0.010440911685916321,0.00623600193228227,0.039130670656494226
0.017396049328822438,0.01273600349230597,0.00966932227436429,0.007726727054458149,0.03579974145702958
0.015899226269107336,0.01217210794489526,0.010579826382336233,0.005319399886771103,0.03676133250288227
0.02206426259824318,0.013441978733240878,0.014112343966712931,0.007951918631530247,0.029744862807079886
0.017299401133223702,0.01054736638389836,0.01141824984678902,0.005881151286434683,0.03691292119887224
0.015974999453659405,0.01238007823597545,0.00902554688695123,0.006949452566708175,0.038223085829720005
0.015315273345601038,0.00791968507605223,0.009981132514965824,0.0053341408306352145,0.04680954980676799
0.02252546356751109,0.013656742404457217,0.012165926699747504,0.010359536867763586,0.04133305015734123
0.01564067000960201,0.010754294249439883,0.008599167822468806,0.007041502187133203,0.0414037002331068
0.017841060170690898,0.009113522322768769,0.010646738431187491,0.0071943217395034065,0.0453017298483096
0.01689098666446806,0.013046973225879582,0.007131520910196393,0.009759465754271668,0.04420478990271193
0.023704105298033212,0.013202413581920286,0.01482887061634694,0.008875234681686273,0.052813798840756765
0.014517363185644006,0.007955724662746438,0.007808978753288676,0.00670838443235533,0.042934648694525235
0.015017687498609461,0.008287538656640059,0.009255345184328245,0.005762342314281216,0.0412462909534872
0.02446807446457336,0.01405463803055007,0.014284713955605405,0.010183360508967954,0.042623972190475756
0.013359242166626178,0.0074950553454318225,0.007402523797957333,0.005956718368668845,0.05146189244432753
0.01411401358487302,0.01244020172132651,0.006986814682029718,0.007127198902843301,0.02767818895682761
0.01943087493546211,0.012450851900393245,0.009750188649271269,0.009680686286190843,0.04069720083803041
0.026597926714341136,0.016619546538056446,0.013692555019679586,0.01290537169466155,0.04957403390356885
0.016014599958964593,0.011457512175631429,0.009243761001263423,0.00677083895770117,0.03866295894981653
0.01709655838846358,0.01220120843996561,0.009015514330314,0.008081044058149578,0.03251424263714109
0.02064555484271305,0.012484092510596206,0.011895121002093001,0.008750433840620048,0.047818234458476994
0.02021797504343703,0.009883340478823027,0.01220750502064663,0.0080104700227904,0.045656997439754377
0.029255185827576885,0.015088778159870864,0.019329677270585405,0.00992550855699148,0.0692097268416817
0.016186314815213404,0.006909317893196126,0.011181902322477844,0.0050044124927355604,0.03543948716451528
0.016073026287759418,0.010544927783221913,0.009032422990072897,0.007040603297686521,0.04227050985312086
0.02158077044190196,0.011913508974493559,0.012196914033798661,0.009383856408103297,0.04620188511687695
0.01933996315171363,0.011517783069182108,0.011345393425489986,0.007994569726223644,0.04167471344932894
0.016981652008175085,0.010999609617195288,0.012285576503547918,0.004696075504627167,0.027728445101163568
0.017671251140990524,0.015671312677558585,0.007763863675989413,0.00990738746500111,0.0422905904377886
0.019116167479297314,0.01200703174234638,0.011719570577244154,0.00739659690205316,0.0470753684653612
0.018211004696465194,0.016584053711075214,0.009338698656138511,0.008872306040326683,0.033901394473032864
0.013277006638503341,0.010065522889904338,0.00871842400206918,0.004558582636434161,0.028646016766131988
0.016241012929039483,0.008578217088549028,0.009689065344620162,0.006551947584419321,0.03677899016001307
0.017942066580198923,0.011487863627941464,0.010643773289687686,0.007298293290511237,0.05082136555430761
0.01631969678849715,0.010468892302880312,0.009834135212459627,0.006485561576037524,0.03960271235992141
0.020178242971008176,0.012371901550319725,0.011517911885784354,0.008660331085223821,0.04479972664015908
