setting,spatial_unit_id,department_id,predictor_week,target_week,outcome,full_raw,noclim_raw,full_recal,noclim_recal
SriLanka,LK11,,2023-01-02,2023-01-30,1,0.14221964173171592,0.21526438332909573,0.12182701489258292,0.19170550186181937
SriLanka,LK11,,2023-01-09,2023-02-06,1,0.2269068024921443,0.33029669570746495,0.1991017501595805,0.29878252755961376
SriLanka,LK11,,2023-01-16,2023-02-13,0,0.13807761545910394,0.2269122864138079,0.1267588740008805,0.21147710047303708
SriLanka,LK11,,2023-01-23,2023-02-20,1,0.14630647026551963,0.22736869963266526,0.1381652984277032,0.21652729473847585
SriLanka,LK11,,2023-01-30,2023-02-27,1,0.10850340663803246,0.18541468238462372,0.1060281745952536,0.18148296433595568
SriLanka,LK11,,2023-02-06,2023-03-06,1,0.09790634145284148,0.156055557538698,0.09715408310301175,0.1545039278285058
SriLanka,LK11,,2023-02-13,2023-03-13,0,0.0742578215331154,0.10002649664668346,0.07742263059911254,0.10326916772588704
SriLanka,LK11,,2023-02-20,2023-03-20,1,0.08968465812915505,0.1287089447310343,0.09615731381429085,0.13544765400590691
SriLanka,LK11,,2023-02-27,2023-03-27,0,0.09449394744316252,0.12322457300701432,0.10458565196333044,0.13322398174639788
SriLanka,LK11,,2023-03-06,2023-04-03,0,0.08716188804813095,0.12284842285863418,0.10035722059205207,0.13736298462265883
SriLanka,LK11,,2023-03-13,2023-04-10,1,0.06646186989517337,0.09396107840205113,0.0783516722910806,0.10753140841064383
SriLanka,LK11,,2023-03-20,2023-04-17,1,0.0841217436339658,0.1319813408259485,0.10117612171500541,0.1536916585761738
SriLanka,LK11,,2023-03-27,2023-04-24,1,0.08009609201512356,0.12431651998029522,0.09915347570192827,0.1490738049548805
SriLanka,LK11,,2023-04-03,2023-05-01,1,0.09570149372241941,0.12766741255603198,0.12060278135234281,0.15656971610688514
SriLanka,LK11,,2023-04-10,2023-05-08,1,0.1603686700497045,0.19892881331158144,0.201651002333218,0.24381189473907255
SriLanka,LK11,,2023-04-17,2023-05-15,1,0.24740061703272392,0.29117211732329507,0.3107249589693273,0.35618163532128966
SriLanka,LK11,,2023-04-24,2023-05-22,1,0.29829626344201715,0.328596403725761,0.37198404084541425,0.4005091787704772
SriLanka,LK11,,2023-05-01,2023-05-29,1,0.6056499098930619,0.36056335968346104,0.6882824580167767,0.44197563201152673
SriLanka,LK11,,2023-05-08,2023-06-05,1,0.7093226207367922,0.5034909797968954,0.7828409275297511,0.5934689664045709
SriLanka,LK11,,2023-05-15,2023-06-12,1,0.5915241763927839,0.433601121288359,0.6893373961082875,0.5329030710509649
SriLanka,LK11,,2023-05-22,2023-06-19,1,0.6190538786464046,0.5298176142907394,0.7237571415108549,0.6373819754544189
SriLanka,LK11,,2023-05-29,2023-06-26,1,0.8247355468929657,0.7541882642761085,0.8879658173478273,0.8324361850104562
SriLanka,LK11,,2023-06-05,2023-07-03,1,0.7814905079437985,0.7239507067724745,0.86134143980302,0.8159529459693411
SriLanka,LK11,,2023-06-12,2023-07-10,1,0.8492507058993362,0.8243299376809649,0.9095686304551185,0.8914483793370588
SriLanka,LK11,,2023-06-19,2023-07-17,1,0.7833106402501004,0.6902568066121311,0.8698809789312023,0.801892876610041
SriLanka,LK11,,2023-06-26,2023-07-24,1,0.8103370310660706,0.6289434392040396,0.8893728936008268,0.7577981554376175
SriLanka,LK11,,2023-07-03,2023-07-31,1,0.7047257004253756,0.5644659562695227,0.8218611506921578,0.7102994869169219
SriLanka,LK11,,2023-07-10,2023-08-07,1,0.5865376688280106,0.49510133067379525,0.7357258705484991,0.653242610350811
SriLanka,LK11,,2023-07-17,2023-08-14,0,0.5765004176615137,0.45719587745260615,0.7327418567568184,0.6240448160901868
SriLanka,LK11,,2023-07-24,2023-08-21,0,0.5819670245327864,0.40130358062683485,0.7382589336520089,0.5716217597382262
SriLanka,LK11,,2023-07-31,2023-08-28,0,0.4880462245712078,0.34689627390765265,0.6580277254664892,0.5152075719915296
SriLanka,LK11,,2023-08-07,2023-09-04,0,0.38848339698508233,0.30515575765584946,0.5604623817337313,0.46713958048318577
SriLanka,LK11,,2023-08-14,2023-09-11,0,0.29283014637645194,0.22039599819317748,0.46075660985620026,0.367152222345528
SriLanka,LK11,,2023-08-21,2023-09-18,0,0.2194532173327167,0.16793389399251743,0.3674469684820943,0.2934528575719889
SriLanka,LK11,,2023-08-28,2023-09-25,0,0.25404989244644127,0.1470274190964917,0.4134473052073105,0.2626032727269194
SriLanka,LK11,,2023-09-04,2023-10-02,0,0.19206650019380908,0.12737752751428807,0.33165347361307973,0.2331510125361525
SriLanka,LK11,,2023-09-11,2023-10-09,0,0.15162305995889624,0.12947489348147928,0.2722909145180491,0.23646520636932492
SriLanka,LK11,,2023-09-18,2023-10-16,0,0.13764121823407702,0.1314029805885427,0.25263059736629995,0.24076146036104712
SriLanka,LK11,,2023-09-25,2023-10-23,0,0.23517189699980298,0.14134198355373434,0.39464577889357844,0.2556180464955728
SriLanka,LK11,,2023-10-02,2023-10-30,1,0.3693798031060699,0.18618283450259282,0.5563083256169555,0.32383154093983635
SriLanka,LK11,,2023-10-09,2023-11-06,0,0.41440526098401026,0.21858583215931998,0.6050791727313336,0.3710483331139794
SriLanka,LK11,,2023-10-16,2023-11-13,0,0.4903851844519327,0.28723416496413096,0.6781772241286478,0.46077321663643445
SriLanka,LK11,,2023-10-23,2023-11-20,0,0.5287413686408383,0.3500990078897516,0.7143993552908825,0.5364678104170137
SriLanka,LK11,,2023-10-30,2023-11-27,1,0.5436779197572807,0.4429446482196889,0.7264145784011109,0.6311604696726434
SriLanka,LK11,,2023-11-06,2023-12-04,1,0.5320663204697557,0.4223367479428632,0.7194996157138999,0.6160562265265909
SriLanka,LK11,,2023-11-13,2023-12-11,1,0.580544523883911,0.47429115804647864,0.7525159532406629,0.66108107823963
SriLanka,LK11,,2023-11-20,2023-12-18,1,0.5811215898040039,0.44520178925790765,0.7500958284902769,0.6331714916134629
SriLanka,LK11,,2023-11-27,2023-12-25,1,0.6810454897873989,0.6269748695404039,0.8170802761433583,0.778755529475629
SriLanka,LK11,,2023-12-04,2024-01-01,1,0.761957254077527,0.7458054720160286,0.8730370530410552,0.8641093433061148
SriLanka,LK11,,2023-12-11,2024-01-08,1,0.7495633097640092,0.7419995894065426,0.8716096711031821,0.8688372716568754
SriLanka,LK11,,2023-12-18,2024-01-15,1,0.7590650539178689,0.7627742484214384,0.8839128968800786,0.888060100429415
SriLanka,LK11,,2023-12-25,2024-01-22,1,0.6699766939766199,0.6658541941843231,0.8381422455141235,0.8388267753635904
SriLanka,LK11,,2024-01-01,2024-01-29,1,0.5245127520023627,0.5218250516582967,0.7441392181814305,0.74738256960412
SriLanka,LK11,,2024-01-08,2024-02-05,1,0.6225475505606529,0.6741119296059678,0.8178683059947143,0.8539028904219118
SriLanka,LK11,,2024-01-15,2024-02-12,1,0.6076972984045097,0.6197299459339637,0.8078291168846621,0.8232247268580969
SriLanka,LK11,,2024-01-22,2024-02-19,1,0.5850365140314433,0.5927124674888901,0.7932565889743861,0.8081447202948417
SriLanka,LK11,,2024-01-29,2024-02-26,1,0.345503451645126,0.3735089733278275,0.5930070192678547,0.6385980276111665
SriLanka,LK11,,2024-02-05,2024-03-04,0,0.28154670177876034,0.3499273723445344,0.5220867418933719,0.6191515077686256
SriLanka,LK11,,2024-02-12,2024-03-11,1,0.1409855649675193,0.2227661499649111,0.3156856360897783,0.46891738964527235
SriLanka,LK11,,2024-02-19,2024-03-18,0,0.09420334256804495,0.18171723699074202,0.2245249201084917,0.40801766897974545
SriLanka,LK11,,2024-02-26,2024-03-25,0,0.059678055200815594,0.14535866358881144,0.14642087501512788,0.34333908667555746
SriLanka,LK11,,2024-03-04,2024-04-01,0,0.04130824365844838,0.10652632731893491,0.10090703731446414,0.2643906145313708
SriLanka,LK11,,2024-03-11,2024-04-08,0,0.040881393960837,0.11163368943439819,0.0983126699558626,0.27366091213453997
SriLanka,LK11,,2024-03-18,2024-04-15,0,0.03765124936703338,0.09592986924882814,0.09034614997921739,0.2410932041486546
SriLanka,LK11,,2024-03-25,2024-04-22,0,0.040242131190180976,0.096784488797844,0.09411231428274223,0.23979786157370436
SriLanka,LK11,,2024-04-01,2024-04-29,0,0.04330283154855498,0.10397883599887839,0.09799961410865829,0.2495228668800544
SriLanka,LK11,,2024-04-08,2024-05-06,0,0.03813666145493102,0.09746371738438861,0.08457491980212986,0.23144909315249773
SriLanka,LK11,,2024-04-15,2024-05-13,0,0.05608675095704175,0.12396288213517224,0.11803928363231422,0.27616981001189506
SriLanka,LK11,,2024-04-22,2024-05-20,0,0.07754214856937963,0.14771134925326207,0.15347536190070493,0.30966669821063025
SriLanka,LK11,,2024-04-29,2024-05-27,0,0.10421275861047717,0.1784379178889055,0.19702980061376402,0.35443674761595356
SriLanka,LK11,,2024-05-06,2024-06-03,0,0.12362031525639068,0.1744191207771756,0.22380804369541477,0.3405373255311482
SriLanka,LK11,,2024-05-13,2024-06-10,0,0.24422852902448963,0.23043408609180285,0.3890875509901631,0.4130159569144051
SriLanka,LK11,,2024-05-20,2024-06-17,1,0.2908833510469707,0.24627918437825203,0.4383956585296175,0.4256036679521399
SriLanka,LK11,,2024-05-27,2024-06-24,1,0.3579172607546813,0.2923914370890239,0.5023998147960484,0.471699642353673
SriLanka,LK11,,2024-06-03,2024-07-01,1,0.37389191504693137,0.30199273200315735,0.511204898808797,0.470878253096069
SriLanka,LK11,,2024-06-10,2024-07-08,1,0.4017818680821577,0.3304933331297803,0.5298669422696113,0.49027418555797875
SriLanka,LK11,,2024-06-17,2024-07-15,1,0.41106026328511047,0.357389815785281,0.525344639838694,0.5054851790776279
SriLanka,LK11,,2024-06-24,2024-07-22,1,0.4067244451693155,0.38171801608283196,0.5074454400330943,0.5193248791004097
SriLanka,LK11,,2024-07-01,2024-07-29,1,0.44892493713625226,0.4168614494701273,0.5438996803827407,0.5506991959604347
SriLanka,LK11,,2024-07-08,2024-08-05,1,0.4570282206561559,0.43715376342623263,0.541984383442385,0.5644824385103886
SriLanka,LK11,,2024-07-15,2024-08-12,1,0.41103411244491284,0.41788519886427555,0.48963529264052075,0.5425902223538694
SriLanka,LK11,,2024-07-22,2024-08-19,1,0.39444941340020245,0.40242499181989516,0.4705659904656834,0.5267088200161919
SriLanka,LK11,,2024-07-29,2024-08-26,1,0.3582229261355708,0.3707508782706108,0.43178362271939535,0.4929294088323539
SriLanka,LK11,,2024-08-05,2024-09-02,0,0.3153459310546715,0.3246989545191051,0.38772753568470913,0.44525929501374917
SriLanka,LK11,,2024-08-12,2024-09-09,1,0.2936135382484495,0.29137354053563425,0.35714793175074516,0.40129344999573563
SriLanka,LK11,,2024-08-19,2024-09-16,0,0.27221486354959185,0.27902883852676746,0.3350554926781576,0.38790814672221974
SriLanka,LK11,,2024-08-26,2024-09-23,0,0.24183886676137042,0.2688538583749154,0.3023035384303391,0.37639567149892134
SriLanka,LK11,,2024-09-02,2024-09-30,0,0.2027758842919342,0.2285260485622256,0.2567163184088154,0.32652687687973675
SriLanka,LK11,,2024-09-09,2024-10-07,0,0.22546231781860818,0.256237254228985,0.2815032442756177,0.35846565385113427
SriLanka,LK11,,2024-09-16,2024-10-14,0,0.26354815369173,0.2623616115964914,0.32596699206357305,0.36669019863880975
SriLanka,LK11,,2024-09-23,2024-10-21,0,0.24195372678002652,0.24156835218206127,0.30340227257030844,0.3441356205500114
SriLanka,LK11,,2024-09-30,2024-10-28,0,0.2410005063502074,0.27229660210202805,0.3023561342007374,0.3818136377842712
SriLanka,LK11,,2024-10-07,2024-11-04,0,0.49640153128576026,0.31361558530026673,0.5720151350467674,0.4286493343220795
SriLanka,LK11,,2024-10-14,2024-11-11,0,0.4903945022732665,0.36191297984852056,0.564028462380519,0.4804352300786024
SriLanka,LK11,,2024-10-21,2024-11-18,0,0.42374976015407495,0.37668036335975913,0.49075514167613643,0.49039064841971597
SriLanka,LK11,,2024-10-28,2024-11-25,0,0.3753082079175997,0.3866688205336972,0.4350441987860082,0.4948287602076766
SriLanka,LK11,,2024-11-04,2024-12-02,0,0.3212560991089762,0.413203531958564,0.37341643275768077,0.5154738238333512
SriLanka,LK11,,2024-11-11,2024-12-09,1,0.32466771493725766,0.43331259308746944,0.385636585421438,0.5412546604971862
SriLanka,LK11,,2024-11-18,2024-12-16,1,0.39403323540111623,0.47457537211019885,0.46046117277796994,0.5808339806207011
SriLanka,LK11,,2024-11-25,2024-12-23,1,0.4318015677297004,0.4696859137939424,0.5035756317146871,0.5775841853728214
SriLanka,LK11,,2024-12-02,2024-12-30,0,0.4291848911839647,0.43160426641982813,0.49388275886786764,0.5308333809018748
SriLanka,LK11,,2024-12-09,2025-01-06,1,0.3645071565799795,0.480433239013281,0.41170730537666306,0.5626853429986264
SriLanka,LK11,,2024-12-16,2025-01-13,1,0.3647858377599838,0.4378394745322387,0.3987144187881095,0.5048984957018173
SriLanka,LK11,,2024-12-23,2025-01-20,1,0.3885444575132133,0.404276007593837,0.40592768485648945,0.4525530684195426
SriLanka,LK11,,2024-12-30,2025-01-27,1,0.2794290723828294,0.31295994312002123,0.28610157841817974,0.34872599326140225
SriLanka,LK11,,2025-01-06,2025-02-03,1,0.25093896390639214,0.304837493833337,0.24824570976676277,0.3311609256541466
SriLanka,LK11,,2025-01-13,2025-02-10,1,0.20778806706505087,0.26334108635013337,0.20096054971411897,0.281422666617925
SriLanka,LK11,,2025-01-20,2025-02-17,1,0.18922220571413062,0.25674047506799036,0.18097223350346406,0.27128048888381373
SriLanka,LK11,,2025-01-27,2025-02-24,1,0.12607188103153186,0.1843093503485843,0.11683927501038528,0.1905318629895648
SriLanka,LK11,,2025-02-03,2025-03-03,1,0.13982512739976458,0.17074788248601333,0.12796900922520926,0.17364213297392278
SriLanka,LK11,,2025-02-10,2025-03-10,1,0.12751174560690914,0.15186303596027675,0.11205685462730366,0.14793424202320463
SriLanka,LK11,,2025-02-17,2025-03-17,1,0.10947720075051613,0.12717403628423474,0.09478753524977628,0.12167890868207927
SriLanka,LK11,,2025-02-24,2025-03-24,1,0.08071115096975298,0.11581110867339511,0.07080190681222244,0.11157457140340213
SriLanka,LK11,,2025-03-03,2025-03-31,1,0.0846386345153896,0.136151568460271,0.07394905970033992,0.12979556930959324
SriLanka,LK11,,2025-03-10,2025-04-07,1,0.06857690457984646,0.12581811793762546,0.06072532832421067,0.12115517412881613
SriLanka,LK11,,2025-03-17,2025-04-14,1,0.08317265428445664,0.14587063500234373,0.0728287623023022,0.13903187103458872
SriLanka,LK11,,2025-03-24,2025-04-21,1,0.10375340638910835,0.16319197783814243,0.09082673516243003,0.15551713959722224
SriLanka,LK11,,2025-03-31,2025-04-28,1,0.16542018526889246,0.1706718191232558,0.1490048015131418,0.1661485249832231
SriLanka,LK11,,2025-04-07,2025-05-05,1,0.25354071131473416,0.24066218610514525,0.2350942194655641,0.23900587847310834
SriLanka,LK11,,2025-04-14,2025-05-12,1,0.2915116234051664,0.25598505155368834,0.2775172561016552,0.2602510665874375
SriLanka,LK11,,2025-04-21,2025-05-19,1,0.4042787106173124,0.36370071940496485,0.39260314797888846,0.3735405436605335
SriLanka,LK11,,2025-04-28,2025-05-26,1,0.4046251703820692,0.38896049595781873,0.4016427418291598,0.4080161076192717
SriLanka,LK11,,2025-05-05,2025-06-02,1,0.47877780926066993,0.4754013950825899,0.4869160109400967,0.5076168609519376
SriLanka,LK11,,2025-05-12,2025-06-09,1,0.5266229619117277,0.5614793786107103,0.5373476594022125,0.597594206412188
SriLanka,LK11,,2025-05-19,2025-06-16,1,0.5646603444791888,0.5908993534629251,0.5761796538130224,0.6295144970083282
SriLanka,LK11,,2025-05-26,2025-06-23,1,0.5589358469817989,0.5665294772273757,0.5762705530731018,0.6134720889569759
SriLanka,LK11,,2025-06-02,2025-06-30,1,0.47567080061827394,0.49901494455233575,0.4990420483660944,0.5548647256037209
SriLanka,LK11,,2025-06-09,2025-07-07,1,0.5114703280990612,0.5111861072217733,0.5444620770412175,0.5774505408292335
SriLanka,LK11,,2025-06-16,2025-07-14,1,0.5583197026484494,0.5351994994798803,0.5986005941301586,0.6078024672685567
SriLanka,LK11,,2025-06-23,2025-07-21,1,0.5075297615699575,0.48404316504347444,0.5589510796632633,0.5666519906779884
SriLanka,LK11,,2025-06-30,2025-07-28,1,0.5009830138997312,0.4524691541760136,0.5603087152898302,0.5411440955668787
SriLanka,LK11,,2025-07-07,2025-08-04,0,0.41327518631918225,0.35796960028104946,0.4804780281108457,0.4476861642761383
SriLanka,LK11,,2025-07-14,2025-08-11,0,0.37508814763236187,0.3197994215127599,0.4436320307748452,0.40593026645949387
SriLanka,LK11,,2025-07-21,2025-08-18,0,0.3322963135354295,0.29217654835882767,0.40190637894616543,0.3765829599559698
SriLanka,LK11,,2025-07-28,2025-08-25,0,0.2879958692225629,0.28258340531408305,0.35703706672965463,0.36799668474489383
SriLanka,LK11,,2025-08-04,2025-09-01,0,0.23375470560229245,0.19611461131972216,0.2921649589346314,0.26108934316413396
SriLanka,LK11,,2025-08-11,2025-09-08,0,0.1471518905629345,0.13366562696989556,0.1883768910662336,0.1811898848088405
SriLanka,LK11,,2025-08-18,2025-09-15,0,0.13959565445716846,0.1399353462480869,0.17538639517530616,0.1850599437110203
SriLanka,LK11,,2025-08-25,2025-09-22,0,0.12367450837654279,0.12883398638695884,0.15203038229720237,0.1668180950339638
SriLanka,LK11,,2025-09-01,2025-09-29,0,0.1334448307722618,0.12930384710175086,0.1614164883016964,0.1651072699058972
SriLanka,LK11,,2025-09-08,2025-10-06,0,0.11900089000599921,0.14117397767801276,0.14450706359252297,0.179740645669282
SriLanka,LK11,,2025-09-15,2025-10-13,0,0.17730831478225084,0.16475799047161177,0.21264650332833854,0.20853969858290847
SriLanka,LK11,,2025-09-22,2025-10-20,1,0.19175438258499153,0.21049364358705838,0.22916762316761796,0.262275685159209
SriLanka,LK11,,2025-09-29,2025-10-27,0,0.17749953395836449,0.22858861119848595,0.21298255873758076,0.2828264451111232
SriLanka,LK11,,2025-10-06,2025-11-03,0,0.1930353039856593,0.2611502617789124,0.23019483948570615,0.31845269451319963
SriLanka,LK11,,2025-10-13,2025-11-10,1,0.4521888274390969,0.3173253596699649,0.5052423746516157,0.376987604902036
SriLanka,LK11,,2025-10-20,2025-11-17,1,0.5742734470470933,0.4228939300261408,0.6249564509888917,0.4864977423124837
SriLanka,LK11,,2025-10-27,2025-11-24,1,0.5304718867395621,0.4114684814269631,0.5847952909855487,0.476155159663513
SriLanka,LK11,,2025-11-03,2025-12-01,1,0.5262878637802642,0.45866531118710385,0.5816953589552922,0.5246453906463919
SriLanka,LK11,,2025-11-10,2025-12-08,1,0.5565779784990986,0.5645059600883351,0.6105588630207243,0.62662569696434
SriLanka,LK11,,2025-11-17,2025-12-15,1,0.578043541578168,0.5640955172772201,0.6333787827077589,0.6285997190869095
SriLanka,LK12,,2023-01-02,2023-01-30,1,0.1888032822893848,0.26796287572071703,0.16300039458040166,0.24040342926190797
SriLanka,LK12,,2023-01-09,2023-02-06,1,0.1714149169106973,0.22734192700461797,0.1490983790608333,0.20267800305669953
SriLanka,LK12,,2023-01-16,2023-02-13,1,0.15163673266458855,0.23072709718914933,0.13938624487576498,0.21510461929288022
SriLanka,LK12,,2023-01-23,2023-02-20,1,0.1460854573526088,0.21396045468244773,0.13795459634628254,0.20358991691895362
SriLanka,LK12,,2023-01-30,2023-02-27,1,0.10000170311552088,0.16229220895048796,0.09769916159467269,0.15875524557729817
SriLanka,LK12,,2023-02-06,2023-03-06,1,0.0914032278073221,0.13830375281608023,0.09069591221397799,0.1368999945171344
SriLanka,LK12,,2023-02-13,2023-03-13,1,0.09233798747254869,0.12642104734998208,0.09619329013602079,0.13039540500951882
SriLanka,LK12,,2023-02-20,2023-03-20,1,0.08127930484518735,0.11260757235441746,0.08720344701150416,0.11861804256169789
SriLanka,LK12,,2023-02-27,2023-03-27,1,0.09099406296057302,0.12113482923576796,0.10075357851117817,0.13098999470326886
SriLanka,LK12,,2023-03-06,2023-04-03,1,0.064732267841922,0.10606899278535785,0.07481028814814386,0.11886972525670417
SriLanka,LK12,,2023-03-13,2023-04-10,1,0.05785772871304666,0.1016605407410302,0.06832092955665313,0.11620025141625098
SriLanka,LK12,,2023-03-20,2023-04-17,0,0.05460069953915923,0.10580264227688112,0.06610209738017297,0.12382096630262707
SriLanka,LK12,,2023-03-27,2023-04-24,1,0.0810931666945293,0.16634014132826364,0.10036190336948636,0.19757806340444828
SriLanka,LK12,,2023-04-03,2023-05-01,1,0.09254210616252077,0.14453550201603738,0.11672744175318342,0.17648395342198434
SriLanka,LK12,,2023-04-10,2023-05-08,1,0.11347747880448827,0.15351381438618206,0.14477027548427931,0.1905880500902468
SriLanka,LK12,,2023-04-17,2023-05-15,1,0.10748069909686254,0.1280025605960227,0.14173607177389144,0.16506509188794496
SriLanka,LK12,,2023-04-24,2023-05-22,0,0.17892890471194178,0.19410898334637075,0.23291721133990612,0.24743628555068584
SriLanka,LK12,,2023-05-01,2023-05-29,1,0.48722617149134984,0.2336043660299259,0.5773568581827176,0.29979009073751156
SriLanka,LK12,,2023-05-08,2023-06-05,1,0.5458369738792553,0.352371046907818,0.6397010920711573,0.43923368358252335
SriLanka,LK12,,2023-05-15,2023-06-12,1,0.5307238186889083,0.3510626638594854,0.634090085831059,0.4463584481192578
SriLanka,LK12,,2023-05-22,2023-06-19,1,0.4369900351990751,0.3224209225827323,0.5558297730976871,0.4260314601289431
SriLanka,LK12,,2023-05-29,2023-06-26,1,0.5966308607036412,0.5521773655134324,0.7135746078817741,0.6662756848020481
SriLanka,LK12,,2023-06-05,2023-07-03,1,0.6412653263758632,0.6356721846429944,0.7563853291965782,0.7468061644181164
SriLanka,LK12,,2023-06-12,2023-07-10,1,0.7369615627215178,0.7337094804904123,0.833394519877428,0.8282369952219669
SriLanka,LK12,,2023-06-19,2023-07-17,1,0.7764391162254375,0.7207631693985955,0.8652825781193771,0.8242044987007289
SriLanka,LK12,,2023-06-26,2023-07-24,1,0.7554484356780551,0.6312006333000093,0.853214068771867,0.7595711494617301
SriLanka,LK12,,2023-07-03,2023-07-31,1,0.6611833615677597,0.5807254295765323,0.7904560243098698,0.7237788279495366
SriLanka,LK12,,2023-07-10,2023-08-07,1,0.5997645066608287,0.5394272996038582,0.7462448920092887,0.6923131486556395
SriLanka,LK12,,2023-07-17,2023-08-14,1,0.5530639894368765,0.43278792215433504,0.7136572298977704,0.6005850475693073
SriLanka,LK12,,2023-07-24,2023-08-21,1,0.5258412023257706,0.38690752904889547,0.6920119887355467,0.5567981245476804
SriLanka,LK12,,2023-07-31,2023-08-28,1,0.47365592002239976,0.3495347117754316,0.6449393413505381,0.5181106099368109
SriLanka,LK12,,2023-08-07,2023-09-04,0,0.3738047726349547,0.28022335021836625,0.5450777616579026,0.43730175857981346
SriLanka,LK12,,2023-08-14,2023-09-11,0,0.30579537560949094,0.23059885505484362,0.47615072856529084,0.38083017836564353
SriLanka,LK12,,2023-08-21,2023-09-18,0,0.26342517711211577,0.21609804165953359,0.42492912361502705,0.36195632037727415
SriLanka,LK12,,2023-08-28,2023-09-25,0,0.19115908270075174,0.1786648373335232,0.32847275798716885,0.31006981191897304
SriLanka,LK12,,2023-09-04,2023-10-02,1,0.1569899012829215,0.14946153163319464,0.2799165685576419,0.2679425418656559
SriLanka,LK12,,2023-09-11,2023-10-09,0,0.15934852165181834,0.15758647374029078,0.28410568447063494,0.2803260895279385
SriLanka,LK12,,2023-09-18,2023-10-16,1,0.1712464453916665,0.16098309272675226,0.3044005871391018,0.2868299478544394
SriLanka,LK12,,2023-09-25,2023-10-23,1,0.1965852180914589,0.16908450054272237,0.341578924291117,0.29800602587951647
SriLanka,LK12,,2023-10-02,2023-10-30,1,0.319939006717832,0.2290428295488384,0.5017547566960724,0.3834486141476821
SriLanka,LK12,,2023-10-09,2023-11-06,0,0.3681307279689152,0.262342851934671,0.557793828833306,0.42858603426774633
SriLanka,LK12,,2023-10-16,2023-11-13,0,0.4153936227682631,0.31614377256851317,0.6087734614789385,0.4950187382240572
SriLanka,LK12,,2023-10-23,2023-11-20,0,0.4846768005329936,0.4201410007089169,0.6770927839807044,0.6088641353016805
SriLanka,LK12,,2023-10-30,2023-11-27,0,0.5279277201095084,0.4692390028793274,0.7136496575395987,0.6554806853272878
SriLanka,LK12,,2023-11-06,2023-12-04,1,0.45584106437715816,0.3553045013035607,0.6539487658625075,0.5474139309107742
SriLanka,LK12,,2023-11-13,2023-12-11,1,0.4503859956973782,0.344004886711045,0.6428959563777309,0.5313449014667099
SriLanka,LK12,,2023-11-20,2023-12-18,1,0.44644587093216515,0.3331386269584171,0.6356892744401745,0.5179673059851102
SriLanka,LK12,,2023-11-27,2023-12-25,1,0.4820101382090281,0.3819964413573635,0.660633555035627,0.5641655550247503
SriLanka,LK12,,2023-12-04,2024-01-01,1,0.540679350739027,0.4654425738682017,0.7166125698499454,0.6536298782268197
SriLanka,LK12,,2023-12-11,2024-01-08,1,0.485507427084319,0.4134254393019091,0.6815698216345263,0.6188115651104806
SriLanka,LK12,,2023-12-18,2024-01-15,1,0.5222103375471733,0.45676170984503983,0.7253899059516292,0.6747484750125929
SriLanka,LK12,,2023-12-25,2024-01-22,1,0.42902290349212924,0.36079601066338635,0.6571347304742886,0.5958301233923693
SriLanka,LK12,,2024-01-01,2024-01-29,1,0.34172834904475535,0.3025298150491911,0.5778279962414117,0.5404278856210489
SriLanka,LK12,,2024-01-08,2024-02-05,1,0.23065033454061495,0.21490238898557057,0.44941198168486374,0.43612089749109517
SriLanka,LK12,,2024-01-15,2024-02-12,1,0.23575703687490612,0.19866858017084185,0.4556762591658267,0.41467095978945195
SriLanka,LK12,,2024-01-22,2024-02-19,1,0.2006173528460977,0.16496180944423608,0.4058240439877164,0.36378959810948897
SriLanka,LK12,,2024-01-29,2024-02-26,0,0.1476709884971059,0.1383591178009384,0.3235046923574439,0.3224556972858103
SriLanka,LK12,,2024-02-05,2024-03-04,0,0.1161516872266467,0.12557220649741835,0.2681200627770733,0.3025082902055493
SriLanka,LK12,,2024-02-12,2024-03-11,0,0.07296477544223041,0.11104454992116743,0.18115273494823259,0.27788281833280587
SriLanka,LK12,,2024-02-19,2024-03-18,0,0.042043622748635524,0.08705147896183046,0.10888080014513166,0.22836083853930936
SriLanka,LK12,,2024-02-26,2024-03-25,0,0.026254432621588816,0.0763275876052914,0.067924923926769,0.20257225402433332
SriLanka,LK12,,2024-03-04,2024-04-01,0,0.02123086419702314,0.06571434336640632,0.05347824265360665,0.1749401594727463
SriLanka,LK12,,2024-03-11,2024-04-08,0,0.02265464854443874,0.07178502539125697,0.05597485574524811,0.1882298589658123
SriLanka,LK12,,2024-03-18,2024-04-15,0,0.027045549386278043,0.07498235812635881,0.06591386920685995,0.195294800800997
SriLanka,LK12,,2024-03-25,2024-04-22,0,0.03107717087607486,0.07887289412703252,0.0736197566507063,0.20131849973406246
SriLanka,LK12,,2024-04-01,2024-04-29,0,0.03946607728417823,0.09025404628192413,0.08977131892713516,0.2213323459552034
SriLanka,LK12,,2024-04-08,2024-05-06,0,0.039568734035979956,0.09982561106423742,0.08759199926040896,0.23620815359936287
SriLanka,LK12,,2024-04-15,2024-05-13,0,0.05818770391370826,0.12604705624852675,0.12216057515819881,0.2799951137753172
SriLanka,LK12,,2024-04-22,2024-05-20,0,0.07318197204404561,0.13742132297078158,0.1455190311328206,0.2919592216739375
SriLanka,LK12,,2024-04-29,2024-05-27,0,0.09190947859182906,0.1615155243272127,0.17592059689447093,0.3274763739851911
SriLanka,LK12,,2024-05-06,2024-06-03,0,0.12152206658590148,0.18628106757207316,0.22043700950794703,0.3587869744906543
SriLanka,LK12,,2024-05-13,2024-06-10,0,0.2288312934864958,0.22129328934858955,0.36901687299324126,0.40040084057253983
SriLanka,LK12,,2024-05-20,2024-06-17,0,0.2729750707696548,0.21883529676098035,0.41674296413645123,0.3884763175560916
SriLanka,LK12,,2024-05-27,2024-06-24,0,0.31444637666181513,0.23005361302595884,0.4537826828986461,0.39232885989043736
SriLanka,LK12,,2024-06-03,2024-07-01,1,0.348443978408321,0.2539289022836496,0.48363021329379013,0.41179279019052595
SriLanka,LK12,,2024-06-10,2024-07-08,1,0.38070717257321457,0.28151225670646,0.5077765168631945,0.4329252156937614
SriLanka,LK12,,2024-06-17,2024-07-15,1,0.3550754668377823,0.2584603838578905,0.4661136742681732,0.39047086924824187
SriLanka,LK12,,2024-06-24,2024-07-22,1,0.3346626190003883,0.25715189461958693,0.4304870400953561,0.37725303714193187
SriLanka,LK12,,2024-07-01,2024-07-29,1,0.3652138774620627,0.2692824206885932,0.45717081183280256,0.38719951947682296
SriLanka,LK12,,2024-07-08,2024-08-05,1,0.3335941237082204,0.2481466187654241,0.4130604846644391,0.3551618114625693
SriLanka,LK12,,2024-07-15,2024-08-12,1,0.27900166262751636,0.22692252973476737,0.3472403491840545,0.3266150424970693
SriLanka,LK12,,2024-07-22,2024-08-19,1,0.2664821815297164,0.22674370374977845,0.3314199946440599,0.32640676443043454
SriLanka,LK12,,2024-07-29,2024-08-26,1,0.25542722858436956,0.21137212958095694,0.31834993324063643,0.3066215513135332
SriLanka,LK12,,2024-08-05,2024-09-02,1,0.24580540431675266,0.2154626197745278,0.30943943699413606,0.3143434504975364
SriLanka,LK12,,2024-08-12,2024-09-09,0,0.20740293894301626,0.1786654930311775,0.25912564457987836,0.2617734461461687
SriLanka,LK12,,2024-08-19,2024-09-16,0,0.20046733573335582,0.17182100931673144,0.2524912679533719,0.25358062341628385
SriLanka,LK12,,2024-08-26,2024-09-23,0,0.1925506891303422,0.16879584370405423,0.24466912729480045,0.2499994455152982
SriLanka,LK12,,2024-09-02,2024-09-30,0,0.1887565888929434,0.18254412215567206,0.24009085156578439,0.26766768964723425
SriLanka,LK12,,2024-09-09,2024-10-07,1,0.18264669848147985,0.16799202094002394,0.23122239929114102,0.24669134292405206
SriLanka,LK12,,2024-09-16,2024-10-14,0,0.2131648774338446,0.18646027130583623,0.2679932404398707,0.27172484629448596
SriLanka,LK12,,2024-09-23,2024-10-21,0,0.21872156441871113,0.20519133319642238,0.2764213978282862,0.2983899605106887
SriLanka,LK12,,2024-09-30,2024-10-28,0,0.21846835938724135,0.24245747945566135,0.27617487734245216,0.34567412051900825
SriLanka,LK12,,2024-10-07,2024-11-04,1,0.3888745152194254,0.29009012844528764,0.4631733441404357,0.40154290010453986
SriLanka,LK12,,2024-10-14,2024-11-11,0,0.3918664628508361,0.3122635257913893,0.46418173697693416,0.4253652397436955
SriLanka,LK12,,2024-10-21,2024-11-18,1,0.36681399383401764,0.34513889034126183,0.43155880994216794,0.4562978189640047
SriLanka,LK12,,2024-10-28,2024-11-25,1,0.3539615816356997,0.37908145755343486,0.4125437193343582,0.4868035642965336
SriLanka,LK12,,2024-11-04,2024-12-02,1,0.34262858613119485,0.415118002083291,0.39623327127107877,0.5174442963578941
SriLanka,LK12,,2024-11-11,2024-12-09,1,0.3414494399826889,0.4143712752670102,0.4036859389868959,0.5219407652865466
SriLanka,LK12,,2024-11-18,2024-12-16,0,0.425704305756129,0.47359068831994994,0.4931264939759316,0.5798721435241428
SriLanka,LK12,,2024-11-25,2024-12-23,1,0.5016901828658692,0.5155391508399776,0.5733587436502561,0.6216237431012539
SriLanka,LK12,,2024-12-02,2024-12-30,1,0.4943512520313781,0.4612974674944593,0.5592481831513172,0.5606199724351005
SriLanka,LK12,,2024-12-09,2025-01-06,1,0.38448707473088917,0.44528082921617984,0.43251358869455225,0.5276262881352042
SriLanka,LK12,,2024-12-16,2025-01-13,1,0.3548474712083956,0.35463891276592313,0.3884169129786862,0.4184401171964719
SriLanka,LK12,,2024-12-23,2025-01-20,1,0.35711700050798023,0.32623743102211045,0.37395409247113937,0.37099906265581417
SriLanka,LK12,,2024-12-30,2025-01-27,1,0.3197521774818319,0.3100018512804935,0.32695066694698965,0.3455998947899631
SriLanka,LK12,,2025-01-06,2025-02-03,1,0.265983454357752,0.28423865370064216,0.2631854645575725,0.30957545853670954
SriLanka,LK12,,2025-01-13,2025-02-10,1,0.18632471891359675,0.21595444024826957,0.18004216852583665,0.23180618931330924
SriLanka,LK12,,2025-01-20,2025-02-17,1,0.1486438166898854,0.1920767545814875,0.14185349978432746,0.2039595879174844
SriLanka,LK12,,2025-01-27,2025-02-24,1,0.1091151241518933,0.15463032978525945,0.10098082331386259,0.1600474453214242
SriLanka,LK12,,2025-02-03,2025-03-03,1,0.10236281520772816,0.11815411464298607,0.09333853114687551,0.12028619162650106
SriLanka,LK12,,2025-02-10,2025-03-10,1,0.08553952104050493,0.09845551922867171,0.07473605656036514,0.09575242315941698
SriLanka,LK12,,2025-02-17,2025-03-17,1,0.0765970095317165,0.09037013198369834,0.065992270602414,0.08630803078278444
SriLanka,LK12,,2025-02-24,2025-03-24,1,0.0526869967679351,0.0822405549637756,0.04604605717164052,0.07912218330111001
SriLanka,LK12,,2025-03-03,2025-03-31,1,0.049986493222421984,0.08792542667555513,0.04346555342972006,0.08360289599895337
SriLanka,LK12,,2025-03-10,2025-04-07,1,0.045628766838021695,0.09094301859350783,0.04029093741666268,0.08744329275369914
SriLanka,LK12,,2025-03-17,2025-04-14,1,0.04926688702659848,0.09739954601016844,0.04294223351144614,0.09258689192631687
SriLanka,LK12,,2025-03-24,2025-04-21,1,0.06556091210011593,0.1123679173966973,0.057089552501608555,0.10677831165007841
SriLanka,LK12,,2025-03-31,2025-04-28,1,0.11741316450284703,0.13246932829591357,0.10516144891162416,0.12880126448967008
SriLanka,LK12,,2025-04-07,2025-05-05,1,0.17081821015228996,0.15705633548416253,0.157123390869311,0.1558573245040157
SriLanka,LK12,,2025-04-14,2025-05-12,1,0.2451371439411203,0.20680074558266523,0.2326380276419162,0.21047897850206237
SriLanka,LK12,,2025-04-21,2025-05-19,1,0.28567127733288483,0.24595100447738533,0.275835051618444,0.2538761949607163
SriLanka,LK12,,2025-04-28,2025-05-26,1,0.30774223211271157,0.27815127630943465,0.3051079576145281,0.29439370658765107
SriLanka,LK12,,2025-05-05,2025-06-02,1,0.35705854044133917,0.3414442414243121,0.36457493791452805,0.37100189281347545
SriLanka,LK12,,2025-05-12,2025-06-09,1,0.4032570619926539,0.41407618433900434,0.41366484930059655,0.45044890940083476
SriLanka,LK12,,2025-05-19,2025-06-16,1,0.44276086434442297,0.4359678426553871,0.45438898963260715,0.47624471984594563
SriLanka,LK12,,2025-05-26,2025-06-23,1,0.4833957363234051,0.4379652579664567,0.5010490619331579,0.4862038257005888
SriLanka,LK12,,2025-06-02,2025-06-30,1,0.4692444661641026,0.4714824814314862,0.49259660481030165,0.5274953205495387
SriLanka,LK12,,2025-06-09,2025-07-07,1,0.4835325014831564,0.4557531042292832,0.51662789951496,0.5225129238351861
SriLanka,LK12,,2025-06-16,2025-07-14,1,0.53398497216822,0.44794825717724196,0.574794991514137,0.5220080143966391
SriLanka,LK12,,2025-06-23,2025-07-21,1,0.47290585150295106,0.3759472845301001,0.5245557223219939,0.45642763709142425
SriLanka,LK12,,2025-06-30,2025-07-28,1,0.46880214083308,0.3536638186155061,0.5283518621397363,0.4384821638884854
SriLanka,LK12,,2025-07-07,2025-08-04,0,0.3984990480274954,0.29719164428746,0.4652042391257103,0.3807081850920572
SriLanka,LK12,,2025-07-14,2025-08-11,0,0.40863106364300034,0.29933001155895184,0.47860999749764543,0.3830524915480396
SriLanka,LK12,,2025-07-21,2025-08-18,0,0.3632117438433253,0.26181803533851455,0.43507810236262845,0.34168787753994845
SriLanka,LK12,,2025-07-28,2025-08-25,0,0.26363587050345516,0.22358120160726996,0.329540119572432,0.29858288804976385
SriLanka,LK12,,2025-08-04,2025-09-01,0,0.21623232747076507,0.1684783373502984,0.27181733016803794,0.22688104764034747
SriLanka,LK12,,2025-08-11,2025-09-08,0,0.17829761962413634,0.15015812053863126,0.22593660415285174,0.20217776325423867
SriLanka,LK12,,2025-08-18,2025-09-15,0,0.1683041208859027,0.15092307512311265,0.2096617869386784,0.19877198217335454
SriLanka,LK12,,2025-08-25,2025-09-22,0,0.15134928201495357,0.1320905837110282,0.1847129256756184,0.17084653867422106
SriLanka,LK12,,2025-09-01,2025-09-29,0,0.14544732926176324,0.128893988392035,0.17542554332163196,0.16460537870439748
SriLanka,LK12,,2025-09-08,2025-10-06,0,0.1363467513174359,0.15287824166130007,0.1648749899181945,0.19392037245308574
SriLanka,LK12,,2025-09-15,2025-10-13,0,0.14782806009643923,0.17756453459682597,0.17856601476253048,0.22383736226387393
SriLanka,LK12,,2025-09-22,2025-10-20,0,0.16870480050437747,0.19186169904912687,0.2027489599110873,0.24045620718487484
SriLanka,LK12,,2025-09-29,2025-10-27,1,0.15855057792532828,0.2013154919769596,0.1911258351894,0.2511893204434519
SriLanka,LK12,,2025-10-06,2025-11-03,1,0.18205226788708717,0.24645963140338173,0.21766784522096194,0.3018555388292538
SriLanka,LK12,,2025-10-13,2025-11-10,1,0.3962487782360229,0.28457055077393106,0.44810779721634325,0.3411519093134329
SriLanka,LK12,,2025-10-20,2025-11-17,1,0.46417024141894353,0.33099105541542706,0.5169350900476243,0.39011625929385096
SriLanka,LK12,,2025-10-27,2025-11-24,1,0.5019036673334905,0.3788290943854183,0.5567706654343181,0.4422403069304248
SriLanka,LK12,,2025-11-03,2025-12-01,1,0.4966845763670628,0.42846316726365274,0.5526111610225114,0.4940638600506971
SriLanka,LK12,,2025-11-10,2025-12-08,1,0.45533066139327194,0.45409184529625934,0.5108037295035514,0.5185282321450356
SriLanka,LK12,,2025-11-17,2025-12-15,1,0.5205198460141848,0.49106788945554053,0.5778900670423864,0.557909358673061
SriLanka,LK13,,2023-01-02,2023-01-30,1,0.16089011582842386,0.2593234959329791,0.1382518452989635,0.2323705422396894
SriLanka,LK13,,2023-01-09,2023-02-06,1,0.15199472029595604,0.23286104261928287,0.13180431762231573,0.20775935938610418
SriLanka,LK13,,2023-01-16,2023-02-13,0,0.11120597095501443,0.19177962959692224,0.10182975829810893,0.17818344970451927
SriLanka,LK13,,2023-01-23,2023-02-20,0,0.10303087183176433,0.17306249173666272,0.09702407479048772,0.16426000961988307
SriLanka,LK13,,2023-01-30,2023-02-27,0,0.08662598144411465,0.160035642646151,0.08460246555258427,0.1565386685348806
SriLanka,LK13,,2023-02-06,2023-03-06,0,0.07398022443907103,0.12442786624146905,0.07339684384804991,0.1231448186108006
SriLanka,LK13,,2023-02-13,2023-03-13,0,0.053228029717862155,0.08133819595985234,0.05555034785514686,0.08403159540748724
SriLanka,LK13,,2023-02-20,2023-03-20,0,0.042398860779620635,0.059534961834116225,0.04562990209529946,0.06291349712074645
SriLanka,LK13,,2023-02-27,2023-03-27,0,0.052912519843430955,0.06808788904242614,0.05885206003439485,0.07399065213168007
SriLanka,LK13,,2023-03-06,2023-04-03,0,0.0513330709782562,0.06399043134855341,0.059457619335927206,0.07212270229040663
SriLanka,LK13,,2023-03-13,2023-04-10,1,0.05158111982720305,0.06679886939472246,0.06098270745149002,0.07677872803813862
SriLanka,LK13,,2023-03-20,2023-04-17,1,0.04685810430160988,0.06141149017278942,0.05682659210150279,0.07248274018235189
SriLanka,LK13,,2023-03-27,2023-04-24,1,0.06558155787257142,0.08288015128066821,0.08149140826374451,0.10033096120654404
SriLanka,LK13,,2023-04-03,2023-05-01,1,0.07605218190105177,0.09472112300397123,0.0963857113330524,0.11716659825289884
SriLanka,LK13,,2023-04-10,2023-05-08,1,0.13953896837149846,0.15650234641653657,0.1765870001371566,0.1941328009718224
SriLanka,LK13,,2023-04-17,2023-05-15,1,0.2237110825777912,0.23607382941700214,0.28325400272389595,0.293881963393913
SriLanka,LK13,,2023-04-24,2023-05-22,1,0.25311481649906026,0.25069284034795486,0.3207431320272191,0.31351775988831576
SriLanka,LK13,,2023-05-01,2023-05-29,1,0.6643415233792636,0.28592842936824614,0.7399562064563132,0.359975679739374
SriLanka,LK13,,2023-05-08,2023-06-05,1,0.7119557466835357,0.32817797916394603,0.7850099323969287,0.4128788770353314
SriLanka,LK13,,2023-05-15,2023-06-12,1,0.7323632623089992,0.35094658170760085,0.8074304621266639,0.44623252323234885
SriLanka,LK13,,2023-05-22,2023-06-19,1,0.7421205679006191,0.5045885076385084,0.822687206926306,0.6137164939346191
SriLanka,LK13,,2023-05-29,2023-06-26,1,0.9555015916352582,0.694936791138011,0.9730943681581039,0.7867118731060001
SriLanka,LK13,,2023-06-05,2023-07-03,1,0.9000355553247866,0.6777099615379631,0.9398976830170404,0.7804496966482434
SriLanka,LK13,,2023-06-12,2023-07-10,1,0.8510968807936852,0.6625320972629594,0.9107537403559094,0.7745627870311078
SriLanka,LK13,,2023-06-19,2023-07-17,1,0.8027164511156172,0.5969807898517796,0.8826949420481545,0.729038077061679
SriLanka,LK13,,2023-06-26,2023-07-24,1,0.7516625064647862,0.5117207410894058,0.8506424260708724,0.6592267702334824
SriLanka,LK13,,2023-07-03,2023-07-31,0,0.5537537349490627,0.3899165891416553,0.705775345381902,0.5473251775839966
SriLanka,LK13,,2023-07-10,2023-08-07,1,0.5069815494824655,0.3874262855589881,0.668659450420041,0.5485403499431087
SriLanka,LK13,,2023-07-17,2023-08-14,1,0.4061290890472808,0.28498718321977257,0.5793642192654046,0.43992476231837785
SriLanka,LK13,,2023-07-24,2023-08-21,1,0.44961943785356745,0.2585880191498195,0.62337000591313,0.4097950027630783
SriLanka,LK13,,2023-07-31,2023-08-28,0,0.2993399674359096,0.2093939433195295,0.4630422188726719,0.3463724093232316
SriLanka,LK13,,2023-08-07,2023-09-04,0,0.29413387825878284,0.21934268190244136,0.455453412017815,0.3593314436426408
SriLanka,LK13,,2023-08-14,2023-09-11,0,0.24145211147192716,0.19475565415310742,0.39643211261200517,0.3317028776003639
SriLanka,LK13,,2023-08-21,2023-09-18,0,0.25263228618391886,0.21174341194000706,0.41121333969617857,0.35599727543071413
SriLanka,LK13,,2023-08-28,2023-09-25,0,0.5180180148089758,0.18008405004490455,0.6898672774494351,0.3121361483948194
SriLanka,LK13,,2023-09-04,2023-10-02,0,0.4764186919123118,0.1811103182802837,0.6550984921222324,0.3153771482924258
SriLanka,LK13,,2023-09-11,2023-10-09,1,0.3075225783313314,0.17320756855517808,0.48180054853980125,0.3037273313777749
SriLanka,LK13,,2023-09-18,2023-10-16,0,0.24100300728673493,0.19039478658343262,0.40208173467919545,0.33018557420280037
SriLanka,LK13,,2023-09-25,2023-10-23,1,0.2972045823734452,0.1795902505035704,0.4727430742189514,0.31349983287622984
SriLanka,LK13,,2023-10-02,2023-10-30,0,0.48289416850746275,0.20929318429854882,0.6665497568094719,0.3565422946494625
SriLanka,LK13,,2023-10-09,2023-11-06,0,0.7568710173235105,0.49722913755862924,0.8708008569911081,0.6759280131420032
SriLanka,LK13,,2023-10-16,2023-11-13,0,0.6348513568519554,0.35296470061692986,0.7919892433548675,0.5363338694425875
SriLanka,LK13,,2023-10-23,2023-11-20,0,0.9219392128268226,0.8428357145887105,0.9634115030227506,0.9201373862710215
SriLanka,LK13,,2023-10-30,2023-11-27,0,0.6294356225271028,0.5195342424767418,0.7910300099055109,0.6994320977644589
SriLanka,LK13,,2023-11-06,2023-12-04,1,0.522316145593408,0.4586941993263497,0.7115375467960598,0.6503162518397918
SriLanka,LK13,,2023-11-13,2023-12-11,1,0.3593193838048647,0.29066530665881446,0.5519981984797713,0.46975863110289917
SriLanka,LK13,,2023-11-20,2023-12-18,1,0.4353000489884572,0.327141242476258,0.6251545627897226,0.5111931906577306
SriLanka,LK13,,2023-11-27,2023-12-25,1,0.3936302660189678,0.31333203476303356,0.5759162966625657,0.4886471487917456
SriLanka,LK13,,2023-12-04,2024-01-01,0,0.4414654084018376,0.4002916694054374,0.6293491391809252,0.5912738266902374
SriLanka,LK13,,2023-12-11,2024-01-08,1,0.4608547688759096,0.43723938356895997,0.6597274723182444,0.6415173737786601
SriLanka,LK13,,2023-12-18,2024-01-15,1,0.9762948981810431,0.9861233442476364,0.9900534345523246,0.9943289898773395
SriLanka,LK13,,2023-12-25,2024-01-22,1,0.6768636305452888,0.6940644154374707,0.8423456787771696,0.8556007015027232
SriLanka,LK13,,2024-01-01,2024-01-29,1,0.4391753906989081,0.44164836907896116,0.673697344736463,0.6819765958049602
SriLanka,LK13,,2024-01-08,2024-02-05,1,0.25753058900248105,0.26591342451875244,0.48569208973488665,0.5058116304135192
SriLanka,LK13,,2024-01-15,2024-02-12,0,0.33490928516170154,0.3320632921040105,0.5774364786788942,0.5868794430918323
SriLanka,LK13,,2024-01-22,2024-02-19,0,0.22313946377893154,0.1865267936124692,0.4387394938632124,0.3989293184535569
SriLanka,LK13,,2024-01-29,2024-02-26,0,0.18431081979015204,0.1762343555554909,0.38411084596102385,0.3880314202569428
SriLanka,LK13,,2024-02-05,2024-03-04,0,0.15741253204011155,0.15516859374707279,0.3424487585035088,0.35679134572139265
SriLanka,LK13,,2024-02-12,2024-03-11,1,0.10474755684530795,0.11292327739898483,0.24748055971618937,0.28168978516594173
SriLanka,LK13,,2024-02-19,2024-03-18,0,0.07913252743749329,0.09350211044649122,0.19304850396681136,0.24250127504033317
SriLanka,LK13,,2024-02-26,2024-03-25,0,0.05410998296100076,0.07454645885823824,0.13391210744809628,0.19847819161042896
SriLanka,LK13,,2024-03-04,2024-04-01,0,0.042178307857755386,0.06552543519857201,0.10289768010572686,0.17449590498013115
SriLanka,LK13,,2024-03-11,2024-04-08,0,0.051082475616317895,0.09017146764714727,0.12103603382534896,0.22908076472913985
SriLanka,LK13,,2024-03-18,2024-04-15,0,0.05401874152098836,0.09856434368854562,0.12660712776560604,0.24662671275953038
SriLanka,LK13,,2024-03-25,2024-04-22,0,0.050764563076758515,0.10570032797635663,0.11700341543905346,0.25812313766937334
SriLanka,LK13,,2024-04-01,2024-04-29,0,0.04303998513763341,0.10361020756190095,0.09743857504962523,0.2487815163579223
SriLanka,LK13,,2024-04-08,2024-05-06,0,0.04303964820510249,0.10918146542807194,0.09485938588699439,0.25472902114311996
SriLanka,LK13,,2024-04-15,2024-05-13,0,0.05663772178226982,0.1240895342590339,0.11912204342767199,0.2764029056313242
SriLanka,LK13,,2024-04-22,2024-05-20,0,0.06838149971872329,0.13258238506983935,0.13667323846894278,0.2834669058445821
SriLanka,LK13,,2024-04-29,2024-05-27,0,0.09692763365314581,0.16690649975465977,0.18459325470188587,0.33618572699168303
SriLanka,LK13,,2024-05-06,2024-06-03,0,0.14055161795988777,0.180920746906052,0.25053846289635984,0.35060149586224026
SriLanka,LK13,,2024-05-13,2024-06-10,0,0.28661125058294784,0.2256142531426754,0.44190991501437,0.406393897044818
SriLanka,LK13,,2024-05-20,2024-06-17,0,0.3030972716121259,0.2222591269010177,0.4528480026932127,0.3932182674548014
SriLanka,LK13,,2024-05-27,2024-06-24,0,0.32957795867444223,0.24388603975606238,0.4710125813818332,0.41071365102817636
SriLanka,LK13,,2024-06-03,2024-07-01,0,0.3360110322238335,0.2454084614170952,0.46985206923038286,0.40082110734789617
SriLanka,LK13,,2024-06-10,2024-07-08,0,0.33633894237789436,0.25916072932188594,0.459589370705343,0.40533392963301745
SriLanka,LK13,,2024-06-17,2024-07-15,0,0.3193970700429172,0.24352674957986972,0.4266592701171727,0.37173341648948743
SriLanka,LK13,,2024-06-24,2024-07-22,0,0.2927924691510444,0.252996950498863,0.3835391574825245,0.37212966629667815
SriLanka,LK13,,2024-07-01,2024-07-29,0,0.27974348535368143,0.23478077172210923,0.36246829728572,0.34471706058525625
SriLanka,LK13,,2024-07-08,2024-08-05,0,0.2549397201824897,0.22724708376187647,0.32480163303268245,0.32919552633431504
SriLanka,LK13,,2024-07-15,2024-08-12,0,0.18791942171331483,0.1915340956968417,0.24133779774780278,0.2813374622359062
SriLanka,LK13,,2024-07-22,2024-08-19,0,0.1902149995680567,0.18356866094542712,0.24271736364372637,0.27090301439058717
SriLanka,LK13,,2024-07-29,2024-08-26,0,0.1265805404040609,0.13179217918951258,0.16478751353987017,0.20028850314595392
SriLanka,LK13,,2024-08-05,2024-09-02,0,0.12896662680803617,0.13445390647309716,0.16913674770693754,0.20591564930481623
SriLanka,LK13,,2024-08-12,2024-09-09,0,0.13045572669332287,0.12658959317435636,0.1670331116179056,0.191110359769969
SriLanka,LK13,,2024-08-19,2024-09-16,0,0.12558068449878412,0.12397952486117973,0.16211093537249907,0.18814591535162353
SriLanka,LK13,,2024-08-26,2024-09-23,0,0.11930107682447783,0.13335599922315708,0.15540879130590593,0.2016464208800437
SriLanka,LK13,,2024-09-02,2024-09-30,0,0.11543801854349503,0.12975665365918954,0.15053252612931559,0.19617173057069054
SriLanka,LK13,,2024-09-09,2024-10-07,0,0.1123396792674993,0.12385579308577721,0.14554656201364483,0.1865137083662616
SriLanka,LK13,,2024-09-16,2024-10-14,0,0.15442410723689567,0.14105303951459125,0.19794461915919523,0.21093750927848182
SriLanka,LK13,,2024-09-23,2024-10-21,0,0.19041950192736373,0.17839897653683473,0.24297508270044957,0.26346224746877084
SriLanka,LK13,,2024-09-30,2024-10-28,0,0.19737913263863247,0.20467915249082527,0.25130635511575633,0.2981427396156084
SriLanka,LK13,,2024-10-07,2024-11-04,0,0.3240857913629017,0.23378940774838647,0.39398637371706086,0.3337816526547171
SriLanka,LK13,,2024-10-14,2024-11-11,0,0.30670853621670136,0.2551390982348237,0.37294621225238517,0.358330691359691
SriLanka,LK13,,2024-10-21,2024-11-18,0,0.2808006075079858,0.27717432193416386,0.33847925612645885,0.37911621423241937
SriLanka,LK13,,2024-10-28,2024-11-25,0,0.273276385486578,0.31434285652803795,0.3252272942571694,0.41599346197875836
SriLanka,LK13,,2024-11-04,2024-12-02,0,0.24664096763023613,0.3330536723727981,0.29189652514097486,0.430024030307296
SriLanka,LK13,,2024-11-11,2024-12-09,0,0.235966458784723,0.3232453846728594,0.2873661402726673,0.4242980532066476
SriLanka,LK13,,2024-11-18,2024-12-16,0,0.28070100176030244,0.32974586260794597,0.33870211209364975,0.430122712591262
SriLanka,LK13,,2024-11-25,2024-12-23,0,0.2753956108019417,0.3311457075513204,0.33657163914508637,0.43321682366387726
SriLanka,LK13,,2024-12-02,2024-12-30,0,0.27076555946332387,0.3066352336030399,0.3251871438186316,0.39721129708294795
SriLanka,LK13,,2024-12-09,2025-01-06,0,0.19896340163784385,0.2824466030637121,0.23257231807053552,0.3538900975693082
SriLanka,LK13,,2024-12-16,2025-01-13,0,0.21179764582786437,0.2765710042489209,0.23680142292118292,0.3335871746110291
SriLanka,LK13,,2024-12-23,2025-01-20,0,0.19657817866161928,0.22617770363577502,0.20829870300438585,0.26256057494328905
SriLanka,LK13,,2024-12-30,2025-01-27,0,0.17417636768969488,0.2164709646273951,0.1789597450611912,0.2451445454287058
SriLanka,LK13,,2025-01-06,2025-02-03,0,0.11901701286162408,0.14408848519411538,0.11751750597315525,0.15972016694813634
SriLanka,LK13,,2025-01-13,2025-02-10,0,0.10775885152788245,0.1342930614889072,0.1037875036019103,0.14526115796104785
SriLanka,LK13,,2025-01-20,2025-02-17,0,0.07648858893388238,0.10060750249248418,0.07271293125256957,0.10758512148437978
SriLanka,LK13,,2025-01-27,2025-02-24,0,0.05761615583270705,0.08012847253327263,0.053092200629299084,0.08319243691352426
SriLanka,LK13,,2025-02-03,2025-03-03,0,0.05995915370116916,0.06372747334837006,0.05444641999991674,0.06494976337226546
SriLanka,LK13,,2025-02-10,2025-03-10,0,0.05937217298504539,0.05664864666988258,0.05168679311124079,0.0550233048955473
SriLanka,LK13,,2025-02-17,2025-03-17,0,0.06133015496652434,0.057287746041335484,0.05271841608450794,0.05462338788699017
SriLanka,LK13,,2025-02-24,2025-03-24,0,0.050631349254161996,0.05148505137093436,0.04423741442650883,0.04946999680054176
SriLanka,LK13,,2025-03-03,2025-03-31,0,0.04607733830993388,0.05590692426304783,0.04004486756183986,0.05306688203578896
SriLanka,LK13,,2025-03-10,2025-04-07,0,0.04013762030813427,0.057210115386067656,0.03541832678168548,0.05493008013555504
SriLanka,LK13,,2025-03-17,2025-04-14,0,0.04338682395886274,0.0627961109216632,0.03778702373169247,0.059580399365733804
SriLanka,LK13,,2025-03-24,2025-04-21,0,0.048365390826679656,0.06763584586007555,0.04201602090405236,0.06411066821177748
SriLanka,LK13,,2025-03-31,2025-04-28,0,0.08531553887838815,0.0839276677677748,0.07612423466178188,0.08147748052497607
SriLanka,LK13,,2025-04-07,2025-05-05,0,0.11647927239505573,0.09851547923845765,0.10658094079191538,0.09771157984358757
SriLanka,LK13,,2025-04-14,2025-05-12,0,0.15963575378280312,0.12257142093835126,0.15062629101177852,0.12498758746534608
SriLanka,LK13,,2025-04-21,2025-05-19,1,0.21200038148319003,0.16813925199186863,0.20397645454175864,0.17413616531581327
SriLanka,LK13,,2025-04-28,2025-05-26,0,0.2222250900907289,0.19984867785054558,0.22009010862531023,0.21286705584540994
SriLanka,LK13,,2025-05-05,2025-06-02,0,0.256138357957623,0.23454335536378337,0.26239733088580963,0.2584791202234677
SriLanka,LK13,,2025-05-12,2025-06-09,0,0.2226530115980524,0.22198954892248093,0.23019764780545626,0.2486496940584884
SriLanka,LK13,,2025-05-19,2025-06-16,0,0.31351840917919305,0.31711990907341303,0.32372414400025556,0.35329444904765855
SriLanka,LK13,,2025-05-26,2025-06-23,1,0.3196624854338847,0.31571895057949434,0.3352163346439342,0.3590957663892372
SriLanka,LK13,,2025-06-02,2025-06-30,0,0.31902496587591556,0.31905890332540954,0.3396858732859048,0.36962783813922384
SriLanka,LK13,,2025-06-09,2025-07-07,0,0.32445600771347094,0.31218903381145924,0.35412904041480114,0.3723050478915099
SriLanka,LK13,,2025-06-16,2025-07-14,0,0.33204230743857227,0.29275104848913935,0.36966126961213025,0.3577812715082244
SriLanka,LK13,,2025-06-23,2025-07-21,0,0.3388371288935856,0.3140600341173428,0.38658360248052887,0.3895622359356415
SriLanka,LK13,,2025-06-30,2025-07-28,0,0.2707430866991058,0.24889405154294106,0.3203045118292394,0.3210673899334481
SriLanka,LK13,,2025-07-07,2025-08-04,0,0.2487347822969312,0.2311578690842028,0.3029990884492514,0.30414830156041517
SriLanka,LK13,,2025-07-14,2025-08-11,0,0.23105100808227835,0.22202828241404696,0.2852899258555981,0.29317633064063103
SriLanka,LK13,,2025-07-21,2025-08-18,0,0.17967038028513646,0.18048030874791413,0.22823699070206332,0.24372996003868902
SriLanka,LK13,,2025-07-28,2025-08-25,0,0.12279416233649344,0.133628719927695,0.16119788780901947,0.18567131311037166
SriLanka,LK13,,2025-08-04,2025-09-01,0,0.13969209939111157,0.13002898746752714,0.18012333726145113,0.17795573930956968
SriLanka,LK13,,2025-08-11,2025-09-08,0,0.12331019596123237,0.13464490445018723,0.1591019318573633,0.18244401644309194
SriLanka,LK13,,2025-08-18,2025-09-15,0,0.10869185850443515,0.12055113031123998,0.13782846617825997,0.16059210014447795
SriLanka,LK13,,2025-08-25,2025-09-22,0,0.11104336343261195,0.11863058928567564,0.13695579687955592,0.1541386955305858
SriLanka,LK13,,2025-09-01,2025-09-29,0,0.11515591447523356,0.11983483698771724,0.13991295805634557,0.1534785170876317
SriLanka,LK13,,2025-09-08,2025-10-06,0,0.10230837085310916,0.12812346006757255,0.12474332942468469,0.16380491423596497
SriLanka,LK13,,2025-09-15,2025-10-13,0,0.13065241640035247,0.13554853075926457,0.1584832138632592,0.17317765395905294
SriLanka,LK13,,2025-09-22,2025-10-20,0,0.1349194760191045,0.16921484361644726,0.16348667052292012,0.21358938808883415
SriLanka,LK13,,2025-09-29,2025-10-27,0,0.12493072851451655,0.18564332659826796,0.15184505590816177,0.23276607585367626
SriLanka,LK13,,2025-10-06,2025-11-03,0,0.14003597442856247,0.21621906550797737,0.1691313977343199,0.267228350257287
SriLanka,LK13,,2025-10-13,2025-11-10,0,0.2681853906400278,0.22993676848267292,0.31194376251233474,0.27990525439656944
SriLanka,LK13,,2025-10-20,2025-11-17,0,0.3254978409025828,0.27374216936188694,0.3734866890711092,0.3276493791012724
SriLanka,LK13,,2025-10-27,2025-11-24,0,0.3483795985892133,0.29717056395611613,0.3999392824817891,0.35471860413726236
SriLanka,LK13,,2025-11-03,2025-12-01,0,0.3340690218265847,0.3123135091416448,0.38571742298667017,0.37169617653764486
SriLanka,LK13,,2025-11-10,2025-12-08,0,0.31233455745269484,0.3335560899394329,0.36196378559356335,0.3932081272111576
SriLanka,LK13,,2025-11-17,2025-12-15,1,0.34368885456039144,0.3401289465697198,0.3977363711802472,0.40268119314391093
SriLanka,LK21,,2023-01-02,2023-01-30,0,0.0957184999042086,0.22638983702077561,0.08136115247902348,0.20192667527406066
SriLanka,LK21,,2023-01-09,2023-02-06,0,0.08453559135819777,0.20873450448384318,0.07253966484853998,0.1856043474212139
SriLanka,LK21,,2023-01-16,2023-02-13,0,0.05781151285534106,0.15740597975720036,0.052670412080771147,0.1458070815488256
SriLanka,LK21,,2023-01-23,2023-02-20,0,0.05346267625630433,0.1300167819941957,0.05018406778152036,0.12307786873220591
SriLanka,LK21,,2023-01-30,2023-02-27,0,0.05365839809334919,0.11793158475715954,0.05236083220794594,0.11522842434581332
SriLanka,LK21,,2023-02-06,2023-03-06,0,0.05723240983740697,0.09869379887206522,0.05677299944685615,0.09764651644101316
SriLanka,LK21,,2023-02-13,2023-03-13,0,0.050064427717294975,0.07418527104097727,0.05225633741216,0.07666157717566666
SriLanka,LK21,,2023-02-20,2023-03-20,0,0.03574456028148617,0.062482433772235904,0.03848888670529516,0.06601649314671633
SriLanka,LK21,,2023-02-27,2023-03-27,1,0.0368269235949992,0.06334574977339955,0.04103906402717414,0.06886778212976874
SriLanka,LK21,,2023-03-06,2023-04-03,1,0.03951740881833445,0.06249704161641345,0.045862284757601214,0.07045380948544634
SriLanka,LK21,,2023-03-13,2023-04-10,1,0.04871001643719168,0.07257033537361728,0.05762008689230467,0.08333545939273829
SriLanka,LK21,,2023-03-20,2023-04-17,1,0.06663728913696543,0.08642685019803488,0.08045836148221741,0.10152007654516336
SriLanka,LK21,,2023-03-27,2023-04-24,1,0.12596657522099747,0.12435728942572447,0.15410958675095343,0.14912131090474076
SriLanka,LK21,,2023-04-03,2023-05-01,1,0.14736766139407534,0.1411513754129688,0.18299197574378884,0.1725026315711084
SriLanka,LK21,,2023-04-10,2023-05-08,1,0.19275829531735397,0.16141780340022024,0.23999518911395867,0.1999499938291793
SriLanka,LK21,,2023-04-17,2023-05-15,1,0.241742791904638,0.19724113326573137,0.30420432141754766,0.24863510599228503
SriLanka,LK21,,2023-04-24,2023-05-22,1,0.2683905957492839,0.26944396724466335,0.3382519395777797,0.3348679588905716
SriLanka,LK21,,2023-05-01,2023-05-29,1,0.29767336576028697,0.28516103071399473,0.3786309995420236,0.35910949111636553
SriLanka,LK21,,2023-05-08,2023-06-05,1,0.45942111314348916,0.46434682365610125,0.5566382599286612,0.5551510254654126
SriLanka,LK21,,2023-05-15,2023-06-12,1,0.6177290257727871,0.5676208247283046,0.7123190259231585,0.6617554664888428
SriLanka,LK21,,2023-05-22,2023-06-19,1,0.7523165473394764,0.6661243867270755,0.8304256295945854,0.756818407099665
SriLanka,LK21,,2023-05-29,2023-06-26,1,0.7760834341166541,0.6913718570975617,0.8537534996342263,0.7838858904304583
SriLanka,LK21,,2023-06-05,2023-07-03,1,0.8310448516147392,0.7504181882411305,0.8952150121503832,0.8356024318577889
SriLanka,LK21,,2023-06-12,2023-07-10,1,0.8285252884109722,0.7770580653359181,0.8961215421276424,0.8591517092925589
SriLanka,LK21,,2023-06-19,2023-07-17,1,0.790567851280413,0.7792318110296779,0.8747026127770957,0.8650685984019482
SriLanka,LK21,,2023-06-26,2023-07-24,1,0.7489370318353689,0.7203268586494745,0.8487847099784684,0.8262158867406834
SriLanka,LK21,,2023-07-03,2023-07-31,1,0.7270279787294619,0.7457556621991744,0.8373579587396762,0.8473070575836933
SriLanka,LK21,,2023-07-10,2023-08-07,1,0.6992572072076937,0.702189353966846,0.820238388956059,0.8191595552803975
SriLanka,LK21,,2023-07-17,2023-08-14,1,0.7050380632890149,0.6286007677891061,0.8280059392863784,0.7693434380804687
SriLanka,LK21,,2023-07-24,2023-08-21,1,0.7319438137358963,0.6058876485980906,0.8469131286393708,0.7537226222341877
SriLanka,LK21,,2023-07-31,2023-08-28,1,0.7550017507015635,0.6219276448690881,0.8615007026500183,0.7669730178336727
SriLanka,LK21,,2023-08-07,2023-09-04,1,0.8035224391067189,0.6951367939759062,0.8914063424624666,0.819871841840693
SriLanka,LK21,,2023-08-14,2023-09-11,1,0.6716377467746142,0.5413345370363648,0.8084519816916067,0.7077793349268287
SriLanka,LK21,,2023-08-21,2023-09-18,1,0.6496570367471385,0.5621008871012689,0.7930161082969825,0.7253907618537785
SriLanka,LK21,,2023-08-28,2023-09-25,1,0.3720689612271575,0.40875191842622904,0.5508348677149826,0.5881927756891968
SriLanka,LK21,,2023-09-04,2023-10-02,1,0.40758812477154494,0.45365378046277555,0.5895189262213041,0.633630962730748
SriLanka,LK21,,2023-09-11,2023-10-09,1,0.30082678575792643,0.32853463016786316,0.4739070418548617,0.5046578157968818
SriLanka,LK21,,2023-09-18,2023-10-16,1,0.31541809298009377,0.34635311999139623,0.4938704240449724,0.5262240914144982
SriLanka,LK21,,2023-09-25,2023-10-23,1,0.330437270306039,0.3322616830176138,0.5113233608901969,0.509335140835157
SriLanka,LK21,,2023-10-02,2023-10-30,1,0.4096372454778612,0.3791759925656219,0.5976314949645153,0.5611278349386285
SriLanka,LK21,,2023-10-09,2023-11-06,0,0.5134790123447519,0.43179654855639066,0.6955903779639906,0.6157811831761739
SriLanka,LK21,,2023-10-16,2023-11-13,0,0.5428557985598779,0.481364523656624,0.7222633541934397,0.6630796259111933
SriLanka,LK21,,2023-10-23,2023-11-20,0,0.6084294717459741,0.6028399809336564,0.7759937721505547,0.7653157116448503
SriLanka,LK21,,2023-10-30,2023-11-27,1,0.7317982698810559,0.755635715020583,0.8587703591084118,0.8693606498138136
SriLanka,LK21,,2023-11-06,2023-12-04,1,0.5122175994336885,0.45980802696627965,0.7031659001302604,0.651335497703318
SriLanka,LK21,,2023-11-13,2023-12-11,1,0.39698875716042575,0.33873802133674885,0.591226766135418,0.5255074950969835
SriLanka,LK21,,2023-11-20,2023-12-18,1,0.40167017311426867,0.3354502786508451,0.5922400139753017,0.5205603282220458
SriLanka,LK21,,2023-11-27,2023-12-25,1,0.6076804084251853,0.5889833411723832,0.7641704655852544,0.7500600094630808
SriLanka,LK21,,2023-12-04,2024-01-01,1,0.9172338695401925,0.9216655540006159,0.959689045603808,0.9622641622593527
SriLanka,LK21,,2023-12-11,2024-01-08,1,0.8934293413234528,0.9082964521740355,0.9500380834766795,0.9580064842924072
SriLanka,LK21,,2023-12-18,2024-01-15,1,0.9268696263066976,0.9350130685789083,0.9683858660572235,0.9726019145322248
SriLanka,LK21,,2023-12-25,2024-01-22,1,0.8584485272851783,0.878513421464046,0.9392807473562441,0.9497151672558548
SriLanka,LK21,,2024-01-01,2024-01-29,1,0.7319327699165294,0.7622486757215223,0.8780310918497236,0.8968211759532118
SriLanka,LK21,,2024-01-08,2024-02-05,1,0.5794878037465291,0.5706675657946423,0.789558633976348,0.7897267420500969
SriLanka,LK21,,2024-01-15,2024-02-12,0,0.4599143993416254,0.42036870830697015,0.6979669150892218,0.6745172536147818
SriLanka,LK21,,2024-01-22,2024-02-19,0,0.367922760871428,0.35774953105350227,0.6130250808849272,0.6171962425617814
SriLanka,LK21,,2024-01-29,2024-02-26,0,0.25227916149561824,0.21967405679624538,0.48220265586549504,0.4548508056852409
SriLanka,LK21,,2024-02-05,2024-03-04,0,0.18474274185395914,0.1713287271006861,0.38714416663400786,0.3843955294323436
SriLanka,LK21,,2024-02-12,2024-03-11,0,0.14848503753039782,0.11141716121763072,0.32891969617530264,0.27863978147028373
SriLanka,LK21,,2024-02-19,2024-03-18,0,0.15066748139598726,0.09481011402180332,0.330592733621772,0.24532953421965903
SriLanka,LK21,,2024-02-26,2024-03-25,0,0.11288595183074601,0.07157495599740933,0.2559186709761326,0.19158933546243354
SriLanka,LK21,,2024-03-04,2024-04-01,0,0.11974601118622046,0.07302527244144402,0.2616294108356806,0.1919067853022218
SriLanka,LK21,,2024-03-11,2024-04-08,0,0.09804034618464345,0.0703836349025075,0.21755602659566894,0.18500832111623028
SriLanka,LK21,,2024-03-18,2024-04-15,0,0.08651933318531406,0.06874608381253679,0.19383216731667766,0.181010231131619
SriLanka,LK21,,2024-03-25,2024-04-22,0,0.08751795851608814,0.07809701023345754,0.19201278527366442,0.19959910740134298
SriLanka,LK21,,2024-04-01,2024-04-29,0,0.09216970070184761,0.08961454477024376,0.19594895791373193,0.21998866740865874
SriLanka,LK21,,2024-04-08,2024-05-06,0,0.10563691162985239,0.10381962803363552,0.2158259976781113,0.2441786712642139
SriLanka,LK21,,2024-04-15,2024-05-13,1,0.17119803313317858,0.14408762890380658,0.31752796560869107,0.31219852397553144
SriLanka,LK21,,2024-04-22,2024-05-20,0,0.21945533304244133,0.1703994022275039,0.3774883897508679,0.3470997833698613
SriLanka,LK21,,2024-04-29,2024-05-27,0,0.2888032129661225,0.2016320757312156,0.461352771948347,0.38965766155587417
SriLanka,LK21,,2024-05-06,2024-06-03,0,0.31299613670472065,0.23378820478025264,0.4822135945089517,0.4271918652800477
SriLanka,LK21,,2024-05-13,2024-06-10,0,0.35725075216088625,0.30258045772759135,0.5227763852492949,0.5048274506215952
SriLanka,LK21,,2024-05-20,2024-06-17,0,0.3485915750925028,0.2829840967363149,0.5045463986374503,0.4722878893165076
SriLanka,LK21,,2024-05-27,2024-06-24,1,0.42326399527864944,0.2910782071840723,0.5706800113170486,0.4701161205732362
SriLanka,LK21,,2024-06-03,2024-07-01,1,0.48204700148268265,0.2934255089962665,0.6197625462152915,0.4606820342629883
SriLanka,LK21,,2024-06-10,2024-07-08,1,0.5264433256991987,0.2965053950139164,0.6510205982445535,0.4509214575816145
SriLanka,LK21,,2024-06-17,2024-07-15,1,0.5301286035901901,0.3012812200237779,0.641460816318343,0.44212273838074057
SriLanka,LK21,,2024-06-24,2024-07-22,1,0.4647168984557316,0.29878013201051407,0.5660958236617059,0.42714404299554554
SriLanka,LK21,,2024-07-01,2024-07-29,1,0.43028082138808493,0.30936489100737885,0.5250694275543554,0.4343995601481542
SriLanka,LK21,,2024-07-08,2024-08-05,1,0.3912357508043866,0.3389336259023057,0.4746530845868657,0.46109025073234294
SriLanka,LK21,,2024-07-15,2024-08-12,1,0.3181278062087138,0.27952075357235606,0.3907497565650839,0.39064437764580684
SriLanka,LK21,,2024-07-22,2024-08-19,0,0.33277857002752087,0.26808536957482465,0.40495290488439173,0.377058973628274
SriLanka,LK21,,2024-07-29,2024-08-26,1,0.3001487581578177,0.23277049393736626,0.3686339227558265,0.3335837803644327
SriLanka,LK21,,2024-08-05,2024-09-02,0,0.29517307791061076,0.23600654789720588,0.36539554849659095,0.3402268300710845
SriLanka,LK21,,2024-08-12,2024-09-09,0,0.25096206599176035,0.21734314766943127,0.30930845547065255,0.3116164417924501
SriLanka,LK21,,2024-08-19,2024-09-16,0,0.19651967542333135,0.17176391053278123,0.24783669959204727,0.25350467134844185
SriLanka,LK21,,2024-08-26,2024-09-23,0,0.23130321110315538,0.18176583706919086,0.2901418120383793,0.26720319111802715
SriLanka,LK21,,2024-09-02,2024-09-30,0,0.2241452769412218,0.1712864898070109,0.28176113437547945,0.25278377982570527
SriLanka,LK21,,2024-09-09,2024-10-07,0,0.2666723955700766,0.18477433352861128,0.3286106599210754,0.26879570321749585
SriLanka,LK21,,2024-09-16,2024-10-14,0,0.28620060471184045,0.18461743746827042,0.3514243489785373,0.2693182899459903
SriLanka,LK21,,2024-09-23,2024-10-21,0,0.29465531004018714,0.220596544723027,0.363077661206683,0.31799282231378667
SriLanka,LK21,,2024-09-30,2024-10-28,0,0.24945974395651857,0.22894120315341804,0.3120834677566558,0.328902046917866
SriLanka,LK21,,2024-10-07,2024-11-04,0,0.20915821798464368,0.2586874361074494,0.2639506150748245,0.3642659841794009
SriLanka,LK21,,2024-10-14,2024-11-11,0,0.23885218061738653,0.3008372685873305,0.2967070481454615,0.4122813789621827
SriLanka,LK21,,2024-10-21,2024-11-18,0,0.274591657967942,0.35075898259176075,0.33158294057448356,0.46244974438354036
SriLanka,LK21,,2024-10-28,2024-11-25,0,0.3217184879967813,0.3712149983748803,0.37808731184155536,0.47842410807431274
SriLanka,LK21,,2024-11-04,2024-12-02,0,0.356604110253031,0.3993297972533113,0.41102815984571445,0.5010986001622005
SriLanka,LK21,,2024-11-11,2024-12-09,0,0.4085418357822354,0.4122510427659463,0.4742016237691323,0.5197586244810988
SriLanka,LK21,,2024-11-18,2024-12-16,0,0.4454313712733801,0.4439372752948012,0.5131860136300914,0.5505235757782692
SriLanka,LK21,,2024-11-25,2024-12-23,0,0.36232818811451806,0.4069437790003431,0.43132039062045824,0.514409788050847
SriLanka,LK21,,2024-12-02,2024-12-30,0,0.37277927522496473,0.39483102762516686,0.43546089368268776,0.49293776298374664
SriLanka,LK21,,2024-12-09,2025-01-06,0,0.3214282764936198,0.3664957037921024,0.36626516940692494,0.4459852714010012
SriLanka,LK21,,2024-12-16,2025-01-13,0,0.2872516141294659,0.3099866518326648,0.3175741076619109,0.3703648322299598
SriLanka,LK21,,2024-12-23,2025-01-20,0,0.27794095009759745,0.2853040477126819,0.2927449466339963,0.327176637632989
SriLanka,LK21,,2024-12-30,2025-01-27,0,0.1655284610942345,0.22646385858806964,0.17012326763082794,0.2560285698943188
SriLanka,LK21,,2025-01-06,2025-02-03,0,0.12014790439737627,0.1860041831613372,0.1186360680078961,0.20509353699715147
SriLanka,LK21,,2025-01-13,2025-02-10,0,0.12413003143996675,0.15966871431229224,0.11963623899263813,0.17229683406465127
SriLanka,LK21,,2025-01-20,2025-02-17,0,0.09183605724538167,0.12396872687787103,0.08737448844335428,0.13232817710680694
SriLanka,LK21,,2025-01-27,2025-02-24,0,0.08798047381610091,0.11230272882621944,0.08127797496668157,0.11644124260864482
SriLanka,LK21,,2025-02-03,2025-03-03,0,0.07824961400658914,0.08106668260961415,0.07118256768423668,0.08259220101493339
SriLanka,LK21,,2025-02-10,2025-03-10,0,0.07571521562343188,0.06916131628831644,0.06606290286564598,0.06720254077979783
SriLanka,LK21,,2025-02-17,2025-03-17,0,0.09423654917679379,0.06630918711588991,0.08140493840543074,0.06325340883388207
SriLanka,LK21,,2025-02-24,2025-03-24,0,0.08303130487661703,0.06415252401253062,0.0728597824191243,0.06167391874947195
SriLanka,LK21,,2025-03-03,2025-03-31,0,0.06536328261361789,0.059978588097063745,0.056956643176880394,0.056944183218733804
SriLanka,LK21,,2025-03-10,2025-04-07,0,0.05700586337676242,0.06596395051370144,0.05040739384720096,0.06335848783602924
SriLanka,LK21,,2025-03-17,2025-04-14,0,0.058917046424899894,0.07394423967383391,0.05142055338516139,0.0702004075598115
SriLanka,LK21,,2025-03-24,2025-04-21,0,0.07688949900928137,0.08305462782079781,0.06705938135660636,0.0787937380104918
SriLanka,LK21,,2025-03-31,2025-04-28,0,0.11306182779958988,0.10121282673787205,0.10121209246872252,0.09831217177043403
SriLanka,LK21,,2025-04-07,2025-05-05,0,0.15013998977263793,0.11163494051797418,0.13782741939641358,0.11073713525750925
SriLanka,LK21,,2025-04-14,2025-05-12,1,0.21547938106025125,0.13268831853167667,0.20408362689066592,0.13527316680154813
SriLanka,LK21,,2025-04-21,2025-05-19,1,0.26809427366487654,0.17416700654095543,0.2586441241148088,0.18033230237128095
SriLanka,LK21,,2025-04-28,2025-05-26,1,0.2894106726019421,0.19632502356839837,0.28686829016120446,0.20917387112960276
SriLanka,LK21,,2025-05-05,2025-06-02,1,0.31530968098184425,0.24081443881309605,0.3223879069911402,0.2651684829846016
SriLanka,LK21,,2025-05-12,2025-06-09,1,0.406855702926332,0.2997964221105429,0.4172914204821221,0.3318156079918474
SriLanka,LK21,,2025-05-19,2025-06-16,1,0.5248133317003367,0.3813784630355981,0.5365215748104243,0.4203708063144269
SriLanka,LK21,,2025-05-26,2025-06-23,1,0.5128089612054509,0.3778799713857857,0.5304335321985063,0.42449906094075124
SriLanka,LK21,,2025-06-02,2025-06-30,1,0.4946086107807397,0.4157665649064467,0.5179911061255358,0.47105980551760795
SriLanka,LK21,,2025-06-09,2025-07-07,1,0.44740649417850925,0.4060788295832989,0.48032887451651735,0.47187100653219594
SriLanka,LK21,,2025-06-16,2025-07-14,1,0.5615860637630125,0.5230810377223655,0.6017815337875202,0.596148567068535
SriLanka,LK21,,2025-06-23,2025-07-21,1,0.5023173686901817,0.48069186294915633,0.5538044588811986,0.5633532283164235
SriLanka,LK21,,2025-06-30,2025-07-28,1,0.5389559001555946,0.4823481255439009,0.5973951057560547,0.5707744829924396
SriLanka,LK21,,2025-07-07,2025-08-04,1,0.4622887171866586,0.3937158742213371,0.5302585998577192,0.48561507253841873
SriLanka,LK21,,2025-07-14,2025-08-11,0,0.4335778361725148,0.4336761042475314,0.5041865956539034,0.5267270484991246
SriLanka,LK21,,2025-07-21,2025-08-18,1,0.35754646758080016,0.38549772762719836,0.42904713509711445,0.478633470643481
SriLanka,LK21,,2025-07-28,2025-08-25,1,0.27287240054287226,0.27535460157818326,0.3400194408439344,0.3596783511712597
SriLanka,LK21,,2025-08-04,2025-09-01,0,0.2791055272599623,0.27692697815494743,0.343763961447038,0.35679244222980616
SriLanka,LK21,,2025-08-11,2025-09-08,0,0.22330661586018208,0.19647968109319167,0.2788898268515663,0.2596438434625616
SriLanka,LK21,,2025-08-18,2025-09-15,0,0.2557439648685009,0.18994944458031987,0.3105649744022482,0.2465781323810318
SriLanka,LK21,,2025-08-25,2025-09-22,0,0.24857528553682068,0.18192170350911457,0.2958986564002723,0.23140019488027375
SriLanka,LK21,,2025-09-01,2025-09-29,0,0.2300179446596125,0.1906791462764303,0.27188129977229436,0.23881574669477248
SriLanka,LK21,,2025-09-08,2025-10-06,0,0.1536622320292853,0.16886831032645216,0.1850372212112817,0.21312319153886577
SriLanka,LK21,,2025-09-15,2025-10-13,0,0.15677227218459386,0.19934825021963162,0.18895762109412934,0.24957518701130377
SriLanka,LK21,,2025-09-22,2025-10-20,0,0.16476106303076898,0.18080183221657922,0.1981991318838303,0.22738328330264454
SriLanka,LK21,,2025-09-29,2025-10-27,0,0.16541204193607914,0.19776480960592108,0.19906352845623498,0.24703106515517992
SriLanka,LK21,,2025-10-06,2025-11-03,0,0.17816492514444587,0.22271442596067886,0.2132182487820173,0.2747189659257379
SriLanka,LK21,,2025-10-13,2025-11-10,0,0.268506544231032,0.2590968083597098,0.312294955420605,0.31282790483316486
SriLanka,LK21,,2025-10-20,2025-11-17,0,0.2633296059503283,0.29658859132669013,0.30631527886239124,0.35280926805230045
SriLanka,LK21,,2025-10-27,2025-11-24,0,0.3648638387163862,0.3384106462588893,0.4173008069910099,0.3994064918654311
SriLanka,LK21,,2025-11-03,2025-12-01,0,0.3785472738928418,0.36392254533647417,0.432605037821078,0.4270246872123474
SriLanka,LK21,,2025-11-10,2025-12-08,0,0.3808485232264197,0.40294829458025333,0.4344859379921711,0.46632671826760713
SriLanka,LK21,,2025-11-17,2025-12-15,0,0.4097536903054473,0.4435337365873594,0.46680108188148484,0.5103937882118591
SriLanka,LK22,,2023-01-02,2023-01-30,0,0.27036648802537094,0.3419353397385881,0.23666885784805217,0.3099896354137343
SriLanka,LK22,,2023-01-09,2023-02-06,0,0.21134118179702585,0.30291309132889077,0.18498712626602876,0.27294679093900226
SriLanka,LK22,,2023-01-16,2023-02-13,1,0.1306139305894996,0.22007550053892302,0.11982196112305005,0.2049820627462477
SriLanka,LK22,,2023-01-23,2023-02-20,1,0.10008132564917284,0.1636664132889613,0.09422842504754858,0.15525211911623796
SriLanka,LK22,,2023-01-30,2023-02-27,0,0.09062022455005174,0.12737439056425048,0.08851244790031063,0.1244853338561593
SriLanka,LK22,,2023-02-06,2023-03-06,0,0.09839192749695364,0.10828593167845073,0.09763634198650233,0.1071489635325124
SriLanka,LK22,,2023-02-13,2023-03-13,1,0.10546849492817695,0.09482542389870947,0.10980570112358887,0.09791783076539189
SriLanka,LK22,,2023-02-20,2023-03-20,1,0.08576156410404757,0.09369639666324227,0.09197969348379643,0.09880987020086564
SriLanka,LK22,,2023-02-27,2023-03-27,1,0.0740514487876476,0.08002721629343289,0.08215803406498347,0.08686855545349575
SriLanka,LK22,,2023-03-06,2023-04-03,1,0.07754105721746184,0.07051500676690968,0.08942258274152928,0.07940611486888141
SriLanka,LK22,,2023-03-13,2023-04-10,1,0.08667390280583707,0.08402730349341404,0.10178532503727747,0.09631546058304809
SriLanka,LK22,,2023-03-20,2023-04-17,1,0.11912555029765796,0.11788745799916758,0.1421747972369154,0.1376470369137445
SriLanka,LK22,,2023-03-27,2023-04-24,1,0.2041677344044473,0.18399952683316517,0.24488702347161898,0.21768782509309406
SriLanka,LK22,,2023-04-03,2023-05-01,1,0.1991044793960498,0.18421274240611013,0.24366141243611347,0.22264891103740544
SriLanka,LK22,,2023-04-10,2023-05-08,1,0.22308419622652859,0.2079540511182938,0.27521897478372764,0.2542272002620126
SriLanka,LK22,,2023-04-17,2023-05-15,1,0.24359039745557962,0.26266679943890436,0.3063364478099784,0.32422307582886295
SriLanka,LK22,,2023-04-24,2023-05-22,1,0.23956733227552443,0.2780625771812021,0.30505437595846907,0.3445921710691835
SriLanka,LK22,,2023-05-01,2023-05-29,1,0.374575616614022,0.32631898468171777,0.4626701075121042,0.4048951693143602
SriLanka,LK22,,2023-05-08,2023-06-05,1,0.3997252421841323,0.355080432193767,0.49589830370328625,0.4421549704225687
SriLanka,LK22,,2023-05-15,2023-06-12,1,0.3904353852205134,0.36863998079275717,0.4953179115440748,0.4652860728837914
SriLanka,LK22,,2023-05-22,2023-06-19,1,0.43955961205500127,0.41448990025539767,0.5584050654745752,0.5247727356217267
SriLanka,LK22,,2023-05-29,2023-06-26,1,0.4754966534478152,0.47198523447705404,0.6042655779867521,0.5913960723278149
SriLanka,LK22,,2023-06-05,2023-07-03,1,0.5147998198193915,0.4863291988746585,0.6482417406561792,0.615460568164369
SriLanka,LK22,,2023-06-12,2023-07-10,1,0.4479643009892114,0.46766090495619667,0.5916386900615447,0.6059026153757973
SriLanka,LK22,,2023-06-19,2023-07-17,1,0.46958727861606053,0.4944336690317117,0.6208225594864659,0.6398194761485726
SriLanka,LK22,,2023-06-26,2023-07-24,1,0.41710019050128666,0.4352072390782157,0.5738217193095321,0.5871806056885125
SriLanka,LK22,,2023-07-03,2023-07-31,1,0.3337854721099711,0.3459345140649586,0.49199843928802267,0.5001434805497249
SriLanka,LK22,,2023-07-10,2023-08-07,1,0.4153702100396038,0.44325099863539785,0.5823411669991122,0.6046647927270217
SriLanka,LK22,,2023-07-17,2023-08-14,1,0.4582820279664448,0.4465785931127833,0.6301578771311992,0.61393528340807
SriLanka,LK22,,2023-07-24,2023-08-21,1,0.3698818179362364,0.33065949862595556,0.5432321746249483,0.4958260135088516
SriLanka,LK22,,2023-07-31,2023-08-28,1,0.3306136784402013,0.3129448258049003,0.49923270570961104,0.47680952660114145
SriLanka,LK22,,2023-08-07,2023-09-04,1,0.395038922492594,0.4117700156809418,0.5672280881638121,0.5828735726285106
SriLanka,LK22,,2023-08-14,2023-09-11,0,0.28044166410927557,0.29976140471566337,0.44574179379440604,0.4676633265154702
SriLanka,LK22,,2023-08-21,2023-09-18,0,0.26506954902413316,0.3559539507802167,0.4269972151510583,0.5321305869955877
SriLanka,LK22,,2023-08-28,2023-09-25,1,0.17557289069876647,0.2761984685467847,0.3059252568213558,0.4408357638584519
SriLanka,LK22,,2023-09-04,2023-10-02,1,0.19808978677117794,0.2542993479879557,0.34021095201455825,0.4153072252765578
SriLanka,LK22,,2023-09-11,2023-10-09,1,0.1842707966186029,0.21228423105894462,0.32108743009549245,0.3594483548143465
SriLanka,LK22,,2023-09-18,2023-10-16,1,0.20419199241503788,0.22725368439054397,0.3520802889525228,0.3813592885590622
SriLanka,LK22,,2023-09-25,2023-10-23,1,0.23630297490477312,0.2656508741802902,0.3961465863724261,0.43009018205470856
SriLanka,LK22,,2023-10-02,2023-10-30,1,0.27018546618994593,0.30051277168805207,0.4421081400174507,0.4735074526445806
SriLanka,LK22,,2023-10-09,2023-11-06,0,0.35975106329297024,0.3598536609019459,0.5488469131842344,0.5424488510268163
SriLanka,LK22,,2023-10-16,2023-11-13,1,0.4522575867753587,0.45704983154098483,0.6438969204548944,0.6409292861851436
SriLanka,LK22,,2023-10-23,2023-11-20,1,0.6047109657439651,0.611897321937677,0.7732735529890346,0.7720687094842582
SriLanka,LK22,,2023-10-30,2023-11-27,1,0.706314929386344,0.6716741918707814,0.842759092194592,0.8149024183772975
SriLanka,LK22,,2023-11-06,2023-12-04,1,0.6033613202624188,0.4984354468578914,0.7743484220183612,0.6856309721742992
SriLanka,LK22,,2023-11-13,2023-12-11,1,0.6169372270023813,0.5120471172151237,0.7796512811856914,0.6940748866095101
SriLanka,LK22,,2023-11-20,2023-12-18,1,0.6688445261579183,0.5667571548293046,0.8137718904368114,0.7377982503602868
SriLanka,LK22,,2023-11-27,2023-12-25,1,0.8312631926610645,0.8015475610274148,0.911550534970098,0.8942741586315168
SriLanka,LK22,,2023-12-04,2024-01-01,1,0.8015369097065038,0.7219829515627627,0.8966524174774284,0.8491311666785605
SriLanka,LK22,,2023-12-11,2024-01-08,1,0.8054091484491923,0.7449377083464782,0.9037351637048537,0.870582891166498
SriLanka,LK22,,2023-12-18,2024-01-15,1,0.8450335046798768,0.8047483138377918,0.9294731576993183,0.9104684008813224
SriLanka,LK22,,2023-12-25,2024-01-22,1,0.771129544594235,0.7226480887349126,0.8957706382035286,0.8718779870721628
SriLanka,LK22,,2024-01-01,2024-01-29,1,0.5450440704245189,0.48765672165313323,0.7595348592886646,0.7207051596263271
SriLanka,LK22,,2024-01-08,2024-02-05,1,0.5350665459728545,0.36667520647403457,0.758063660488875,0.6206238112613915
SriLanka,LK22,,2024-01-15,2024-02-12,1,0.5174194151841521,0.3372809892430677,0.7442217669759871,0.5925490480954297
SriLanka,LK22,,2024-01-22,2024-02-19,0,0.3604435021544911,0.2166693552684869,0.6053350192460127,0.44463481409846
SriLanka,LK22,,2024-01-29,2024-02-26,0,0.2909622604978916,0.14709495886775362,0.5310994992317383,0.33825212443911506
SriLanka,LK22,,2024-02-05,2024-03-04,0,0.2116083879315291,0.1265214970200585,0.4279914474764357,0.30432964342291985
SriLanka,LK22,,2024-02-12,2024-03-11,0,0.18939127816687412,0.12089406168710697,0.3963940865944608,0.2975769435481774
SriLanka,LK22,,2024-02-19,2024-03-18,0,0.14967571881679834,0.0902536083469026,0.32887522001380426,0.2354205448334884
SriLanka,LK22,,2024-02-26,2024-03-25,0,0.13298068210989353,0.07844236444860613,0.2930632985995239,0.20739944897470294
SriLanka,LK22,,2024-03-04,2024-04-01,0,0.12089860557915962,0.06999683496132063,0.2637385009294721,0.18493176787686086
SriLanka,LK22,,2024-03-11,2024-04-08,0,0.07955866495604064,0.06816342630247461,0.18106719893196935,0.17987196345450182
SriLanka,LK22,,2024-03-18,2024-04-15,0,0.07247004027321166,0.06859508009492978,0.16551446433450667,0.1806604727115255
SriLanka,LK22,,2024-03-25,2024-04-22,0,0.073764545743457,0.08477253530245732,0.16480391595212823,0.21424671771373516
SriLanka,LK22,,2024-04-01,2024-04-29,0,0.05857108458420944,0.0860790793670419,0.12993424927188776,0.2125103371520698
SriLanka,LK22,,2024-04-08,2024-05-06,0,0.0697667525681774,0.10364771018468384,0.14876349674848474,0.243837568223779
SriLanka,LK22,,2024-04-15,2024-05-13,0,0.1011208548833233,0.14404037128992633,0.20216339012685716,0.3121162357461122
SriLanka,LK22,,2024-04-22,2024-05-20,0,0.10095058456402435,0.15740938268636961,0.1949618009034909,0.3259316080239494
SriLanka,LK22,,2024-04-29,2024-05-27,0,0.11253257243407906,0.17449087480984088,0.21101412342109324,0.3482468319120293
SriLanka,LK22,,2024-05-06,2024-06-03,0,0.14195012553217037,0.21675993561182252,0.25270956512327397,0.40349504665472286
SriLanka,LK22,,2024-05-13,2024-06-10,0,0.21072359789899758,0.2369237919564453,0.3447756281255136,0.42182915234897317
SriLanka,LK22,,2024-05-20,2024-06-17,0,0.26651587872821786,0.23684620043997376,0.40879472231369696,0.4130663780559866
SriLanka,LK22,,2024-05-27,2024-06-24,0,0.3454507634890958,0.24757778410998285,0.4887314024501808,0.41554284759693594
SriLanka,LK22,,2024-06-03,2024-07-01,0,0.3930872748073576,0.25704095985154785,0.531465866359451,0.41576141088626295
SriLanka,LK22,,2024-06-10,2024-07-08,1,0.37639696893209046,0.23581123457472314,0.5031966203299489,0.37548971176366347
SriLanka,LK22,,2024-06-17,2024-07-15,0,0.40437161681619527,0.26106911070503314,0.5184333667425487,0.3937045989398635
SriLanka,LK22,,2024-06-24,2024-07-22,0,0.3561791001704561,0.24828941394879853,0.45396081122433274,0.366292380320161
SriLanka,LK22,,2024-07-01,2024-07-29,0,0.3136616898616775,0.23613560853127333,0.40083471927653824,0.3464191027877226
SriLanka,LK22,,2024-07-08,2024-08-05,0,0.2850036717667109,0.2462755754679055,0.3591329823119257,0.35286256422743767
SriLanka,LK22,,2024-07-15,2024-08-12,0,0.2259503426708091,0.21839274563212832,0.28636723108845563,0.31586903167959796
SriLanka,LK22,,2024-07-22,2024-08-19,1,0.190982726372176,0.19974727557676986,0.2436332412254508,0.29202559725012
SriLanka,LK22,,2024-07-29,2024-08-26,0,0.17245402765795953,0.17344452255211204,0.2210038202338116,0.2571763547735443
SriLanka,LK22,,2024-08-05,2024-09-02,0,0.15659434965179667,0.15760916710689424,0.20336075927213726,0.23799388165887878
SriLanka,LK22,,2024-08-12,2024-09-09,1,0.15271908760260125,0.15644391156722356,0.19414499179763714,0.23213674981363608
SriLanka,LK22,,2024-08-19,2024-09-16,0,0.17291718508235382,0.16455063211687926,0.21975660870806882,0.24386941186185282
SriLanka,LK22,,2024-08-26,2024-09-23,0,0.17444215895212992,0.13858824610037157,0.22301285908324928,0.208912165019651
SriLanka,LK22,,2024-09-02,2024-09-30,1,0.2056683290766262,0.15892709161939006,0.26012712799001675,0.23622005430304924
SriLanka,LK22,,2024-09-09,2024-10-07,1,0.2323356285427791,0.1897155602917779,0.2894465410325496,0.27522525965238687
SriLanka,LK22,,2024-09-16,2024-10-14,0,0.23704342786395582,0.20168412556157303,0.29570541961360336,0.2914165766630097
SriLanka,LK22,,2024-09-23,2024-10-21,1,0.20341899773076216,0.20658662408137815,0.2584171888037861,0.30017964717457646
SriLanka,LK22,,2024-09-30,2024-10-28,1,0.21066499495150917,0.28255148370051814,0.2670145391105581,0.3939601147416016
SriLanka,LK22,,2024-10-07,2024-11-04,1,0.24007118074778425,0.36325146569903893,0.29989087387741453,0.48366242249825364
SriLanka,LK22,,2024-10-14,2024-11-11,1,0.23372593686085313,0.30989320515799545,0.29081353552358125,0.42266401850013385
SriLanka,LK22,,2024-10-21,2024-11-18,1,0.38004151696274696,0.47665341059228494,0.4454784636727191,0.5918856390605041
SriLanka,LK22,,2024-10-28,2024-11-25,1,0.44764180069902804,0.5133302953786832,0.5095007474225323,0.6210446538884076
SriLanka,LK22,,2024-11-04,2024-12-02,1,0.4793345423994516,0.5089344689779964,0.5368601077250342,0.6102574416937375
SriLanka,LK22,,2024-11-11,2024-12-09,1,0.582444146994832,0.5664715689592998,0.6455479431059514,0.6684565690936901
SriLanka,LK22,,2024-11-18,2024-12-16,1,0.6203741892606647,0.6036779138978411,0.6820134808350923,0.7003148865820717
SriLanka,LK22,,2024-11-25,2024-12-23,1,0.5952803122199504,0.5567928538438642,0.6625424800961848,0.6598049866444442
SriLanka,LK22,,2024-12-02,2024-12-30,1,0.6142793693624972,0.5454438009959314,0.6739365191866562,0.6413152348988791
SriLanka,LK22,,2024-12-09,2025-01-06,1,0.5630403385897329,0.5281956347149714,0.6112223231200684,0.6090395856498606
SriLanka,LK22,,2024-12-16,2025-01-13,1,0.575657780996312,0.5584587501233954,0.6103539551861269,0.6235019477777813
SriLanka,LK22,,2024-12-23,2025-01-20,1,0.486120080018348,0.43901934816189897,0.5042685658536661,0.48804632902599987
SriLanka,LK22,,2024-12-30,2025-01-27,1,0.3999776206190746,0.4473645256724291,0.4078992094740752,0.48758969492494586
SriLanka,LK22,,2025-01-06,2025-02-03,1,0.2850934102108377,0.3440910107674335,0.2821716734054844,0.3719902402161753
SriLanka,LK22,,2025-01-13,2025-02-10,1,0.34036789413043034,0.3135938073078662,0.331004227385966,0.33356346062758174
SriLanka,LK22,,2025-01-20,2025-02-17,1,0.2624287652109276,0.2393210992705866,0.25197898891077125,0.2532106810066953
SriLanka,LK22,,2025-01-27,2025-02-24,1,0.24635111141077823,0.22692677553827312,0.2306346979548521,0.23417503816851779
SriLanka,LK22,,2025-02-03,2025-03-03,1,0.24004602899349126,0.17596769712249263,0.22188400500065367,0.17893133441915277
SriLanka,LK22,,2025-02-10,2025-03-10,1,0.2278954567551677,0.15527920960168862,0.20310601117205834,0.15127780069927838
SriLanka,LK22,,2025-02-17,2025-03-17,0,0.24073970576574408,0.14458797563796075,0.2126428851723078,0.13845976397849863
SriLanka,LK22,,2025-02-24,2025-03-24,1,0.17640584533821846,0.11651181650380917,0.15675109941059354,0.11225290057687931
SriLanka,LK22,,2025-03-03,2025-03-31,1,0.1607447714466892,0.1318217798417603,0.1419336524303872,0.12563851165795717
SriLanka,LK22,,2025-03-10,2025-04-07,1,0.11177756900056314,0.1066426773436215,0.0995082413001348,0.10260698060270172
SriLanka,LK22,,2025-03-17,2025-04-14,1,0.10577651332288943,0.1066618885593413,0.0929063265313796,0.10144300551612925
SriLanka,LK22,,2025-03-24,2025-04-21,1,0.1411839975502264,0.13679666053359993,0.12424030306491088,0.13017008088083534
SriLanka,LK22,,2025-03-31,2025-04-28,1,0.15590642743752228,0.14223649307097824,0.14027645294860558,0.13834110506561004
SriLanka,LK22,,2025-04-07,2025-05-05,1,0.21593432806358503,0.1825264253134584,0.19949268826290764,0.18117476110903766
SriLanka,LK22,,2025-04-14,2025-05-12,0,0.26205032580069376,0.21021594333281993,0.24897326892052551,0.21393853658170456
SriLanka,LK22,,2025-04-21,2025-05-19,0,0.32845784064432326,0.30618293385507667,0.3178038251808904,0.31523757234326827
SriLanka,LK22,,2025-04-28,2025-05-26,0,0.33316537047520134,0.29948420332982223,0.330417345734072,0.31642628546322765
SriLanka,LK22,,2025-05-05,2025-06-02,1,0.31392149775520706,0.3088575129526726,0.32098317019856487,0.33703794415048927
SriLanka,LK22,,2025-05-12,2025-06-09,0,0.29767090030515747,0.29264656429117036,0.3067544163676962,0.32425574956486997
SriLanka,LK22,,2025-05-19,2025-06-16,1,0.36906092563437853,0.3240017215323093,0.3800736685295184,0.3605468082848848
SriLanka,LK22,,2025-05-26,2025-06-23,1,0.4230507769047408,0.33082727738966683,0.4403789358392495,0.3751418558793222
SriLanka,LK22,,2025-06-02,2025-06-30,0,0.41048402697604736,0.3522207138771945,0.43329922288696743,0.4049201590614364
SriLanka,LK22,,2025-06-09,2025-07-07,0,0.38565788392872846,0.3191476754765014,0.41746918800377314,0.3798636247927308
SriLanka,LK22,,2025-06-16,2025-07-14,0,0.398697704562275,0.3312547363641967,0.43890626711634184,0.40000062248495566
SriLanka,LK22,,2025-06-23,2025-07-21,1,0.35624046142526966,0.3121875184085517,0.40493731376042513,0.3874938573062991
SriLanka,LK22,,2025-06-30,2025-07-28,0,0.282267864657794,0.25909762612157833,0.33297570489551376,0.33291830969333785
SriLanka,LK22,,2025-07-07,2025-08-04,0,0.209759133395354,0.21685641972764305,0.25844560289768603,0.2870168307092616
SriLanka,LK22,,2025-07-14,2025-08-11,0,0.1941496023385884,0.2138984855466221,0.24245735514479777,0.28339035075451613
SriLanka,LK22,,2025-07-21,2025-08-18,0,0.20586418432388365,0.22499289572482323,0.25927338673484257,0.2981664796055654
SriLanka,LK22,,2025-07-28,2025-08-25,0,0.18082914871282008,0.19025898809794478,0.2325710894204579,0.25779400695563126
SriLanka,LK22,,2025-08-04,2025-09-01,1,0.1668407400302594,0.16839198523364315,0.21318252660719222,0.22677292527833368
SriLanka,LK22,,2025-08-11,2025-09-08,1,0.1654303220213071,0.1484338369437421,0.21051209774145388,0.19999670815271367
SriLanka,LK22,,2025-08-18,2025-09-15,1,0.1624041470138808,0.15458049948631802,0.20266528796545008,0.20331130707994002
SriLanka,LK22,,2025-08-25,2025-09-22,1,0.14678331909097683,0.14214618817987235,0.17935315424085016,0.18322963338884488
SriLanka,LK22,,2025-09-01,2025-09-29,0,0.16791130740012647,0.20100986906284288,0.20142822172610964,0.25094578866274514
SriLanka,LK22,,2025-09-08,2025-10-06,0,0.14498056282672556,0.20345926405028955,0.17494934321644645,0.25400883013407366
SriLanka,LK22,,2025-09-15,2025-10-13,0,0.17829658329134512,0.27076739658564936,0.21378055485754577,0.3315375668967639
SriLanka,LK22,,2025-09-22,2025-10-20,1,0.21242835981154085,0.26925750735373866,0.25261458333530984,0.3294630685942407
SriLanka,LK22,,2025-09-29,2025-10-27,1,0.22305879649225063,0.28778330590157275,0.2647181259295072,0.3496993584947331
SriLanka,LK22,,2025-10-06,2025-11-03,0,0.20432037727982066,0.26894376781758106,0.24299813985568006,0.3271989709953537
SriLanka,LK22,,2025-10-13,2025-11-10,1,0.2715786113789208,0.3185240763419945,0.3156518307958317,0.37828681204221093
SriLanka,LK22,,2025-10-20,2025-11-17,0,0.32777167529651685,0.39067988568415546,0.3759089281663547,0.4532438250892239
SriLanka,LK22,,2025-10-27,2025-11-24,0,0.4353400122987392,0.4283666194103504,0.4900900481624518,0.493482335676843
SriLanka,LK22,,2025-11-03,2025-12-01,1,0.42637687375266503,0.40474256501191247,0.4819676803886029,0.4696961183771806
SriLanka,LK22,,2025-11-10,2025-12-08,1,0.4596077448701685,0.45389158087337683,0.5151090928973295,0.518326531930205
SriLanka,LK22,,2025-11-17,2025-12-15,0,0.45513790114356834,0.4600187323719457,0.5130120808634867,0.5270103255311012
SriLanka,LK23,,2023-01-02,2023-01-30,0,0.08237978721102093,0.2486363962979549,0.06986860093497836,0.2224605956063413
SriLanka,LK23,,2023-01-09,2023-02-06,0,0.07077094980081645,0.20816399306859792,0.06059898365211249,0.18508226777839798
SriLanka,LK23,,2023-01-16,2023-02-13,0,0.05016420782501043,0.16763801037085413,0.045670207276875735,0.1554242142242342
SriLanka,LK23,,2023-01-23,2023-02-20,0,0.043919387908902145,0.1367067029321033,0.041200549056213946,0.12946388417151833
SriLanka,LK23,,2023-01-30,2023-02-27,1,0.04196234814049623,0.11377542209318488,0.040935381432245406,0.11115552184514997
SriLanka,LK23,,2023-02-06,2023-03-06,0,0.046021813393700664,0.09958604750590712,0.04564803442976178,0.0985303320808033
SriLanka,LK23,,2023-02-13,2023-03-13,0,0.04401246955208513,0.08728768025830135,0.04595223120798702,0.09015875375742084
SriLanka,LK23,,2023-02-20,2023-03-20,0,0.034300906024452474,0.08029813327535895,0.03693864034438812,0.08474877326511897
SriLanka,LK23,,2023-02-27,2023-03-27,0,0.034600468000370525,0.07911486080094159,0.03856815096550652,0.08588548618484695
SriLanka,LK23,,2023-03-06,2023-04-03,0,0.03703691603800944,0.07756572346962136,0.043001357091600544,0.08726238086085554
SriLanka,LK23,,2023-03-13,2023-04-10,0,0.041895662412311005,0.07898346108619027,0.04962426970092502,0.09060697011975109
SriLanka,LK23,,2023-03-20,2023-04-17,0,0.054173185200681,0.08662891372636457,0.06559077687179256,0.10175349729436704
SriLanka,LK23,,2023-03-27,2023-04-24,0,0.09498707040931961,0.10109662332092542,0.11713633347443385,0.12187330136617042
SriLanka,LK23,,2023-04-03,2023-05-01,0,0.1113865396409329,0.1167460977425836,0.1397383803615658,0.14358290886599331
SriLanka,LK23,,2023-04-10,2023-05-08,1,0.14918955656028493,0.1357021864644984,0.18823931486912052,0.16933534903717745
SriLanka,LK23,,2023-04-17,2023-05-15,1,0.19769712760960384,0.16187111824497077,0.2525688870078497,0.20641874465894572
SriLanka,LK23,,2023-04-24,2023-05-22,1,0.18775735094632068,0.19109194195707863,0.24361909247759653,0.2438411697230891
SriLanka,LK23,,2023-05-01,2023-05-29,1,0.24581435652410943,0.21654238638230175,0.31907561525073397,0.27965799568163563
SriLanka,LK23,,2023-05-08,2023-06-05,1,0.3097390534456593,0.2754477978701752,0.3986396125095099,0.3537044625477978
SriLanka,LK23,,2023-05-15,2023-06-12,1,0.4243848036417285,0.2924659423268719,0.530450965452124,0.3811992191952841
SriLanka,LK23,,2023-05-22,2023-06-19,1,0.5133921275865794,0.3241017957294869,0.6297681867028142,0.4279113630487784
SriLanka,LK23,,2023-05-29,2023-06-26,1,0.5451483489009437,0.3459436310930199,0.6687305370455165,0.46132702812134874
SriLanka,LK23,,2023-06-05,2023-07-03,1,0.5485479698690553,0.33985214285574783,0.6785047127855208,0.4653228084114519
SriLanka,LK23,,2023-06-12,2023-07-10,1,0.5099331768099196,0.3374683202442532,0.650077728484246,0.471297017463873
SriLanka,LK23,,2023-06-19,2023-07-17,1,0.44489003014384976,0.3167356441847241,0.5971257300826566,0.45711378945968345
SriLanka,LK23,,2023-06-26,2023-07-24,1,0.5163431840128722,0.30042875441242417,0.6676434398136682,0.4421851990260068
SriLanka,LK23,,2023-07-03,2023-07-31,1,0.40144553606571576,0.28377107612721236,0.5645523714335671,0.42842008397701925
SriLanka,LK23,,2023-07-10,2023-08-07,1,0.3687271270382232,0.26023280367171503,0.5340768013560507,0.4032743448994671
SriLanka,LK23,,2023-07-17,2023-08-14,1,0.3872120264464729,0.22847629105729747,0.5599867621957118,0.3685258597046881
SriLanka,LK23,,2023-07-24,2023-08-21,1,0.3989575122245647,0.21002904810637238,0.57353159257663,0.34609632941281065
SriLanka,LK23,,2023-07-31,2023-08-28,0,0.39253254809381893,0.1874770388709055,0.5660277413733534,0.31584593424798796
SriLanka,LK23,,2023-08-07,2023-09-04,1,0.37641709194287154,0.1902591143257659,0.5478398525193686,0.31927764634390826
SriLanka,LK23,,2023-08-14,2023-09-11,0,0.3398181381180219,0.18166084752357894,0.5150645148920803,0.31297903800235943
SriLanka,LK23,,2023-08-21,2023-09-18,0,0.32953093147757695,0.17689136114073728,0.5038407239128274,0.3066380971149106
SriLanka,LK23,,2023-08-28,2023-09-25,0,0.18181398719987915,0.16384451749125753,0.31502939116306655,0.2881738062236377
SriLanka,LK23,,2023-09-04,2023-10-02,1,0.17456701684727774,0.1812263565874714,0.30625690700195235,0.31554606351276726
SriLanka,LK23,,2023-09-11,2023-10-09,0,0.1723657399054549,0.1885809994926648,0.3036333170727113,0.3261159757486775
SriLanka,LK23,,2023-09-18,2023-10-16,0,0.18606005166123243,0.20332545945362246,0.3261989577368996,0.3485231621043234
SriLanka,LK23,,2023-09-25,2023-10-23,0,0.23127410550315042,0.22445727485503605,0.38945072746741516,0.376469816173629
SriLanka,LK23,,2023-10-02,2023-10-30,1,0.3219813831315009,0.2642910330753421,0.5040974466663037,0.4292293767661001
SriLanka,LK23,,2023-10-09,2023-11-06,0,0.40885728946465727,0.2984774309064175,0.5995922185015927,0.47293790237928274
SriLanka,LK23,,2023-10-16,2023-11-13,1,0.41312672383699833,0.33256096031238624,0.6065461677699439,0.513746542785642
SriLanka,LK23,,2023-10-23,2023-11-20,1,0.37438060604694995,0.36068608583522976,0.5715764758200731,0.547939085678663
SriLanka,LK23,,2023-10-30,2023-11-27,1,0.4078682864992963,0.43434704771844884,0.605530726173979,0.6229953175732151
SriLanka,LK23,,2023-11-06,2023-12-04,1,0.41120488831884633,0.42700837913326745,0.6117211241234283,0.6205687025674772
SriLanka,LK23,,2023-11-13,2023-12-11,1,0.45881328341988825,0.4726179533417895,0.6506609944453077,0.6595756709165511
SriLanka,LK23,,2023-11-20,2023-12-18,1,0.48286149134666684,0.4942152054354883,0.6688887237042909,0.6776042220276709
SriLanka,LK23,,2023-11-27,2023-12-25,1,0.4992895040904934,0.4975490914441491,0.6759600928250136,0.6746658005746075
SriLanka,LK23,,2023-12-04,2024-01-01,1,0.5198086731402595,0.5081023049152269,0.6992898973526093,0.6912342421596437
SriLanka,LK23,,2023-12-11,2024-01-08,1,0.4615812751132962,0.48709956052666015,0.6603834793337938,0.6862652581425834
SriLanka,LK23,,2023-12-18,2024-01-15,1,0.5009553021579518,0.4890840803092017,0.708121572442785,0.7025471516767138
SriLanka,LK23,,2023-12-25,2024-01-22,1,0.3716561538952881,0.3726381562013895,0.6013928068175668,0.6080482775221622
SriLanka,LK23,,2024-01-01,2024-01-29,1,0.322272965271892,0.3174217876747902,0.556290183305026,0.5576671438673677
SriLanka,LK23,,2024-01-08,2024-02-05,1,0.27339685383506923,0.2874480274328707,0.5060346728856139,0.5326766025674021
SriLanka,LK23,,2024-01-15,2024-02-12,1,0.23865087247491878,0.23778466835150952,0.4596459814403548,0.4713026241135021
SriLanka,LK23,,2024-01-22,2024-02-19,1,0.17632355418005452,0.18371229869973052,0.36812417881078446,0.3944640054300211
SriLanka,LK23,,2024-01-29,2024-02-26,1,0.14929311792905917,0.14309676544789296,0.3263188302165357,0.33107497138782205
SriLanka,LK23,,2024-02-05,2024-03-04,1,0.12410714205598496,0.1285680694362106,0.28314962515989645,0.30823742825682454
SriLanka,LK23,,2024-02-12,2024-03-11,0,0.12156797076539312,0.10214710897510099,0.2800512731610208,0.2595200706376526
SriLanka,LK23,,2024-02-19,2024-03-18,1,0.13673459983183212,0.09128116817067687,0.30601625336737237,0.2376690863214686
SriLanka,LK23,,2024-02-26,2024-03-25,1,0.12330981951797254,0.08256533857007588,0.27544918482946235,0.21670660197189562
SriLanka,LK23,,2024-03-04,2024-04-01,0,0.13713982874947053,0.08712675986681905,0.29277781979116,0.22343151381455933
SriLanka,LK23,,2024-03-11,2024-04-08,0,0.1320321366539112,0.08487801124903464,0.2801163503272489,0.2175828738334308
SriLanka,LK23,,2024-03-18,2024-04-15,1,0.1291379423568564,0.09404231144939022,0.2734859837582713,0.2370984324202422
SriLanka,LK23,,2024-03-25,2024-04-22,0,0.12390169441036976,0.1071126779671661,0.25948447505989375,0.2609777935575559
SriLanka,LK23,,2024-04-01,2024-04-29,0,0.14037001701437116,0.12003409833568326,0.28158709994923137,0.28100351950587354
SriLanka,LK23,,2024-04-08,2024-05-06,0,0.15668634316734967,0.13534158137237284,0.3021359125137245,0.3038669503916513
SriLanka,LK23,,2024-04-15,2024-05-13,0,0.2527227700645106,0.169734833333835,0.4323821696109374,0.3553458744970477
SriLanka,LK23,,2024-04-22,2024-05-20,0,0.3517506819562575,0.19405544577671957,0.5392361747656177,0.3839339219652093
SriLanka,LK23,,2024-04-29,2024-05-27,0,0.49053257341728534,0.2227217255678169,0.6700544905616684,0.42006615431684446
SriLanka,LK23,,2024-05-06,2024-06-03,0,0.4941913619904793,0.25251875130081863,0.6663534010115478,0.4522712049870708
SriLanka,LK23,,2024-05-13,2024-06-10,0,0.42066933786922656,0.2754885911864895,0.5886673715104582,0.471879467240018
SriLanka,LK23,,2024-05-20,2024-06-17,0,0.3970363592761566,0.2898470947645976,0.5561602556244369,0.4806642430847779
SriLanka,LK23,,2024-05-27,2024-06-24,1,0.47019963030774153,0.3029508508875587,0.6164888960065263,0.48430259348467414
SriLanka,LK23,,2024-06-03,2024-07-01,1,0.5465996875263531,0.31616836618516947,0.6785954707081393,0.4874453211003235
SriLanka,LK23,,2024-06-10,2024-07-08,1,0.6069565292495142,0.31085373501199787,0.7215560449018379,0.46777359424626697
SriLanka,LK23,,2024-06-17,2024-07-15,1,0.5829803446191306,0.29284461549008356,0.6891331184488492,0.43218167055286527
SriLanka,LK23,,2024-06-24,2024-07-22,0,0.5036162701742569,0.29553178297400245,0.6039072792282175,0.42334265894346096
SriLanka,LK23,,2024-07-01,2024-07-29,1,0.425512632725282,0.2714982038185169,0.5202099573775876,0.3898678972107939
SriLanka,LK23,,2024-07-08,2024-08-05,0,0.3340820377848072,0.2559518486496715,0.41359249172865303,0.3647003356017848
SriLanka,LK23,,2024-07-15,2024-08-12,1,0.2781767447293389,0.2231553973164804,0.3463105809483091,0.3218819981526321
SriLanka,LK23,,2024-07-22,2024-08-19,1,0.29774981458504224,0.20070853991968546,0.36650004923109597,0.2932682001119775
SriLanka,LK23,,2024-07-29,2024-08-26,0,0.27338190462372725,0.1899131981257557,0.3387155354283799,0.2789126459881933
SriLanka,LK23,,2024-08-05,2024-09-02,0,0.24878955009112733,0.17230128025081579,0.3128756335517411,0.2578853705743608
SriLanka,LK23,,2024-08-12,2024-09-09,0,0.2174489477314237,0.1726838937907509,0.27082092291138293,0.25386947126464593
SriLanka,LK23,,2024-08-19,2024-09-16,1,0.1909797580615242,0.1661103101352407,0.2412845712905576,0.2459595681283052
SriLanka,LK23,,2024-08-26,2024-09-23,1,0.20276247954040216,0.1639797236186705,0.256766019639843,0.2435452705325231
SriLanka,LK23,,2024-09-02,2024-09-30,1,0.20724970681843974,0.1631596845972529,0.26198913021279113,0.24191904994790803
SriLanka,LK23,,2024-09-09,2024-10-07,0,0.27814579166652614,0.18326743542275573,0.3415078960513259,0.26682785930912595
SriLanka,LK23,,2024-09-16,2024-10-14,0,0.324475214902027,0.20651197660322868,0.3936116406841778,0.2975917002817281
SriLanka,LK23,,2024-09-23,2024-10-21,0,0.33324955355644276,0.239244099544966,0.4054819259296892,0.34126856583037163
SriLanka,LK23,,2024-09-30,2024-10-28,1,0.3151472085639626,0.26996044612871084,0.3857849183838107,0.37902727807477377
SriLanka,LK23,,2024-10-07,2024-11-04,0,0.25568478822764956,0.29862853590304794,0.3177681590684107,0.4114604285132786
SriLanka,LK23,,2024-10-14,2024-11-11,0,0.2581763059815603,0.33610479168363944,0.31875169926164565,0.45216437529246284
SriLanka,LK23,,2024-10-21,2024-11-18,0,0.2695331596660658,0.3692706387071403,0.3259462987373062,0.48247549866836514
SriLanka,LK23,,2024-10-28,2024-11-25,0,0.32138770544368644,0.406802506181182,0.37773084820980235,0.5158574868797157
SriLanka,LK23,,2024-11-04,2024-12-02,0,0.34318695695656476,0.428442024208039,0.3968262658421322,0.5310704930488331
SriLanka,LK23,,2024-11-11,2024-12-09,0,0.3812111728754317,0.4267610416730643,0.4457891376574381,0.5346107287762015
SriLanka,LK23,,2024-11-18,2024-12-16,0,0.4041074561370686,0.4379936377265383,0.4709139095991412,0.5445503940554481
SriLanka,LK23,,2024-11-25,2024-12-23,1,0.33303686790433845,0.42878864455820026,0.3999498094753857,0.5368018540752665
SriLanka,LK23,,2024-12-02,2024-12-30,0,0.3334527616173046,0.40637076327572386,0.3936721380907206,0.504952337841528
SriLanka,LK23,,2024-12-09,2025-01-06,1,0.2873663888536997,0.3696635483425978,0.32976089554410754,0.4493528401565941
SriLanka,LK23,,2024-12-16,2025-01-13,0,0.2736146973142066,0.3375663922387654,0.30310985243953315,0.4002008207879683
SriLanka,LK23,,2024-12-23,2025-01-20,1,0.2773361043886023,0.31563018829658557,0.29212091846549576,0.35971345197602045
SriLanka,LK23,,2024-12-30,2025-01-27,1,0.17263555258075272,0.25368290101498225,0.17738570402984596,0.2854895742576467
SriLanka,LK23,,2025-01-06,2025-02-03,0,0.12831222125741665,0.2164555965992431,0.12671244733365142,0.2377573118439206
SriLanka,LK23,,2025-01-13,2025-02-10,0,0.09628267128557133,0.1652886025126111,0.09269032943141751,0.1782669062085255
SriLanka,LK23,,2025-01-20,2025-02-17,1,0.08269366954717429,0.1495077407567373,0.07863779590239996,0.15927622296776334
SriLanka,LK23,,2025-01-27,2025-02-24,0,0.07550471822144976,0.12061413393078672,0.06968002899668087,0.1250157998241693
SriLanka,LK23,,2025-02-03,2025-03-03,0,0.07437293957699122,0.10117768931114576,0.06763032299502889,0.10303922270719593
SriLanka,LK23,,2025-02-10,2025-03-10,0,0.07255873869509678,0.08717716183826522,0.06328126941815469,0.08475460296681359
SriLanka,LK23,,2025-02-17,2025-03-17,1,0.08578007631294558,0.0829465148761642,0.07400585030620795,0.07918905257657127
SriLanka,LK23,,2025-02-24,2025-03-24,0,0.07298833888725066,0.07604372116701415,0.06396128635611815,0.07314159301580879
SriLanka,LK23,,2025-03-03,2025-03-31,0,0.05989769196375669,0.07555771852488251,0.05215477825914088,0.07179534013044289
SriLanka,LK23,,2025-03-10,2025-04-07,0,0.05011080312750615,0.07804164585667187,0.04427297109456105,0.07499743905262557
SriLanka,LK23,,2025-03-17,2025-04-14,0,0.05651332278597743,0.09113731478606327,0.049306650665991325,0.0866043973243297
SriLanka,LK23,,2025-03-24,2025-04-21,1,0.07772952817918927,0.10204356442299482,0.06779990293522432,0.09691145937746769
SriLanka,LK23,,2025-03-31,2025-04-28,1,0.12255815704825429,0.11742628272023586,0.10983638861504885,0.11411996535571521
SriLanka,LK23,,2025-04-07,2025-05-05,1,0.1759124126856913,0.13405661229848173,0.16188891961097818,0.13300548228901793
SriLanka,LK23,,2025-04-14,2025-05-12,1,0.2558497346760458,0.1620596873468378,0.2429802217346838,0.1651077847235963
SriLanka,LK23,,2025-04-21,2025-05-19,0,0.311720133308975,0.19715864517271164,0.30136538946783187,0.2039368325106922
SriLanka,LK23,,2025-04-28,2025-05-26,1,0.3498384198517175,0.23064786717388586,0.34702443976920533,0.2450580831827606
SriLanka,LK23,,2025-05-05,2025-06-02,1,0.36720014050704514,0.2640319225227585,0.3748055728860584,0.2898375793004583
SriLanka,LK23,,2025-05-12,2025-06-09,1,0.4521089788251932,0.29782410451303154,0.46279976931377104,0.3297318374747785
SriLanka,LK23,,2025-05-19,2025-06-16,1,0.5043273448752845,0.30692137307427103,0.5160749138237428,0.34251606186669625
SriLanka,LK23,,2025-05-26,2025-06-23,1,0.4903833261101994,0.3246435579388912,0.508040881701256,0.36858606479605294
SriLanka,LK23,,2025-06-02,2025-06-30,1,0.443801400466392,0.33521960068195505,0.46700144568482876,0.3868945975727517
SriLanka,LK23,,2025-06-09,2025-07-07,1,0.41695007319233146,0.35908331446428843,0.4494541549137343,0.4226801640648047
SriLanka,LK23,,2025-06-16,2025-07-14,1,0.39303669648086526,0.3621463739500886,0.43308554430691965,0.4331508110090328
SriLanka,LK23,,2025-06-23,2025-07-21,1,0.329882917049196,0.3071861504512425,0.3770872609809025,0.3819560107193603
SriLanka,LK23,,2025-06-30,2025-07-28,1,0.3457561550879545,0.27962980615203686,0.40148933661526565,0.35648571482885233
SriLanka,LK23,,2025-07-07,2025-08-04,1,0.3468948715562143,0.25872965580804785,0.4108623253238674,0.33661446677632245
SriLanka,LK23,,2025-07-14,2025-08-11,0,0.30267223976571733,0.2747223028250395,0.365727552087131,0.3550497131077358
SriLanka,LK23,,2025-07-21,2025-08-18,1,0.24088327127506992,0.24354042406328927,0.2999462536214839,0.3202535088048386
SriLanka,LK23,,2025-07-28,2025-08-25,0,0.21584248108916124,0.20480112033009845,0.27424892097475556,0.27574028102889664
SriLanka,LK23,,2025-08-04,2025-09-01,1,0.18400351835818873,0.1864438908140086,0.2337748434179642,0.24920787179249088
SriLanka,LK23,,2025-08-11,2025-09-08,0,0.18013817068666577,0.16579137397288599,0.22813239549866,0.22181331245542926
SriLanka,LK23,,2025-08-18,2025-09-15,1,0.21687796642058482,0.16804252507667594,0.2663492405310467,0.21991325354879207
SriLanka,LK23,,2025-08-25,2025-09-22,1,0.22300198915175728,0.1643517815855006,0.2671879104251956,0.2102799619285592
SriLanka,LK23,,2025-09-01,2025-09-29,1,0.2195807315550936,0.1767397201519914,0.26018640019473727,0.2223240181024426
SriLanka,LK23,,2025-09-08,2025-10-06,1,0.16758595929781192,0.18576778461417856,0.2011282980632637,0.2332087817073939
SriLanka,LK23,,2025-09-15,2025-10-13,0,0.1611958825989978,0.20879777090722856,0.19408037167588582,0.2606305437438488
SriLanka,LK23,,2025-09-22,2025-10-20,0,0.1941403975861681,0.23444690586319739,0.23188561186681522,0.28995738854844405
SriLanka,LK23,,2025-09-29,2025-10-27,0,0.21256994671033164,0.27820123451784523,0.25290800658027573,0.33903709048843955
SriLanka,LK23,,2025-10-06,2025-11-03,0,0.2301424299147648,0.3179629923175178,0.2720370890994687,0.38129811339361547
SriLanka,LK23,,2025-10-13,2025-11-10,0,0.3347177957675449,0.3431261135062473,0.3836409742985923,0.4047631443257383
SriLanka,LK23,,2025-10-20,2025-11-17,1,0.30424923724770225,0.3650682300060133,0.35073434476958754,0.4264008959711891
SriLanka,LK23,,2025-10-27,2025-11-24,1,0.38741086325763696,0.40244313471204873,0.44083910928688497,0.4668364228038547
SriLanka,LK23,,2025-11-03,2025-12-01,0,0.3942074974785695,0.42848224971949217,0.44888625088784406,0.49408333844344693
SriLanka,LK23,,2025-11-10,2025-12-08,0,0.35962339946698113,0.4431325092325133,0.41226194786545695,0.5074593656478089
SriLanka,LK23,,2025-11-17,2025-12-15,1,0.371329528270284,0.45602247859730616,0.42689643884677503,0.5229957655842947
SriLanka,LK31,,2023-01-02,2023-01-30,1,0.14247689436819863,0.20379728675875317,0.12205262913335552,0.18120359550653517
SriLanka,LK31,,2023-01-09,2023-02-06,1,0.1507828676727677,0.21053333320385678,0.13072862652956527,0.18725101657177537
SriLanka,LK31,,2023-01-16,2023-02-13,0,0.10285077299621924,0.16466167751885297,0.09410443260448036,0.15262496905347406
SriLanka,LK31,,2023-01-23,2023-02-20,0,0.08873762336061514,0.14463374421775704,0.08348657478515895,0.137037612060627
SriLanka,LK31,,2023-01-30,2023-02-27,0,0.08163633384215828,0.13064538469029602,0.0797191994083431,0.12769299313206586
SriLanka,LK31,,2023-02-06,2023-03-06,0,0.07256032755499382,0.11051989986402304,0.07198727332430696,0.10936235246231811
SriLanka,LK31,,2023-02-13,2023-03-13,1,0.06019131334636182,0.08495979023032581,0.06279728609238588,0.08776165707080526
SriLanka,LK31,,2023-02-20,2023-03-20,0,0.05270809795314096,0.07186566659304422,0.05667826413762682,0.07588749006770563
SriLanka,LK31,,2023-02-27,2023-03-27,0,0.05510509621731545,0.06877364110156949,0.061274834061386646,0.07473108692178444
SriLanka,LK31,,2023-03-06,2023-04-03,0,0.0602693393430395,0.07415928776019798,0.06970432070673238,0.08346863298070228
SriLanka,LK31,,2023-03-13,2023-04-10,1,0.06875231823921603,0.08265472492065795,0.0810163139486391,0.09476292236682993
SriLanka,LK31,,2023-03-20,2023-04-17,1,0.07086445928403441,0.08435259129149446,0.08548198153713005,0.0991228807868835
SriLanka,LK31,,2023-03-27,2023-04-24,1,0.08782862678492424,0.09955079233827521,0.1085088058063003,0.12005221049476979
SriLanka,LK31,,2023-04-03,2023-05-01,1,0.0916761139822677,0.10703525308665096,0.11566397445202181,0.13197333893473953
SriLanka,LK31,,2023-04-10,2023-05-08,1,0.1465845559513586,0.14515565725264587,0.18510080767134277,0.18064212171038563
SriLanka,LK31,,2023-04-17,2023-05-15,1,0.21028721464482356,0.20366316666251874,0.26748836342887455,0.256196449402886
SriLanka,LK31,,2023-04-24,2023-05-22,1,0.23433180050646424,0.21917516549087532,0.2989503180025386,0.27702169546232136
SriLanka,LK31,,2023-05-01,2023-05-29,1,0.7188659644310716,0.2513838186593944,0.7861515780075339,0.32050031279645025
SriLanka,LK31,,2023-05-08,2023-06-05,1,0.7523446426855208,0.3003945935873619,0.8177771293136343,0.3820020794071533
SriLanka,LK31,,2023-05-15,2023-06-12,1,0.8029855526354073,0.3550308167770849,0.8619775918736242,0.4506557231978032
SriLanka,LK31,,2023-05-22,2023-06-19,1,0.6768026111384157,0.3545175779856303,0.7714924360476315,0.4614185772276548
SriLanka,LK31,,2023-05-29,2023-06-26,1,0.9026996045226523,0.44062805014634354,0.9398539777101124,0.5605273808688003
SriLanka,LK31,,2023-06-05,2023-07-03,1,0.7860209016904769,0.41498695788322904,0.864503316258497,0.5452841534232743
SriLanka,LK31,,2023-06-12,2023-07-10,1,0.6965136689402683,0.42324542590691444,0.8038280488652026,0.5622242066115088
SriLanka,LK31,,2023-06-19,2023-07-17,1,0.6829458395050357,0.42311718976046553,0.7993417271824044,0.5712264989862221
SriLanka,LK31,,2023-06-26,2023-07-24,1,0.6918622288468939,0.4390519977848262,0.8086078668345539,0.5909631541961798
SriLanka,LK31,,2023-07-03,2023-07-31,1,0.5218359004128215,0.36944895563233043,0.678416344387872,0.5257148878927099
SriLanka,LK31,,2023-07-10,2023-08-07,1,0.4990047456472575,0.3721280863130127,0.6615522299181622,0.5324096084515909
SriLanka,LK31,,2023-07-17,2023-08-14,1,0.42171189938087456,0.3314362227503867,0.5949351184972415,0.49417337766238223
SriLanka,LK31,,2023-07-24,2023-08-21,1,0.44893724065899093,0.3151253228337361,0.6227224598878115,0.4780745617414734
SriLanka,LK31,,2023-07-31,2023-08-28,1,0.2939054084994164,0.2621610369231466,0.4565722964071094,0.4155162080870309
SriLanka,LK31,,2023-08-07,2023-09-04,1,0.3460852933096684,0.3139584890425732,0.5151051080622838,0.47740455261632014
SriLanka,LK31,,2023-08-14,2023-09-11,1,0.2921879714677518,0.27717862662903203,0.45998571271755806,0.44038661082438724
SriLanka,LK31,,2023-08-21,2023-09-18,1,0.3134556555703569,0.2899347548628817,0.4854185424522382,0.4566013828332092
SriLanka,LK31,,2023-08-28,2023-09-25,1,0.5156783633767595,0.20503684828413793,0.6878591625328215,0.3476285991232499
SriLanka,LK31,,2023-09-04,2023-10-02,1,0.4863481130943314,0.22494761942417,0.6640289696839984,0.37676103453685955
SriLanka,LK31,,2023-09-11,2023-10-09,1,0.3714998012234048,0.22058951811941474,0.5530765588449472,0.37080095198273844
SriLanka,LK31,,2023-09-18,2023-10-16,1,0.299218893657582,0.23341925387381962,0.47486359317704374,0.3895979127933362
SriLanka,LK31,,2023-09-25,2023-10-23,1,0.36796805236525687,0.239769230441854,0.552447704645259,0.3968454125458784
SriLanka,LK31,,2023-10-02,2023-10-30,1,0.7609725474172978,0.28585476857126724,0.8720369275482954,0.45591112668146033
SriLanka,LK31,,2023-10-09,2023-11-06,0,0.7990253804165713,0.3561913528523401,0.8959181714452571,0.5384914442687401
SriLanka,LK31,,2023-10-16,2023-11-13,1,0.7708884688199551,0.3578193615687592,0.8805034584760483,0.5415995041128352
SriLanka,LK31,,2023-10-23,2023-11-20,1,0.7766580207110862,0.46460721471800986,0.8857505629698312,0.6508838333375597
SriLanka,LK31,,2023-10-30,2023-11-27,1,0.6652583933811141,0.5218766532888384,0.8158027608946805,0.7014015346435435
SriLanka,LK31,,2023-11-06,2023-12-04,1,0.4792655275302376,0.3849806912119862,0.6749267988571422,0.5787318670744138
SriLanka,LK31,,2023-11-13,2023-12-11,1,0.5797464836236452,0.519521182067361,0.7519052768201391,0.7003921959324165
SriLanka,LK31,,2023-11-20,2023-12-18,1,0.6752664269703286,0.5732538775391147,0.8181474470942665,0.7428936489370033
SriLanka,LK31,,2023-11-27,2023-12-25,1,0.7416282730377357,0.6657628036925337,0.8572406250383521,0.8066286172475724
SriLanka,LK31,,2023-12-04,2024-01-01,1,0.725000196401659,0.7174950517974247,0.8499289689948144,0.8462586967768869
SriLanka,LK31,,2023-12-11,2024-01-08,1,0.6495779820173606,0.6558066256530181,0.8078603413020233,0.8144202671259333
SriLanka,LK31,,2023-12-18,2024-01-15,1,0.6025404305128412,0.6304646442868805,0.7855855867802306,0.8080420985032826
SriLanka,LK31,,2023-12-25,2024-01-22,1,0.4796492265976587,0.5096687779022262,0.7016028528352922,0.7308051018820916
SriLanka,LK31,,2024-01-01,2024-01-29,1,0.44622479604712645,0.4621071002335923,0.6799471645481978,0.6996186322133313
SriLanka,LK31,,2024-01-08,2024-02-05,1,0.3379767040801559,0.34195109098365833,0.5815822622724713,0.5948597153118299
SriLanka,LK31,,2024-01-15,2024-02-12,1,0.4191195288316333,0.37979107176363386,0.6619359771317187,0.6363397772270466
SriLanka,LK31,,2024-01-22,2024-02-19,0,0.3781877011445014,0.31623760275430657,0.623384070368064,0.5724105982600922
SriLanka,LK31,,2024-01-29,2024-02-26,1,0.27818841066178546,0.26729859077641754,0.5154471943720761,0.5195162957436062
SriLanka,LK31,,2024-02-05,2024-03-04,0,0.22691729464477434,0.21052382268203101,0.4500190912763506,0.4460943207376007
SriLanka,LK31,,2024-02-12,2024-03-11,0,0.14898158024052835,0.14396908401939934,0.32978593645456644,0.3412834001139355
SriLanka,LK31,,2024-02-19,2024-03-18,0,0.09784913191731862,0.09791735108008258,0.23192293894979657,0.2519964791204159
SriLanka,LK31,,2024-02-26,2024-03-25,0,0.08705041861629353,0.11026340847617022,0.20490937359898034,0.27587325712788824
SriLanka,LK31,,2024-03-04,2024-04-01,0,0.06328539749904596,0.08716696861142466,0.1496430663217488,0.22351922454729745
SriLanka,LK31,,2024-03-11,2024-04-08,0,0.050215065069304475,0.07663879472721152,0.11912989714116926,0.19926683212717647
SriLanka,LK31,,2024-03-18,2024-04-15,0,0.047658323751689324,0.07758722178034831,0.11271821948440212,0.20117030945947004
SriLanka,LK31,,2024-03-25,2024-04-22,0,0.04352612096395403,0.08273001066124192,0.10132829280047437,0.20979972619650789
SriLanka,LK31,,2024-04-01,2024-04-29,0,0.046499919629207714,0.10094231372335898,0.10479267588509625,0.24339052884283252
SriLanka,LK31,,2024-04-08,2024-05-06,0,0.047539616728315026,0.10734192617791254,0.10418744513726308,0.251128538600951
SriLanka,LK31,,2024-04-15,2024-05-13,0,0.06690415151147089,0.12662416346796737,0.1390452782081403,0.28105040305087575
SriLanka,LK31,,2024-04-22,2024-05-20,0,0.08575756781792895,0.15120784570915713,0.16826823330256385,0.3155773685240672
SriLanka,LK31,,2024-04-29,2024-05-27,0,0.11429603714290526,0.1813185757423673,0.2139488138102427,0.3589174110186159
SriLanka,LK31,,2024-05-06,2024-06-03,0,0.18083696411432276,0.20134268577013076,0.3109431151566407,0.3812612862412396
SriLanka,LK31,,2024-05-13,2024-06-10,0,0.29808597078130933,0.2272651244451407,0.4556311117033197,0.408669485072338
SriLanka,LK31,,2024-05-20,2024-06-17,0,0.3083083650772227,0.22807541553045352,0.4589382316012537,0.4012005401175761
SriLanka,LK31,,2024-05-27,2024-06-24,0,0.32700971054340144,0.25569812279924103,0.46811174702765407,0.42605280859018074
SriLanka,LK31,,2024-06-03,2024-07-01,0,0.3223960060350883,0.2334164542930242,0.45452623954407967,0.3851105913956138
SriLanka,LK31,,2024-06-10,2024-07-08,0,0.32164200970017187,0.2444646355973972,0.44310259319391276,0.3866752294401934
SriLanka,LK31,,2024-06-17,2024-07-15,0,0.31728623696696606,0.24184583744472418,0.4242814680499529,0.3695999360356814
SriLanka,LK31,,2024-06-24,2024-07-22,0,0.2899438076596022,0.24369614039796925,0.38028235217501055,0.3605631892184423
SriLanka,LK31,,2024-07-01,2024-07-29,0,0.27355984132672784,0.2202983987014463,0.3553582396997365,0.3263453816626937
SriLanka,LK31,,2024-07-08,2024-08-05,1,0.22894323044408152,0.2090427018416993,0.2944970809152564,0.3060588402505881
SriLanka,LK31,,2024-07-15,2024-08-12,0,0.17363963899573023,0.18669042699389454,0.22411907733834954,0.27499524856625707
SriLanka,LK31,,2024-07-22,2024-08-19,0,0.16142413177943335,0.1720803384464707,0.2080211516082117,0.255660565484068
SriLanka,LK31,,2024-07-29,2024-08-26,1,0.13821479119632513,0.1559829485527854,0.17921289367360954,0.2336681485437992
SriLanka,LK31,,2024-08-05,2024-09-02,0,0.1492370389181774,0.16268521572237302,0.1943124329726238,0.24490617642202148
SriLanka,LK31,,2024-08-12,2024-09-09,0,0.15728475381056062,0.153095768006763,0.19965728328143292,0.22760575011152215
SriLanka,LK31,,2024-08-19,2024-09-16,0,0.13944604657345003,0.13697573898868554,0.17918311064049003,0.20628450594460881
SriLanka,LK31,,2024-08-26,2024-09-23,1,0.15471091610559604,0.16052511660430308,0.19911279932421144,0.23889341764640645
SriLanka,LK31,,2024-09-02,2024-09-30,0,0.15380780840366445,0.16197662820936506,0.19795669322847398,0.24032892182858615
SriLanka,LK31,,2024-09-09,2024-10-07,0,0.16033093171122823,0.1706283997491371,0.20445625586205976,0.2501913935625334
SriLanka,LK31,,2024-09-16,2024-10-14,0,0.19487398892143365,0.17970894170815893,0.2464714270611842,0.2628838687267176
SriLanka,LK31,,2024-09-23,2024-10-21,0,0.24460974111171685,0.2267274959269403,0.30646012822945046,0.32569950331668207
SriLanka,LK31,,2024-09-30,2024-10-28,0,0.2482346623716424,0.24330340139824946,0.310678148326062,0.34671533991520803
SriLanka,LK31,,2024-10-07,2024-11-04,0,0.33374096915627954,0.27444173244478337,0.40447784272516735,0.3831270286206013
SriLanka,LK31,,2024-10-14,2024-11-11,0,0.3178926730829595,0.29087372921661075,0.3852036964935851,0.4007424455527558
SriLanka,LK31,,2024-10-21,2024-11-18,1,0.3026398529715853,0.31087126235882295,0.36254311842506787,0.4180389529480062
SriLanka,LK31,,2024-10-28,2024-11-25,0,0.2774770943344479,0.34180987465646034,0.32986409814979845,0.44655782256674376
SriLanka,LK31,,2024-11-04,2024-12-02,0,0.28339957178729897,0.3682783677370897,0.33242372089263655,0.46830332605002595
SriLanka,LK31,,2024-11-11,2024-12-09,0,0.2925275314010968,0.37865011691291667,0.3505941629769585,0.4846201936950273
SriLanka,LK31,,2024-11-18,2024-12-16,0,0.397994751697277,0.45522000482434,0.46457851648971427,0.5617784606217849
SriLanka,LK31,,2024-11-25,2024-12-23,0,0.3213184051565061,0.3972773618253289,0.3872439107762878,0.5043615992378208
SriLanka,LK31,,2024-12-02,2024-12-30,0,0.3457066192740647,0.39156534805068616,0.4067884064873438,0.4895170099506345
SriLanka,LK31,,2024-12-09,2025-01-06,1,0.26443985811283083,0.3513875578404229,0.30489917732364424,0.42982358123961656
SriLanka,LK31,,2024-12-16,2025-01-13,1,0.24656638367556288,0.3092160255805787,0.2742466247283376,0.36952448936623156
SriLanka,LK31,,2024-12-23,2025-01-20,1,0.2087065189630212,0.25352351517432437,0.2209512993381251,0.2926416859184904
SriLanka,LK31,,2024-12-30,2025-01-27,1,0.17187814009691194,0.21252111319190944,0.1766118996685612,0.24083231322287765
SriLanka,LK31,,2025-01-06,2025-02-03,0,0.2113922634556948,0.2547545374818063,0.20900502317020359,0.2784857183069651
SriLanka,LK31,,2025-01-13,2025-02-10,0,0.160199689026733,0.1897422431194079,0.15463062556835902,0.20417097136590526
SriLanka,LK31,,2025-01-20,2025-02-17,0,0.12216932138482968,0.1513144003586365,0.11642302115307772,0.1611785548867625
SriLanka,LK31,,2025-01-27,2025-02-24,0,0.09554955243229238,0.1262426566384295,0.08832627293230727,0.13081917199905085
SriLanka,LK31,,2025-02-03,2025-03-03,0,0.10391137869049118,0.1060181601849994,0.09476498634391747,0.10795805490947033
SriLanka,LK31,,2025-02-10,2025-03-10,0,0.0985719398262159,0.08969289189379072,0.08627780208089056,0.08720710244945047
SriLanka,LK31,,2025-02-17,2025-03-17,0,0.08308478088433784,0.08068489418480704,0.0716515175238178,0.07702127826608639
SriLanka,LK31,,2025-02-24,2025-03-24,0,0.06155234411603418,0.0646753261628019,0.05385749998828891,0.062177863876264734
SriLanka,LK31,,2025-03-03,2025-03-31,0,0.05861284009404755,0.0716137394497371,0.05102700274648926,0.06803329747827555
SriLanka,LK31,,2025-03-10,2025-04-07,0,0.0514772374422243,0.06737891025564545,0.045487840994115646,0.06472143173669109
SriLanka,LK31,,2025-03-17,2025-04-14,0,0.058829338627155704,0.07979455111675927,0.05134339650848346,0.07577875319816581
SriLanka,LK31,,2025-03-24,2025-04-21,1,0.06786825222961006,0.08665891870087089,0.05911761488198397,0.08222970281316873
SriLanka,LK31,,2025-03-31,2025-04-28,0,0.09694546491586722,0.10566563312124831,0.08661988439201732,0.10265194019461596
SriLanka,LK31,,2025-04-07,2025-05-05,0,0.14078945770921483,0.11867790210983369,0.1291271900560485,0.11773096149724428
SriLanka,LK31,,2025-04-14,2025-05-12,0,0.18934014092892681,0.1347052570894043,0.17901134334680477,0.13732317548600864
SriLanka,LK31,,2025-04-21,2025-05-19,1,0.255339762414139,0.19751633377740493,0.24618797506037368,0.20430368890414358
SriLanka,LK31,,2025-04-28,2025-05-26,0,0.23602231062452347,0.20265225249212782,0.23379462016712324,0.215804003096884
SriLanka,LK31,,2025-05-05,2025-06-02,1,0.25267913249681784,0.2292766832520513,0.25888299449060576,0.2528525148677965
SriLanka,LK31,,2025-05-12,2025-06-09,0,0.2588275112688474,0.26792922330250896,0.26717662251020313,0.2979933653565832
SriLanka,LK31,,2025-05-19,2025-06-16,1,0.30294914347161783,0.32498879878410575,0.31296767911548673,0.3615856685344297
SriLanka,LK31,,2025-05-26,2025-06-23,1,0.29872019993029647,0.3191889291696798,0.3137249468969788,0.36278972978157004
SriLanka,LK31,,2025-06-02,2025-06-30,1,0.3279133357784882,0.3298252632476044,0.34885498735499015,0.38114547071070276
SriLanka,LK31,,2025-06-09,2025-07-07,1,0.30666303838968373,0.31691052672933157,0.3355170137911541,0.37743680946028396
SriLanka,LK31,,2025-06-16,2025-07-14,0,0.4057390985023467,0.3636771679808038,0.44613091453091197,0.43477716075647704
SriLanka,LK31,,2025-06-23,2025-07-21,1,0.42334282331417555,0.3699689579258757,0.4744520677489207,0.45009255465749365
SriLanka,LK31,,2025-06-30,2025-07-28,0,0.32599230406999646,0.2951363917805292,0.38039199017863023,0.374041305210663
SriLanka,LK31,,2025-07-07,2025-08-04,0,0.2934782150691679,0.2692103481497036,0.3529182942155132,0.34876572910132203
SriLanka,LK31,,2025-07-14,2025-08-11,1,0.23428848142636483,0.22518273197550698,0.28900175619760665,0.2969557714619416
SriLanka,LK31,,2025-07-21,2025-08-18,0,0.2163851515616699,0.23731099022409569,0.2715904113809643,0.3128734356481968
SriLanka,LK31,,2025-07-28,2025-08-25,0,0.15713601160345247,0.18861126100768474,0.20378499703420203,0.2557461244066549
SriLanka,LK31,,2025-08-04,2025-09-01,0,0.16450402858350846,0.16451506526052617,0.21036064356744646,0.22191056069533424
SriLanka,LK31,,2025-08-11,2025-09-08,0,0.14335528982892334,0.16240247289289586,0.18374582062571468,0.21757795312693406
SriLanka,LK31,,2025-08-18,2025-09-15,0,0.126515539228555,0.1414351470202902,0.1595746601509253,0.18693826114937118
SriLanka,LK31,,2025-08-25,2025-09-22,0,0.14143841097463272,0.147377545115532,0.17306282145703625,0.18963872911545648
SriLanka,LK31,,2025-09-01,2025-09-29,0,0.1460327885746893,0.14937910687595313,0.17610680430661454,0.18953123441920955
SriLanka,LK31,,2025-09-08,2025-10-06,0,0.14950133959158007,0.17806594442314952,0.18020764884784593,0.22408135798267706
SriLanka,LK31,,2025-09-15,2025-10-13,0,0.132830462199643,0.1776388784881803,0.16103927036835963,0.22392580502945333
SriLanka,LK31,,2025-09-22,2025-10-20,0,0.13749961165976632,0.2073258593954468,0.1665079604200826,0.2585838527196242
SriLanka,LK31,,2025-09-29,2025-10-27,0,0.13438733456757113,0.22708198963896573,0.16295954557701695,0.2810926046737488
SriLanka,LK31,,2025-10-06,2025-11-03,0,0.15791372438200912,0.2675774574686438,0.18990336912206568,0.325668547881978
SriLanka,LK31,,2025-10-13,2025-11-10,0,0.25646867286714664,0.3120092531806604,0.29909663505936274,0.3712154868945561
SriLanka,LK31,,2025-10-20,2025-11-17,1,0.31665208083152013,0.3309784560527313,0.36404065188469725,0.390102721653764
SriLanka,LK31,,2025-10-27,2025-11-24,1,0.3499679975381788,0.35719507121419575,0.40161787318834874,0.41943018856156383
SriLanka,LK31,,2025-11-03,2025-12-01,1,0.3405610724805011,0.3723035257082771,0.39262140816983593,0.4358630876360349
SriLanka,LK31,,2025-11-10,2025-12-08,1,0.3410808947733937,0.40581061947250535,0.39266959330425744,0.4692853851210601
SriLanka,LK31,,2025-11-17,2025-12-15,1,0.4091235359859674,0.4383890520500043,0.46615248264380804,0.5051776242356186
SriLanka,LK32,,2023-01-02,2023-01-30,0,0.19563558867317493,0.25587806519112893,0.16909359841428465,0.22917241403076546
SriLanka,LK32,,2023-01-09,2023-02-06,1,0.18686982905155625,0.2441328501202357,0.16293687794864004,0.21816164618129022
SriLanka,LK32,,2023-01-16,2023-02-13,0,0.12822090785802762,0.20105026102894855,0.1175999161733702,0.18694886712874856
SriLanka,LK32,,2023-01-23,2023-02-20,0,0.09346205558667776,0.15604915547914358,0.08795842371482736,0.1479571931495609
SriLanka,LK32,,2023-01-30,2023-02-27,1,0.0772436646783659,0.11134867009746698,0.07542121516150319,0.1087777915732085
SriLanka,LK32,,2023-02-06,2023-03-06,0,0.0837653162282916,0.12395729664693633,0.08311169940778727,0.12267842146228584
SriLanka,LK32,,2023-02-13,2023-03-13,0,0.08349274729931586,0.10412585042756071,0.08701414691141961,0.10748554314935664
SriLanka,LK32,,2023-02-20,2023-03-20,1,0.07158887059406141,0.08857981656063454,0.07686580685795943,0.09344284337532992
SriLanka,LK32,,2023-02-27,2023-03-27,0,0.07544298578909496,0.09129075005945932,0.0836881377068255,0.09899137261633971
SriLanka,LK32,,2023-03-06,2023-04-03,0,0.07829122720930921,0.09160088333288022,0.09027645104939849,0.10285646251701558
SriLanka,LK32,,2023-03-13,2023-04-10,0,0.08380935708437347,0.09426536827621461,0.09847519999511456,0.10787441294708588
SriLanka,LK32,,2023-03-20,2023-04-17,0,0.09683122379798424,0.10653691661527413,0.11613552646013214,0.12466285517857106
SriLanka,LK32,,2023-03-27,2023-04-24,1,0.11640991913698516,0.11170662695266452,0.14276657039474044,0.134337932288786
SriLanka,LK32,,2023-04-03,2023-05-01,0,0.13110677236682874,0.12577060582270827,0.1635542473908524,0.15431946117602646
SriLanka,LK32,,2023-04-10,2023-05-08,0,0.1830191397620036,0.14708963653700124,0.22854508515959532,0.1829477183609522
SriLanka,LK32,,2023-04-17,2023-05-15,0,0.21782211953883082,0.17516029714614018,0.27635562380450523,0.2223947263364905
SriLanka,LK32,,2023-04-24,2023-05-22,1,0.26503971143752575,0.22752005873317185,0.3344275343010435,0.28676018478918713
SriLanka,LK32,,2023-05-01,2023-05-29,1,0.6969466744988556,0.22596281931848536,0.767783722482589,0.2908050216717287
SriLanka,LK32,,2023-05-08,2023-06-05,1,0.6856438101782253,0.26436201487687133,0.7631512463837128,0.3409512079547221
SriLanka,LK32,,2023-05-15,2023-06-12,1,0.6224173061691999,0.29920773753772073,0.7163798586699962,0.3888622761456056
SriLanka,LK32,,2023-05-22,2023-06-19,1,0.600470025596451,0.36720850432484603,0.7078707271490038,0.47511951880723813
SriLanka,LK32,,2023-05-29,2023-06-26,1,0.775724314424063,0.4340332750386217,0.8534954327518577,0.5539150998005946
SriLanka,LK32,,2023-06-05,2023-07-03,1,0.6957703808215024,0.4119602178000298,0.7988849612188035,0.5421878453321698
SriLanka,LK32,,2023-06-12,2023-07-10,1,0.6872873894845271,0.4489904947880969,0.7969129737360914,0.5878072708394407
SriLanka,LK32,,2023-06-19,2023-07-17,1,0.6927903823840215,0.4640628319325659,0.8065956544377607,0.6113166275032048
SriLanka,LK32,,2023-06-26,2023-07-24,1,0.6223002609100552,0.37154321446914174,0.756110638877453,0.5218252990189138
SriLanka,LK32,,2023-07-03,2023-07-31,1,0.5192126591902394,0.39729600829466905,0.6761189631290833,0.5549736992867859
SriLanka,LK32,,2023-07-10,2023-08-07,1,0.4455209568393415,0.3649644959278284,0.6119260321818066,0.5247392057996069
SriLanka,LK32,,2023-07-17,2023-08-14,1,0.4477061144310297,0.37637078796519835,0.6201562848939115,0.5432436085216648
SriLanka,LK32,,2023-07-24,2023-08-21,1,0.3669423917350308,0.26379381101576976,0.5400959361632688,0.41633547181959374
SriLanka,LK32,,2023-07-31,2023-08-28,0,0.2826676661445849,0.25445489533989746,0.44301720591521926,0.40578136054173
SriLanka,LK32,,2023-08-07,2023-09-04,0,0.29146622321066507,0.24165328287843194,0.4522600922671525,0.38878964550388345
SriLanka,LK32,,2023-08-14,2023-09-11,0,0.24863187459242922,0.21998670778827112,0.405755216968055,0.36659855224872917
SriLanka,LK32,,2023-08-21,2023-09-18,0,0.2457772826680728,0.2273550440560533,0.40237201498642056,0.37715575979849103
SriLanka,LK32,,2023-08-28,2023-09-25,0,0.2976259568760589,0.17924305878011984,0.4672387636312658,0.31091232085125037
SriLanka,LK32,,2023-09-04,2023-10-02,0,0.24263674635845592,0.16104599737978106,0.4007465183555594,0.2856263395385559
SriLanka,LK32,,2023-09-11,2023-10-09,0,0.25013669355001955,0.18775268587955857,0.41120498916759235,0.32492546757741636
SriLanka,LK32,,2023-09-18,2023-10-16,0,0.2658613970283111,0.221478661324734,0.43405319178690405,0.37356125301644355
SriLanka,LK32,,2023-09-25,2023-10-23,0,0.35184625703736455,0.21904590971102822,0.5350861374602042,0.36913798952970334
SriLanka,LK32,,2023-10-02,2023-10-30,1,0.5696330034156935,0.23653028192641415,0.7391248955091803,0.39340792891476933
SriLanka,LK32,,2023-10-09,2023-11-06,0,0.6535615169722081,0.30683473838210185,0.8033221960357764,0.4828180977658769
SriLanka,LK32,,2023-10-16,2023-11-13,0,0.6879085225436632,0.34727335391696235,0.8283859583216248,0.5301082078776008
SriLanka,LK32,,2023-10-23,2023-11-20,0,0.6258268929143314,0.34761597314904,0.7885338752400235,0.5337485395487007
SriLanka,LK32,,2023-10-30,2023-11-27,0,0.5819154710755418,0.44519078310119103,0.7562060377383706,0.6332760124681739
SriLanka,LK32,,2023-11-06,2023-12-04,0,0.4749086136629207,0.367935578479023,0.6710834457001493,0.5609323413510346
SriLanka,LK32,,2023-11-13,2023-12-11,0,0.46177958779087336,0.37503248444160453,0.6533701893290508,0.5647234811905089
SriLanka,LK32,,2023-11-20,2023-12-18,0,0.48362205554103016,0.34568903665271056,0.6695629229566626,0.5319266489810383
SriLanka,LK32,,2023-11-27,2023-12-25,0,0.5271337568929311,0.4108880466790929,0.6998851692724162,0.5936011967847814
SriLanka,LK32,,2023-12-04,2024-01-01,1,0.4956168443527482,0.4216876908066441,0.678548535566693,0.6124529105514945
SriLanka,LK32,,2023-12-11,2024-01-08,0,0.4679862604847109,0.414424600753557,0.6661341085197642,0.6197826250354608
SriLanka,LK32,,2023-12-18,2024-01-15,0,0.4012090609582762,0.37173482496635557,0.6182264839799242,0.5934740803558198
SriLanka,LK32,,2023-12-25,2024-01-22,0,0.3087623922975416,0.2911581048552147,0.5325734722866379,0.5175590655447091
SriLanka,LK32,,2024-01-01,2024-01-29,0,0.32949869347122357,0.2903063702744688,0.5643933361123618,0.5258391390903716
SriLanka,LK32,,2024-01-08,2024-02-05,0,0.27288413551859275,0.23176665879933095,0.5053891292078706,0.4601699038634087
SriLanka,LK32,,2024-01-15,2024-02-12,0,0.2571249474956208,0.17801951802523225,0.48434428941448193,0.38228148713056975
SriLanka,LK32,,2024-01-22,2024-02-19,0,0.2355759575506536,0.14546721397919576,0.4561368633321004,0.3300863963879434
SriLanka,LK32,,2024-01-29,2024-02-26,0,0.16414796142112686,0.12159412107879362,0.35150977499645497,0.29091518867037863
SriLanka,LK32,,2024-02-05,2024-03-04,0,0.13872814509895903,0.09919889591059243,0.3098785597615391,0.24958052049924065
SriLanka,LK32,,2024-02-12,2024-03-11,0,0.10896159130623154,0.08272093364545999,0.2557961059660868,0.21741215017910107
SriLanka,LK32,,2024-02-19,2024-03-18,0,0.09669781061665718,0.0805188691218954,0.2295955498915741,0.21370623043546574
SriLanka,LK32,,2024-02-26,2024-03-25,0,0.06263912564172548,0.06710644767168647,0.1529856676454368,0.18108963059741065
SriLanka,LK32,,2024-03-04,2024-04-01,0,0.060667514075858645,0.07503029690338382,0.1440020576416182,0.19648402680152985
SriLanka,LK32,,2024-03-11,2024-04-08,0,0.053294943659565434,0.07609863492695818,0.12587639651763635,0.19804775408275505
SriLanka,LK32,,2024-03-18,2024-04-15,0,0.05180687827563679,0.07663729206426777,0.12180575135761514,0.19903378916972272
SriLanka,LK32,,2024-03-25,2024-04-22,0,0.052439792185852825,0.08244492272318782,0.12058683981378905,0.20917661143175517
SriLanka,LK32,,2024-04-01,2024-04-29,0,0.060765211285170255,0.09937582644857253,0.13441999984106912,0.24020405275619439
SriLanka,LK32,,2024-04-08,2024-05-06,0,0.06820151241203826,0.1108105312256353,0.14570353880824582,0.25790103916680535
SriLanka,LK32,,2024-04-15,2024-05-13,0,0.09043584903462944,0.11834504445817551,0.1829749993475149,0.26574661101204694
SriLanka,LK32,,2024-04-22,2024-05-20,0,0.11213490278349882,0.14573182120281752,0.21408148624534426,0.3062967611371959
SriLanka,LK32,,2024-04-29,2024-05-27,0,0.15058920098228648,0.1791951221108575,0.27216189042690114,0.3556175260531623
SriLanka,LK32,,2024-05-06,2024-06-03,0,0.2042605044144005,0.21152740918725307,0.34413921223178623,0.39603405637677513
SriLanka,LK32,,2024-05-13,2024-06-10,0,0.2739336993304085,0.2288807012141749,0.42646960392135586,0.4108889211076745
SriLanka,LK32,,2024-05-20,2024-06-17,0,0.29682095898828,0.23368272691337189,0.4454528428950443,0.4088100404936447
SriLanka,LK32,,2024-05-27,2024-06-24,0,0.3278172912523944,0.2625452952875176,0.469024938010567,0.4347969328501412
SriLanka,LK32,,2024-06-03,2024-07-01,0,0.36473291067320235,0.2689694926751891,0.5013757885954881,0.43078486554647216
SriLanka,LK32,,2024-06-10,2024-07-08,0,0.3537928233722185,0.2551308548782272,0.4788245827410959,0.4002591295081758
SriLanka,LK32,,2024-06-17,2024-07-15,0,0.35170247247624953,0.22624154997496157,0.4624422246317567,0.34955320392001843
SriLanka,LK32,,2024-06-24,2024-07-22,1,0.295060523160158,0.22431778079823173,0.38612635957231317,0.33602059195908357
SriLanka,LK32,,2024-07-01,2024-07-29,0,0.3055092554878901,0.22669150624121445,0.3917096615226841,0.3344957306695414
SriLanka,LK32,,2024-07-08,2024-08-05,0,0.2504154463805532,0.20649036806350188,0.31956933069263876,0.3027754093609592
SriLanka,LK32,,2024-07-15,2024-08-12,1,0.21386882385331932,0.2008649371741948,0.2721912174328378,0.2934552068503344
SriLanka,LK32,,2024-07-22,2024-08-19,0,0.23431065651721913,0.22000983534530136,0.29455692016412344,0.3179300346573763
SriLanka,LK32,,2024-07-29,2024-08-26,0,0.2018480041415115,0.19167311695242334,0.25611187780411665,0.28121101673333776
SriLanka,LK32,,2024-08-05,2024-09-02,0,0.18750933732112776,0.1727930591434437,0.2408716170661257,0.2585451194286794
SriLanka,LK32,,2024-08-12,2024-09-09,0,0.19119968081403013,0.17780541876021294,0.24010567908240535,0.26064025791966805
SriLanka,LK32,,2024-08-19,2024-09-16,0,0.1678225883378768,0.15607524644778387,0.21363846122672364,0.2324452890919526
SriLanka,LK32,,2024-08-26,2024-09-23,0,0.13713811612151905,0.1379786849825994,0.17755600208017583,0.20806800559734165
SriLanka,LK32,,2024-09-02,2024-09-30,1,0.1724526011496871,0.16501390391266363,0.22055834100776822,0.24440691627567174
SriLanka,LK32,,2024-09-09,2024-10-07,1,0.1921516330471202,0.17202981895573707,0.24250520245162663,0.2520476942386106
SriLanka,LK32,,2024-09-16,2024-10-14,0,0.2408749134518287,0.19916590779570742,0.30011212168718276,0.28818241309995046
SriLanka,LK32,,2024-09-23,2024-10-21,0,0.24296582765260885,0.21143121164728423,0.3045681406497305,0.3063715363856401
SriLanka,LK32,,2024-09-30,2024-10-28,0,0.3874556714596135,0.377534711259737,0.4633356866027482,0.5002797334931379
SriLanka,LK32,,2024-10-07,2024-11-04,0,0.3798545961427843,0.3776666169612878,0.4537095165061623,0.49911045050605607
SriLanka,LK32,,2024-10-14,2024-11-11,0,0.38539411827121456,0.390120035867982,0.45741336903577934,0.5104894942367576
SriLanka,LK32,,2024-10-21,2024-11-18,0,0.34759673762313303,0.3845786581298052,0.4111521249889326,0.4987653828003537
SriLanka,LK32,,2024-10-28,2024-11-25,0,0.3213731848423516,0.3910614064843832,0.377715198871671,0.4994494887726428
SriLanka,LK32,,2024-11-04,2024-12-02,0,0.3188793373157298,0.39633670733682136,0.3708646261896216,0.49797509860366135
SriLanka,LK32,,2024-11-11,2024-12-09,0,0.32795493120909924,0.3894694456669764,0.3891853602268163,0.49605012621499117
SriLanka,LK32,,2024-11-18,2024-12-16,0,0.3679988230791586,0.4041865735042737,0.43317523602150126,0.5099819762788642
SriLanka,LK32,,2024-11-25,2024-12-23,0,0.32295768952954185,0.3959098033800396,0.3890267397647571,0.5029330104897859
SriLanka,LK32,,2024-12-02,2024-12-30,0,0.33828436829222214,0.36559779429818146,0.398854173487902,0.4619859115148556
SriLanka,LK32,,2024-12-09,2025-01-06,0,0.26832545479486397,0.32065331967399896,0.3091294251044984,0.39642189999805716
SriLanka,LK32,,2024-12-16,2025-01-13,1,0.2576568387021698,0.284415417069205,0.2861093311903806,0.3422836011789359
SriLanka,LK32,,2024-12-23,2025-01-20,0,0.27330044576813595,0.27682915816080794,0.28795584466998053,0.3180113812390934
SriLanka,LK32,,2024-12-30,2025-01-27,1,0.21246327677496468,0.23989080037688187,0.21802053005684116,0.2705952055776059
SriLanka,LK32,,2025-01-06,2025-02-03,0,0.18020535672262655,0.1938064763982734,0.17809077305887883,0.21348655927127072
SriLanka,LK32,,2025-01-13,2025-02-10,0,0.18211228529023962,0.19577490604316058,0.17594105848571565,0.2105431770640722
SriLanka,LK32,,2025-01-20,2025-02-17,0,0.14009484524480087,0.1530812391345863,0.1336337605222647,0.16303844666111747
SriLanka,LK32,,2025-01-27,2025-02-24,0,0.1383004073914641,0.16859836910885734,0.1283037464492437,0.17440386976919323
SriLanka,LK32,,2025-02-03,2025-03-03,1,0.1276734208285877,0.11852824574389399,0.11670787563013209,0.12066615009438188
SriLanka,LK32,,2025-02-10,2025-03-10,0,0.12426321283795067,0.10371939235270364,0.10915279776605748,0.10088794922523354
SriLanka,LK32,,2025-02-17,2025-03-17,0,0.1090228593665257,0.09116127373573243,0.09438769584195007,0.08706701486972282
SriLanka,LK32,,2025-02-24,2025-03-24,1,0.09084839301665704,0.08051359603703075,0.07980259924218693,0.07745518022328962
SriLanka,LK32,,2025-03-03,2025-03-31,1,0.09273531838541167,0.10126415723870644,0.08111377482375642,0.09635515284624213
SriLanka,LK32,,2025-03-10,2025-04-07,0,0.0821484385572494,0.09377122945238167,0.07286457278073721,0.09017346267221746
SriLanka,LK32,,2025-03-17,2025-04-14,0,0.0843320875440971,0.09906586082690905,0.07385561659782948,0.09417946272368079
SriLanka,LK32,,2025-03-24,2025-04-21,1,0.11021021137232208,0.12414286878222293,0.09656576043606976,0.11804542818127005
SriLanka,LK32,,2025-03-31,2025-04-28,1,0.15449207001458704,0.14493903012446874,0.1389805418452666,0.1409817934020349
SriLanka,LK32,,2025-04-07,2025-05-05,0,0.20448184750891876,0.15731002910557898,0.18870235199712546,0.15610944003958527
SriLanka,LK32,,2025-04-14,2025-05-12,0,0.27591252206377703,0.18542298841017346,0.262389669427741,0.18881149856104942
SriLanka,LK32,,2025-04-21,2025-05-19,0,0.32840795974498826,0.2263597330877168,0.31775479666890843,0.23384941755438887
SriLanka,LK32,,2025-04-28,2025-05-26,0,0.32368362696819913,0.261913758959871,0.32097616515080607,0.2775726146811634
SriLanka,LK32,,2025-05-05,2025-06-02,0,0.2978818705512965,0.24403947994912423,0.3047429968980448,0.2686042834729465
SriLanka,LK32,,2025-05-12,2025-06-09,1,0.3147811611862598,0.2787598845193125,0.3241458258279093,0.30952548816107023
SriLanka,LK32,,2025-05-19,2025-06-16,1,0.3158107383497596,0.28399489362163244,0.32605565145008003,0.3181512472820075
SriLanka,LK32,,2025-05-26,2025-06-23,1,0.32241805905378557,0.30787179225172184,0.33803936702487447,0.35072306747926135
SriLanka,LK32,,2025-06-02,2025-06-30,1,0.36229255760119206,0.32813542678134,0.38417475993302874,0.37934152913174685
SriLanka,LK32,,2025-06-09,2025-07-07,0,0.4492784369601704,0.43770780527730907,0.4822183599419866,0.5042734804709833
SriLanka,LK32,,2025-06-16,2025-07-14,1,0.43776226373769944,0.36716882665830275,0.4787736175334468,0.4384810587282429
SriLanka,LK32,,2025-06-23,2025-07-21,1,0.4705878309108232,0.3909302812643884,0.5222353679981611,0.4721911612482331
SriLanka,LK32,,2025-06-30,2025-07-28,0,0.3739366954259589,0.3182403742596437,0.43121836574806066,0.3998184612815758
SriLanka,LK32,,2025-07-07,2025-08-04,0,0.31286152855129984,0.2675362244517507,0.37414845986710726,0.34683167525216385
SriLanka,LK32,,2025-07-14,2025-08-11,0,0.2823173103384046,0.25068374382898473,0.3432192554552067,0.3271528788685389
SriLanka,LK32,,2025-07-21,2025-08-18,0,0.24398900363016468,0.2400520058902756,0.30350902707352895,0.316125468429227
SriLanka,LK32,,2025-07-28,2025-08-25,0,0.18020465095880228,0.19755871711609738,0.23181846798706274,0.2668310257955783
SriLanka,LK32,,2025-08-04,2025-09-01,0,0.16996845379109407,0.15937907299040424,0.21695277406064398,0.21544479491073454
SriLanka,LK32,,2025-08-11,2025-09-08,0,0.1585636285397649,0.17144596640853338,0.20222757786812187,0.22885444481650147
SriLanka,LK32,,2025-08-18,2025-09-15,0,0.14661718771034085,0.15939805580554947,0.18382355209383916,0.20927164045568372
SriLanka,LK32,,2025-08-25,2025-09-22,0,0.1627486757536093,0.15952009624873406,0.19803881441116164,0.20442836947691498
SriLanka,LK32,,2025-09-01,2025-09-29,0,0.15231669474206233,0.14772280646980368,0.1834068828761502,0.18752788068154164
SriLanka,LK32,,2025-09-08,2025-10-06,0,0.14250758030472632,0.1612705206027983,0.17206804681697246,0.2040230444941755
SriLanka,LK32,,2025-09-15,2025-10-13,0,0.1379756339592404,0.16571818448512993,0.16706659696419282,0.20969099036475555
SriLanka,LK32,,2025-09-22,2025-10-20,0,0.13042417612210092,0.1852106553979579,0.15821363369614405,0.23260546225687845
SriLanka,LK32,,2025-09-29,2025-10-27,0,0.13021714354205752,0.20815048730178481,0.15806462864553053,0.2591681499976774
SriLanka,LK32,,2025-10-06,2025-11-03,0,0.16657851508469096,0.2573001343340431,0.19990674953882087,0.3141169237793084
SriLanka,LK32,,2025-10-13,2025-11-10,0,0.22334285952220653,0.3012395621884082,0.26240808388776193,0.35946994497143303
SriLanka,LK32,,2025-10-20,2025-11-17,0,0.25216516439618314,0.3087027652718998,0.29405583881886965,0.3660248640900354
SriLanka,LK32,,2025-10-27,2025-11-24,0,0.33636560515267133,0.3646647121387872,0.3872037846300756,0.4273360791198854
SriLanka,LK32,,2025-11-03,2025-12-01,1,0.3429793055592751,0.379733538278858,0.3951877744563625,0.44366499126070036
SriLanka,LK32,,2025-11-10,2025-12-08,1,0.37517398783132744,0.4514511704371139,0.4285653997528278,0.5158669367302882
SriLanka,LK32,,2025-11-17,2025-12-15,1,0.40216484755584886,0.4241047875159631,0.4589772663755023,0.4906182674533331
SriLanka,LK33,,2023-01-02,2023-01-30,0,0.22959985322894103,0.21691087194158573,0.1995933194954681,0.19321616323093632
SriLanka,LK33,,2023-01-09,2023-02-06,1,0.19867586109582486,0.19290953604777983,0.17355360432000422,0.1711536582144655
SriLanka,LK33,,2023-01-16,2023-02-13,0,0.1510278590040181,0.1697608975573771,0.13881851214369995,0.15742168389058753
SriLanka,LK33,,2023-01-23,2023-02-20,1,0.12735172277895998,0.1410344961908553,0.12011687790829274,0.13359787127340844
SriLanka,LK33,,2023-01-30,2023-02-27,0,0.1031065003979079,0.11043525325053904,0.1007404727940994,0.10788290391423083
SriLanka,LK33,,2023-02-06,2023-03-06,0,0.10169340430102279,0.10884519818865263,0.10091530334645119,0.10770306716769482
SriLanka,LK33,,2023-02-13,2023-03-13,0,0.0977252621930004,0.08924046232106986,0.10178027234589243,0.09216928058127165
SriLanka,LK33,,2023-02-20,2023-03-20,0,0.11596177986978809,0.09399017807926584,0.12407240966766017,0.09911793125433384
SriLanka,LK33,,2023-02-27,2023-03-27,1,0.10958644331781527,0.08385360587957894,0.12107446898023842,0.09098970146756176
SriLanka,LK33,,2023-03-06,2023-04-03,1,0.11834709014157149,0.09033582142428692,0.1355624000390289,0.10145331525108577
SriLanka,LK33,,2023-03-13,2023-04-10,0,0.1036188499516832,0.08669097564193559,0.12129224832626541,0.0993264277479423
SriLanka,LK33,,2023-03-20,2023-04-17,1,0.10976614677582755,0.09251793869706307,0.13127434766525387,0.10854849859280118
SriLanka,LK33,,2023-03-27,2023-04-24,1,0.15693872179220664,0.12098948996428731,0.1904932939512605,0.14519406450730735
SriLanka,LK33,,2023-04-03,2023-05-01,1,0.19055513612502023,0.14035635768440494,0.2337572538387371,0.17156630634939232
SriLanka,LK33,,2023-04-10,2023-05-08,1,0.22144223392475557,0.16092844124330774,0.27332828549349797,0.19937158842648067
SriLanka,LK33,,2023-04-17,2023-05-15,1,0.31122627189741175,0.30045503538960117,0.382582596371699,0.36646560574354115
SriLanka,LK33,,2023-04-24,2023-05-22,1,0.3204844198120659,0.30691853366831817,0.39655575439804447,0.3767492689901777
SriLanka,LK33,,2023-05-01,2023-05-29,1,0.40760360788464944,0.31555128557556145,0.4972895155313657,0.3930473877602929
SriLanka,LK33,,2023-05-08,2023-06-05,1,0.37031224860107537,0.32634545486951444,0.46488923532499576,0.41086263673188084
SriLanka,LK33,,2023-05-15,2023-06-12,1,0.41267536216041123,0.41293674016654625,0.5184508903219847,0.5117823467991249
SriLanka,LK33,,2023-05-22,2023-06-19,1,0.4370125348746466,0.42597583896036695,0.5558523505623348,0.536514405686664
SriLanka,LK33,,2023-05-29,2023-06-26,1,0.41302051324361466,0.42873372409516114,0.5423656287933106,0.5485705571906806
SriLanka,LK33,,2023-06-05,2023-07-03,1,0.548113635512608,0.5793088428111722,0.6781220427646492,0.6995084310519482
SriLanka,LK33,,2023-06-12,2023-07-10,1,0.5579202734513367,0.6009680191289736,0.6926140480653946,0.72495175526004
SriLanka,LK33,,2023-06-19,2023-07-17,0,0.5226349233820201,0.516752110026192,0.669393646743457,0.6601315451999086
SriLanka,LK33,,2023-06-26,2023-07-24,0,0.4726935871851323,0.43764868873076757,0.6278058696843593,0.5895846322777402
SriLanka,LK33,,2023-07-03,2023-07-31,0,0.41396173513634293,0.4279387785720179,0.5772495767476528,0.5859544434201049
SriLanka,LK33,,2023-07-10,2023-08-07,0,0.31530308895598663,0.35936220024022636,0.4747111635201821,0.5186875607280776
SriLanka,LK33,,2023-07-17,2023-08-14,0,0.24460340686363796,0.2738202378483952,0.39473545064816984,0.42630644978792254
SriLanka,LK33,,2023-07-24,2023-08-21,0,0.20087028320729822,0.21943125884297976,0.33742768070454526,0.35882298812967856
SriLanka,LK33,,2023-07-31,2023-08-28,0,0.14559863715476046,0.18333150100014597,0.2559348512408629,0.3099446543625829
SriLanka,LK33,,2023-08-07,2023-09-04,0,0.1471638131050674,0.17884107086573647,0.2572539144341915,0.3030142435782694
SriLanka,LK33,,2023-08-14,2023-09-11,0,0.1363995638558413,0.1649404747209518,0.2457997763175385,0.2884320145406969
SriLanka,LK33,,2023-08-21,2023-09-18,0,0.11632566736779645,0.14443697717078183,0.21382452536638116,0.25783572928657644
SriLanka,LK33,,2023-08-28,2023-09-25,0,0.11712849721223433,0.13844388331541627,0.21542785378807958,0.24924398596807473
SriLanka,LK33,,2023-09-04,2023-10-02,0,0.15716033887214761,0.16983304916978098,0.28017610811844684,0.2987899254456202
SriLanka,LK33,,2023-09-11,2023-10-09,0,0.17517944657825749,0.1614458486678848,0.3077929388893498,0.2861702893808787
SriLanka,LK33,,2023-09-18,2023-10-16,0,0.2162139587190629,0.16413722154596527,0.36877448585568995,0.29159284939708824
SriLanka,LK33,,2023-09-25,2023-10-23,0,0.2216332765343227,0.17410649918797508,0.3764451301716897,0.30544953281505366
SriLanka,LK33,,2023-10-02,2023-10-30,0,0.29242721116643217,0.23069884226014184,0.46939990272590715,0.38566254852558035
SriLanka,LK33,,2023-10-09,2023-11-06,0,0.31241105719049816,0.24317539762518084,0.49589664650168774,0.4039233653114227
SriLanka,LK33,,2023-10-16,2023-11-13,0,0.33700116603013147,0.26353122239312693,0.5267705753439265,0.4314175101503275
SriLanka,LK33,,2023-10-23,2023-11-20,0,0.38962285090718696,0.2937553624652134,0.5873103351807754,0.47190970892825335
SriLanka,LK33,,2023-10-30,2023-11-27,1,0.4233314080797916,0.34719942554798616,0.6206331447733722,0.5337102602341627
SriLanka,LK33,,2023-11-06,2023-12-04,1,0.4145490643157475,0.3401002209567261,0.6149927433012174,0.5307567677660111
SriLanka,LK33,,2023-11-13,2023-12-11,1,0.44595161916099213,0.35915811830072614,0.6387690400965964,0.5478584606777219
SriLanka,LK33,,2023-11-20,2023-12-18,1,0.47661581795121516,0.3623151362750549,0.6633232373457146,0.5499809752380691
SriLanka,LK33,,2023-11-27,2023-12-25,0,0.5780491718033663,0.4864155122742365,0.7413274583688976,0.6648129266950568
SriLanka,LK33,,2023-12-04,2024-01-01,1,0.6130083076291668,0.5507227869140928,0.7728751714702922,0.7265274968020115
SriLanka,LK33,,2023-12-11,2024-01-08,1,0.5771062485921761,0.5109622330998277,0.7558181227433013,0.7064460797248839
SriLanka,LK33,,2023-12-18,2024-01-15,1,0.6164617219140539,0.5710236728490488,0.7952739674326363,0.766590143910882
SriLanka,LK33,,2023-12-25,2024-01-22,1,0.4369482473210377,0.3628872174576756,0.6643708121950087,0.5980091251805131
SriLanka,LK33,,2024-01-01,2024-01-29,1,0.41773058362538695,0.3333890895869755,0.6541583460889643,0.5755297452300847
SriLanka,LK33,,2024-01-08,2024-02-05,1,0.42789168585660164,0.3243699181051953,0.670652491470493,0.5756503377561347
SriLanka,LK33,,2024-01-15,2024-02-12,0,0.40018705454644987,0.24363278161302135,0.6441991208595584,0.4792825927051475
SriLanka,LK33,,2024-01-22,2024-02-19,1,0.4091141081271533,0.22119183991288402,0.6532952750941877,0.4511749460348867
SriLanka,LK33,,2024-01-29,2024-02-26,0,0.2736423995315071,0.16767814499142697,0.5097621746809281,0.37385918015118164
SriLanka,LK33,,2024-02-05,2024-03-04,0,0.23279467718617392,0.1311315310671593,0.45824975407756097,0.31309613841238393
SriLanka,LK33,,2024-02-12,2024-03-11,0,0.1470671692680272,0.08674237005300116,0.3264393921534926,0.22636563359557235
SriLanka,LK33,,2024-02-19,2024-03-18,0,0.1486669509957755,0.10055635972003005,0.32712332935413624,0.2576022881415065
SriLanka,LK33,,2024-02-26,2024-03-25,1,0.09198813088060569,0.07970370445708755,0.21495826060943757,0.2102612856708741
SriLanka,LK33,,2024-03-04,2024-04-01,0,0.0898071521778123,0.08164786595160817,0.20445636358793995,0.21136582530234096
SriLanka,LK33,,2024-03-11,2024-04-08,0,0.08111547764412298,0.08838883510576666,0.1842128069678155,0.22523180413175115
SriLanka,LK33,,2024-03-18,2024-04-15,1,0.08314892090401912,0.08989817830402635,0.18713773306721554,0.22823846275880308
SriLanka,LK33,,2024-03-25,2024-04-22,0,0.0970265920511133,0.11327530503461598,0.2102585081271031,0.27328345072327254
SriLanka,LK33,,2024-04-01,2024-04-29,0,0.0906449409530409,0.11015915626211066,0.1930725052859611,0.26182619689924835
SriLanka,LK33,,2024-04-08,2024-05-06,0,0.09003359694666621,0.12108810943623255,0.1873565113993895,0.27756258832931174
SriLanka,LK33,,2024-04-15,2024-05-13,0,0.14516396775871282,0.1791008230798369,0.2766697885600399,0.3703848863540758
SriLanka,LK33,,2024-04-22,2024-05-20,0,0.1414882660133435,0.18068312046088747,0.26223916340521547,0.3633765148165662
SriLanka,LK33,,2024-04-29,2024-05-27,0,0.16550825546593134,0.20597564445052996,0.2949431064575338,0.3960423972591237
SriLanka,LK33,,2024-05-06,2024-06-03,0,0.19308140813846103,0.23514427706185242,0.32846464285858606,0.4290415945434061
SriLanka,LK33,,2024-05-13,2024-06-10,0,0.2493259901323156,0.2451080669861464,0.3956257693610408,0.43277819787499094
SriLanka,LK33,,2024-05-20,2024-06-17,0,0.2963993992540655,0.24244978025517216,0.44495376394424413,0.42054169736313934
SriLanka,LK33,,2024-05-27,2024-06-24,0,0.3329877895192734,0.2646789943808393,0.4748492771819952,0.43750002554462164
SriLanka,LK33,,2024-06-03,2024-07-01,0,0.39950340410995766,0.2849695324881365,0.5381379461659251,0.4504790579732753
SriLanka,LK33,,2024-06-10,2024-07-08,0,0.33572851555588096,0.2631562051482488,0.45890993184502477,0.41033476281854303
SriLanka,LK33,,2024-06-17,2024-07-15,0,0.3019586165788193,0.24403827124352354,0.40686541899399786,0.37238166984282467
SriLanka,LK33,,2024-06-24,2024-07-22,0,0.2570180429978752,0.23141869496392684,0.3420395483107601,0.34508442625712993
SriLanka,LK33,,2024-07-01,2024-07-29,0,0.2451223174559263,0.2195830025158562,0.32218881247563685,0.32542934369050597
SriLanka,LK33,,2024-07-08,2024-08-05,0,0.18444242151691362,0.18322469429987417,0.24124085263306466,0.27238507812008883
SriLanka,LK33,,2024-07-15,2024-08-12,0,0.16141149278280026,0.18204204223624676,0.20923614601059443,0.26887504546082924
SriLanka,LK33,,2024-07-22,2024-08-19,0,0.13765000471095484,0.16701318608953578,0.17884798207490052,0.24887209038960467
SriLanka,LK33,,2024-07-29,2024-08-26,0,0.1387707937340438,0.14973183984610317,0.17989939264092156,0.2251342000020995
SriLanka,LK33,,2024-08-05,2024-09-02,0,0.117414862558414,0.12603803770142671,0.1546256111690249,0.1940294911817306
SriLanka,LK33,,2024-08-12,2024-09-09,0,0.12954171810995177,0.12327179299948066,0.1659117291813463,0.18646254270691598
SriLanka,LK33,,2024-08-19,2024-09-16,0,0.1508276659444074,0.12618314882017603,0.19308037644385542,0.19124106028981733
SriLanka,LK33,,2024-08-26,2024-09-23,0,0.15633742402004527,0.13732612227940663,0.20109505980735945,0.2071636224265813
SriLanka,LK33,,2024-09-02,2024-09-30,0,0.16944619581114656,0.1374868226745383,0.2169331378875165,0.20691776576544074
SriLanka,LK33,,2024-09-09,2024-10-07,0,0.17556120447895734,0.1559720545236931,0.22276607675395263,0.23060107568156596
SriLanka,LK33,,2024-09-16,2024-10-14,0,0.1807457259069004,0.16684446208889825,0.2296694700018557,0.24584980625783415
SriLanka,LK33,,2024-09-23,2024-10-21,0,0.17638433032602954,0.1888722423357274,0.2261482962509428,0.27724419163397396
SriLanka,LK33,,2024-09-30,2024-10-28,0,0.18650888392190199,0.21333397202586626,0.23834813321762652,0.3092131146209187
SriLanka,LK33,,2024-10-07,2024-11-04,0,0.2049754283094618,0.2484059087144735,0.25903097563889727,0.3517794955605674
SriLanka,LK33,,2024-10-14,2024-11-11,0,0.2687923282664153,0.2907710117234624,0.33074798755401136,0.40062284891733124
SriLanka,LK33,,2024-10-21,2024-11-18,0,0.2926929716230492,0.31175325209084415,0.35162011561815065,0.41904010879026304
SriLanka,LK33,,2024-10-28,2024-11-25,0,0.2861301689771418,0.3410064087533001,0.3393834803360403,0.44567485666043666
SriLanka,LK33,,2024-11-04,2024-12-02,0,0.31557661805739534,0.3697470162570734,0.3673138427475093,0.4698741696969613
SriLanka,LK33,,2024-11-11,2024-12-09,0,0.347546847765389,0.3599125698025909,0.410202464179275,0.4645593981961355
SriLanka,LK33,,2024-11-18,2024-12-16,0,0.40870095115573707,0.4214411854924443,0.4756606250313365,0.5277525026849805
SriLanka,LK33,,2024-11-25,2024-12-23,0,0.36884730390304415,0.36966798410526036,0.4382277555119867,0.47517738621916766
SriLanka,LK33,,2024-12-02,2024-12-30,1,0.4186984697505457,0.37495621728573375,0.4831535722134142,0.4719760389170155
SriLanka,LK33,,2024-12-09,2025-01-06,1,0.3615919676181183,0.33317135181806234,0.4086573740021144,0.4101122049326617
SriLanka,LK33,,2024-12-16,2025-01-13,1,0.37697636505384946,0.33749027373112883,0.411304617097778,0.4001191095469065
SriLanka,LK33,,2024-12-23,2025-01-20,0,0.36929160020579727,0.29326216945493916,0.3863577311792746,0.3357540347279087
SriLanka,LK33,,2024-12-30,2025-01-27,0,0.34004441339814384,0.29048822282847514,0.34746638853990697,0.3249006044501831
SriLanka,LK33,,2025-01-06,2025-02-03,0,0.2905227769105634,0.25195241736986657,0.2875677798081741,0.2755190739956254
SriLanka,LK33,,2025-01-13,2025-02-10,0,0.2692487768426125,0.20943035580673502,0.26106728272407903,0.22494060805232
SriLanka,LK33,,2025-01-20,2025-02-17,0,0.20619494214713632,0.15507939934251483,0.1973851234086242,0.16514123460401103
SriLanka,LK33,,2025-01-27,2025-02-24,0,0.16029304026145255,0.12425394146924193,0.1489815463203098,0.1287689872801547
SriLanka,LK33,,2025-02-03,2025-03-03,0,0.1513013607068392,0.09425942204646909,0.13862897245596262,0.09600726470863873
SriLanka,LK33,,2025-02-10,2025-03-10,0,0.14219454452111008,0.08010382955599839,0.12521544568347928,0.07786106492264729
SriLanka,LK33,,2025-02-17,2025-03-17,0,0.12445333933314137,0.06689503484397662,0.10799787506717114,0.0638141036944498
SriLanka,LK33,,2025-02-24,2025-03-24,0,0.09831102492871784,0.06456496326570872,0.08644415995287141,0.062071479862414
SriLanka,LK33,,2025-03-03,2025-03-31,0,0.08993899935482688,0.06887767131939684,0.07863751514995418,0.06542438336966648
SriLanka,LK33,,2025-03-10,2025-04-07,0,0.08765035939633795,0.0714908057528382,0.07779740655992469,0.06868309428535198
SriLanka,LK33,,2025-03-17,2025-04-14,0,0.10644442206481568,0.0821860223734207,0.09350146593425739,0.07806007913600467
SriLanka,LK33,,2025-03-24,2025-04-21,0,0.12345078417510812,0.08722730690921165,0.1083667399884619,0.08277167292139322
SriLanka,LK33,,2025-03-31,2025-04-28,0,0.16829365243961214,0.10212201750964635,0.15164493351841626,0.09919818189925864
SriLanka,LK33,,2025-04-07,2025-05-05,0,0.19489376200041272,0.11470594993638251,0.17968703849686116,0.11378661006201461
SriLanka,LK33,,2025-04-14,2025-05-12,0,0.2310817543363827,0.13936135228499968,0.21909129462936103,0.1420549037442252
SriLanka,LK33,,2025-04-21,2025-05-19,0,0.27473741864538453,0.18720996848445232,0.2651379309981442,0.1937286596381697
SriLanka,LK33,,2025-04-28,2025-05-26,0,0.295662305688236,0.2291575684399439,0.29308765619046884,0.24350414455664615
SriLanka,LK33,,2025-05-05,2025-06-02,0,0.30739314667238216,0.24146484218102504,0.31437525585821313,0.26586162842666483
SriLanka,LK33,,2025-05-12,2025-06-09,0,0.3134019178802241,0.27222516488613213,0.3227448769165765,0.3025721176412807
SriLanka,LK33,,2025-05-19,2025-06-16,0,0.3337075500000439,0.29550001893888556,0.3442409284915663,0.33040158007178877
SriLanka,LK33,,2025-05-26,2025-06-23,0,0.3002479559595674,0.2731124791368505,0.3152949403121378,0.31331584797327816
SriLanka,LK33,,2025-06-02,2025-06-30,0,0.3182849355722043,0.3118017730379422,0.33892176961865905,0.3618316840703922
SriLanka,LK33,,2025-06-09,2025-07-07,1,0.28000298805606055,0.28975997725867836,0.30746088866665516,0.3477405715178969
SriLanka,LK33,,2025-06-16,2025-07-14,1,0.30496938288982983,0.2983483019784471,0.341087364380344,0.36398198911911034
SriLanka,LK33,,2025-06-23,2025-07-21,1,0.27397902897739557,0.27551840920069826,0.3169676507899073,0.346434574254113
SriLanka,LK33,,2025-06-30,2025-07-28,0,0.23537666178851976,0.26977059477310067,0.2809582575529281,0.3452152959898805
SriLanka,LK33,,2025-07-07,2025-08-04,0,0.2087324346850837,0.26515123601338225,0.2572581789645567,0.3440718553905648
SriLanka,LK33,,2025-07-14,2025-08-11,0,0.2484161190793767,0.2942943226641856,0.30511396997228174,0.3773669018880786
SriLanka,LK33,,2025-07-21,2025-08-18,0,0.22472528721543203,0.24284367598971437,0.28129451515033965,0.31942996655619355
SriLanka,LK33,,2025-07-28,2025-08-25,0,0.16639713431400996,0.20152081547263495,0.21509385245865453,0.2717119824003899
SriLanka,LK33,,2025-08-04,2025-09-01,0,0.1511585933497995,0.1653906596810124,0.19415959295613475,0.22301009154685697
SriLanka,LK33,,2025-08-11,2025-09-08,0,0.13981522339448374,0.1513436157450305,0.17941723715656763,0.203675524356815
SriLanka,LK33,,2025-08-18,2025-09-15,0,0.10496411964643847,0.12911947962754006,0.13325083948283728,0.1714515885750605
SriLanka,LK33,,2025-08-25,2025-09-22,0,0.11539296917411399,0.14485842793394646,0.14215808713243566,0.1865552990513433
SriLanka,LK33,,2025-09-01,2025-09-29,0,0.10446402602014944,0.13842649063057572,0.1272530245251121,0.17624460760048932
SriLanka,LK33,,2025-09-08,2025-10-06,0,0.0983677224055746,0.14798822730213132,0.12005411200001076,0.18800892885911552
SriLanka,LK33,,2025-09-15,2025-10-13,0,0.11269626168730254,0.15639317326263813,0.13730625965413348,0.1984802810176313
SriLanka,LK33,,2025-09-22,2025-10-20,0,0.15418198222489168,0.20670484626976024,0.18595103270633784,0.2578592496242744
SriLanka,LK33,,2025-09-29,2025-10-27,0,0.15893791234555862,0.2316167690632589,0.19157463176564624,0.2863064338716633
SriLanka,LK33,,2025-10-06,2025-11-03,0,0.18354845536166708,0.2520399951453408,0.2193782324362624,0.3081772164880075
SriLanka,LK33,,2025-10-13,2025-11-10,0,0.20972736090225375,0.2788291206590235,0.24716898651133745,0.33480313414781027
SriLanka,LK33,,2025-10-20,2025-11-17,0,0.2336463568605308,0.30080013912389636,0.27358608287004615,0.3574135036621056
SriLanka,LK33,,2025-10-27,2025-11-24,0,0.30417215059492453,0.3508947399644884,0.3527308131028558,0.41273696784640657
SriLanka,LK33,,2025-11-03,2025-12-01,0,0.3286428150363082,0.39280256724357215,0.3799309247820762,0.45731207195429224
SriLanka,LK33,,2025-11-10,2025-12-08,0,0.34631914166042915,0.4018481462601349,0.3982213047236435,0.46518835304177675
SriLanka,LK33,,2025-11-17,2025-12-15,1,0.36329827549170196,0.4053777622801112,0.4184633356228927,0.471358113265716
SriLanka,LK41,,2023-01-02,2023-01-30,0,0.4964371180487323,0.3732185085938663,0.45201865370908667,0.33985955819302405
SriLanka,LK41,,2023-01-09,2023-02-06,0,0.5717568393124148,0.4935253727403355,0.5307025623775804,0.4570663400270287
SriLanka,LK41,,2023-01-16,2023-02-13,0,0.3723024240307704,0.32924583050584033,0.3495704686073264,0.3096376672133246
SriLanka,LK41,,2023-01-23,2023-02-20,0,0.2099781279911216,0.18499359086226186,0.19912035576200507,0.17571320485970987
SriLanka,LK41,,2023-01-30,2023-02-27,0,0.14958835972393125,0.1397705308109231,0.1463297175320528,0.13664433714853275
SriLanka,LK41,,2023-02-06,2023-03-06,0,0.08056092459060273,0.08682006915725456,0.07993013022255278,0.08588677752682786
SriLanka,LK41,,2023-02-13,2023-03-13,0,0.06282728441653805,0.05734857383070411,0.06553942242684108,0.05929886756984842
SriLanka,LK41,,2023-02-20,2023-03-20,0,0.06740903822558054,0.05109226493606195,0.07240189929530015,0.05401920730313326
SriLanka,LK41,,2023-02-27,2023-03-27,0,0.07127820519690803,0.04089639738821593,0.07910713410036938,0.04455454363587113
SriLanka,LK41,,2023-03-06,2023-04-03,0,0.11692600042528176,0.06837793270654655,0.1339660026646936,0.07702190987492703
SriLanka,LK41,,2023-03-13,2023-04-10,0,0.08783444043496622,0.0592229321160071,0.10312535379337806,0.06815359538984095
SriLanka,LK41,,2023-03-20,2023-04-17,0,0.07323938346219654,0.07239500251135482,0.08830023549064701,0.08526647421873379
SriLanka,LK41,,2023-03-27,2023-04-24,0,0.07064566301736971,0.08325818515402947,0.08766878393072801,0.10077984522686742
SriLanka,LK41,,2023-04-03,2023-05-01,0,0.09142185224834763,0.11629759022647677,0.11535163178574935,0.14304799906223248
SriLanka,LK41,,2023-04-10,2023-05-08,0,0.08798443009288413,0.10816543142105296,0.11314443007704267,0.13604802824133982
SriLanka,LK41,,2023-04-17,2023-05-15,0,0.0893042237961389,0.13225882631516145,0.11853591719577553,0.17031303808892664
SriLanka,LK41,,2023-04-24,2023-05-22,0,0.14621515001340665,0.207566315302009,0.19264869989197564,0.26338243608971773
SriLanka,LK41,,2023-05-01,2023-05-29,0,0.14835224019131374,0.1635158712767528,0.2002800812948026,0.21542564568317432
SriLanka,LK41,,2023-05-08,2023-06-05,0,0.15164596118577248,0.18823904121488444,0.20890366514688088,0.25027751570023526
SriLanka,LK41,,2023-05-15,2023-06-12,0,0.171315909763632,0.21513078466961658,0.24056650665183082,0.29001840323594746
SriLanka,LK41,,2023-05-22,2023-06-19,0,0.20033086004950387,0.26693825866563964,0.2876988256941229,0.36225143352390904
SriLanka,LK41,,2023-05-29,2023-06-26,0,0.16358964096105494,0.22891473276100804,0.2477971027585938,0.3246390903378334
SriLanka,LK41,,2023-06-05,2023-07-03,0,0.15939567199820467,0.24647143338142946,0.24775373017732316,0.35606156950270007
SriLanka,LK41,,2023-06-12,2023-07-10,0,0.17098129658604702,0.2627691957609241,0.2691291114390803,0.3841509028483407
SriLanka,LK41,,2023-06-19,2023-07-17,0,0.16823890820326112,0.17441674805462898,0.27223392966717647,0.27731976580164863
SriLanka,LK41,,2023-06-26,2023-07-24,0,0.14774635452577792,0.1361544145640058,0.2459672604190638,0.2253693720705694
SriLanka,LK41,,2023-07-03,2023-07-31,0,0.11681144088614964,0.12064727345622582,0.2036114889934749,0.20606940809257146
SriLanka,LK41,,2023-07-10,2023-08-07,0,0.13538445098628624,0.12975152064921497,0.2350582624228444,0.22265876759406253
SriLanka,LK41,,2023-07-17,2023-08-14,0,0.0951741324529227,0.09886594643653521,0.1748149877441646,0.17777427657557734
SriLanka,LK41,,2023-07-24,2023-08-21,0,0.08812404756215317,0.0987183082520741,0.16373817732969026,0.1790142997405971
SriLanka,LK41,,2023-07-31,2023-08-28,0,0.059485700135300586,0.0796354598949249,0.11321144695221799,0.14757469203729007
SriLanka,LK41,,2023-08-07,2023-09-04,0,0.05525058719866068,0.0759219569279262,0.1050519895949611,0.14089737087593396
SriLanka,LK41,,2023-08-14,2023-09-11,0,0.060644069374173264,0.07125114662324358,0.11755485499795792,0.1360231776284748
SriLanka,LK41,,2023-08-21,2023-09-18,0,0.07832384728566895,0.09662547047983211,0.1493546962153307,0.1804019978847306
SriLanka,LK41,,2023-08-28,2023-09-25,0,0.06048922720362883,0.06680434079449227,0.1175852692653096,0.12884383754066261
SriLanka,LK41,,2023-09-04,2023-10-02,0,0.07287159518428171,0.07762572873450424,0.14094403360715693,0.14914687087419995
SriLanka,LK41,,2023-09-11,2023-10-09,0,0.08702490327025192,0.08771036425588022,0.16636421610663227,0.1668017735935164
SriLanka,LK41,,2023-09-18,2023-10-16,0,0.10122618733002939,0.09245917545043693,0.192587485785103,0.17597336458039717
SriLanka,LK41,,2023-09-25,2023-10-23,0,0.10165653444088472,0.09906795065649329,0.19349733778169878,0.18659244912959203
SriLanka,LK41,,2023-10-02,2023-10-30,0,0.14032766102074873,0.16413415312241858,0.2589371599672654,0.2913170048721326
SriLanka,LK41,,2023-10-09,2023-11-06,0,0.12499472355496011,0.14269198174144357,0.23622278246042894,0.2598199716165809
SriLanka,LK41,,2023-10-16,2023-11-13,1,0.14842064647254688,0.16090572449756588,0.27624383749237513,0.28907525533668244
SriLanka,LK41,,2023-10-23,2023-11-20,1,0.1592621904329292,0.17112065935443632,0.29692735215255267,0.307257774003808
SriLanka,LK41,,2023-10-30,2023-11-27,1,0.241290075402521,0.22915472593164857,0.41477241799797093,0.39015232487364737
SriLanka,LK41,,2023-11-06,2023-12-04,1,0.312766392210659,0.29425218467500514,0.5065800238192315,0.47781692940837134
SriLanka,LK41,,2023-11-13,2023-12-11,1,0.6717095611610786,0.5394301966253028,0.8180206418913784,0.7168907685716499
SriLanka,LK41,,2023-11-20,2023-12-18,1,0.8200833980973564,0.7621560692884605,0.9079332273450867,0.873300361010669
SriLanka,LK41,,2023-11-27,2023-12-25,1,0.9347541049145871,0.9190004841100691,0.9677117138070407,0.9596125951853568
SriLanka,LK41,,2023-12-04,2024-01-01,1,0.9900132929450755,0.9910992074410021,0.9953262367248148,0.9958733661824142
SriLanka,LK41,,2023-12-11,2024-01-08,1,0.9991541437477323,0.9993351201401209,0.9996269022404669,0.9997112234909954
SriLanka,LK41,,2023-12-18,2024-01-15,1,0.9999942823924499,0.9999974907032699,0.9999976342464365,0.9999989829801839
SriLanka,LK41,,2023-12-25,2024-01-22,1,0.999999,0.999999,0.999999,0.999999
SriLanka,LK41,,2024-01-01,2024-01-29,1,0.9999983868237428,0.999999,0.999999,0.999999
SriLanka,LK41,,2024-01-08,2024-02-05,1,0.999999,0.999999,0.999999,0.999999
SriLanka,LK41,,2024-01-15,2024-02-12,1,0.9999963072582407,0.999999,0.9999986392321482,0.999999
SriLanka,LK41,,2024-01-22,2024-02-19,1,0.999999,0.999999,0.999999,0.999999
SriLanka,LK41,,2024-01-29,2024-02-26,1,0.9999451456815558,0.9999826347506157,0.9999801254121841,0.9999941408427706
SriLanka,LK41,,2024-02-05,2024-03-04,1,0.999633398902751,0.9998669909912967,0.9998684611055386,0.9999559555654786
SriLanka,LK41,,2024-02-12,2024-03-11,1,0.9875405082108057,0.995293118614601,0.9955313599269334,0.9984672218536379
SriLanka,LK41,,2024-02-19,2024-03-18,0,0.9351215010428002,0.9732790583704827,0.975684617621517,0.9912317668944021
SriLanka,LK41,,2024-02-26,2024-03-25,0,0.6598503852452168,0.7564952961523267,0.8398257890191008,0.9052173319458672
SriLanka,LK41,,2024-03-04,2024-04-01,0,0.5334487389814403,0.5879826052666721,0.748629420844061,0.8113926671761614
SriLanka,LK41,,2024-03-11,2024-04-08,0,0.28364550279990525,0.31686195634419767,0.503193673274645,0.5817115329910343
SriLanka,LK41,,2024-03-18,2024-04-15,0,0.1664673963355544,0.17221488197059343,0.3364223953381855,0.3838079412694155
SriLanka,LK41,,2024-03-25,2024-04-22,0,0.10595030664174011,0.13799586196640345,0.22697858762516557,0.3203094694028958
SriLanka,LK41,,2024-04-01,2024-04-29,0,0.07567036255907438,0.13182542036732603,0.16423286244618512,0.30315974571337356
SriLanka,LK41,,2024-04-08,2024-05-06,0,0.05561826586840282,0.1073157309290567,0.12067291505707094,0.2510771237680492
SriLanka,LK41,,2024-04-15,2024-05-13,0,0.043648974122747035,0.09732039096707219,0.09321974115728517,0.22522482594247034
SriLanka,LK41,,2024-04-22,2024-05-20,0,0.045008450670552674,0.109055190536928,0.09226970449993811,0.24059117698941396
SriLanka,LK41,,2024-04-29,2024-05-27,0,0.03631059031012206,0.11258307452856905,0.07362095019470319,0.2428256127939205
SriLanka,LK41,,2024-05-06,2024-06-03,0,0.0389976124440017,0.1071344191276597,0.07659733895818137,0.2267724497454475
SriLanka,LK41,,2024-05-13,2024-06-10,0,0.07442110478873157,0.10740941191011588,0.13679196942932909,0.22043557559363972
SriLanka,LK41,,2024-05-20,2024-06-17,0,0.08816600653070204,0.09595892943921382,0.15540606232418197,0.19400253905737364
SriLanka,LK41,,2024-05-27,2024-06-24,0,0.10569330735328816,0.12353267135810529,0.1763184083633499,0.2334523829083501
SriLanka,LK41,,2024-06-03,2024-07-01,0,0.14132141971212334,0.12877793730941897,0.2237449334999516,0.2331516787039441
SriLanka,LK41,,2024-06-10,2024-07-08,0,0.123725170003595,0.12285254307551079,0.1915514280670087,0.2143933439106664
SriLanka,LK41,,2024-06-17,2024-07-15,0,0.10140068556046761,0.10105734070651891,0.15178001358442364,0.17123803401780005
SriLanka,LK41,,2024-06-24,2024-07-22,0,0.09238720006882997,0.10565458457499378,0.13267371513646778,0.17131780052518997
SriLanka,LK41,,2024-07-01,2024-07-29,0,0.09045857293844733,0.09941984618754433,0.12708509345421914,0.1591561214049021
SriLanka,LK41,,2024-07-08,2024-08-05,0,0.07335437921462803,0.08256561142432606,0.10014424448306278,0.13057410712588885
SriLanka,LK41,,2024-07-15,2024-08-12,0,0.057139013849696094,0.07400019533054393,0.07690193543119213,0.1166472035487503
SriLanka,LK41,,2024-07-22,2024-08-19,0,0.03811574634748036,0.05910562396240719,0.05129562557968857,0.09404666972718234
SriLanka,LK41,,2024-07-29,2024-08-26,0,0.04209454242036137,0.054410885209925014,0.056448449638337624,0.08670627646435725
SriLanka,LK41,,2024-08-05,2024-09-02,0,0.03959854998189248,0.044260640172650724,0.05364700900615915,0.07175931911236358
SriLanka,LK41,,2024-08-12,2024-09-09,0,0.046001903959094995,0.0446619237166089,0.060548848278527655,0.07081084625195701
SriLanka,LK41,,2024-08-19,2024-09-16,0,0.05380219309972133,0.047329467628065156,0.07115173607331629,0.07523202833397477
SriLanka,LK41,,2024-08-26,2024-09-23,0,0.05496452864209611,0.049608227833209714,0.07321897727105046,0.07891744570888255
SriLanka,LK41,,2024-09-02,2024-09-30,0,0.046391481758431524,0.04674884863378458,0.06196549689466932,0.07430463295260732
SriLanka,LK41,,2024-09-09,2024-10-07,0,0.04386229254762928,0.05229129349244494,0.058153793661784664,0.08213931377143241
SriLanka,LK41,,2024-09-16,2024-10-14,0,0.0398477255292331,0.05663026495053769,0.053105772265577667,0.08902265522838267
SriLanka,LK41,,2024-09-23,2024-10-21,0,0.04846607645536687,0.07235444570113796,0.06498768898008123,0.11386146541230278
SriLanka,LK41,,2024-09-30,2024-10-28,0,0.05305867767243419,0.08066870314513554,0.07104546302763569,0.12651262321127682
SriLanka,LK41,,2024-10-07,2024-11-04,0,0.07651865313644844,0.09358311167306213,0.10100165264864923,0.14495341805743756
SriLanka,LK41,,2024-10-14,2024-11-11,0,0.10164294243960069,0.10888040154883133,0.13202781807903008,0.16610923729440788
SriLanka,LK41,,2024-10-21,2024-11-18,0,0.1147223017237042,0.1196314605784901,0.1451731620182788,0.17789064165863452
SriLanka,LK41,,2024-10-28,2024-11-25,0,0.17709709534316997,0.18249442255488513,0.21620353474319087,0.2575221454754047
SriLanka,LK41,,2024-11-04,2024-12-02,0,0.19718015975857467,0.20429307620455367,0.23620575827025805,0.27948401294637343
SriLanka,LK41,,2024-11-11,2024-12-09,0,0.24556294367408024,0.2184454345345246,0.2982370262888784,0.3013230323986117
SriLanka,LK41,,2024-11-18,2024-12-16,0,0.49723266899625695,0.25347810363682816,0.5648413529087475,0.3425022069282918
SriLanka,LK41,,2024-11-25,2024-12-23,0,0.7234299606434529,0.3008672824326783,0.7773599178280723,0.39917541403325785
SriLanka,LK41,,2024-12-02,2024-12-30,0,0.6196097471290664,0.25900500959697664,0.6788734594268653,0.3424607352609815
SriLanka,LK41,,2024-12-09,2025-01-06,0,0.5346631125552945,0.3112158296964857,0.5836603755950446,0.3860215398274882
SriLanka,LK41,,2024-12-16,2025-01-13,0,0.5238961558052068,0.3605413115154196,0.559586654808263,0.42470557981580037
SriLanka,LK41,,2024-12-23,2025-01-20,0,0.5298809833558201,0.3524014773981225,0.5479212441121479,0.39862904050259634
SriLanka,LK41,,2024-12-30,2025-01-27,0,0.4477433115330235,0.23779584435705906,0.45589213806162365,0.26832676571696923
SriLanka,LK41,,2025-01-06,2025-02-03,0,0.34629660504866633,0.17440005231649539,0.34304861427267225,0.19258024453426065
SriLanka,LK41,,2025-01-13,2025-02-10,0,0.25289509005989474,0.10940023712041712,0.2450438891692455,0.11861382420019964
SriLanka,LK41,,2025-01-20,2025-02-17,0,0.1790853198953898,0.1106303878317721,0.1711839958131293,0.11821177733951616
SriLanka,LK41,,2025-01-27,2025-02-24,0,0.0875928585180301,0.0714553050955858,0.08091726892433557,0.07421438049684431
SriLanka,LK41,,2025-02-03,2025-03-03,0,0.0823454118442328,0.054171226742512395,0.07493853072341242,0.05522103868018801
SriLanka,LK41,,2025-02-10,2025-03-10,0,0.06730149325266563,0.04346372485955729,0.058653711702192385,0.04219975724648838
SriLanka,LK41,,2025-02-17,2025-03-17,0,0.06580709687617922,0.037676161147035835,0.05660463200441362,0.035889181456531756
SriLanka,LK41,,2025-02-24,2025-03-24,0,0.058137608322328414,0.03311639564568546,0.05084652125676662,0.03179616535549246
SriLanka,LK41,,2025-03-03,2025-03-31,0,0.041993281001214515,0.026237038696161383,0.03647505252712403,0.024864515579611328
SriLanka,LK41,,2025-03-10,2025-04-07,0,0.0424422210480672,0.029473966464728878,0.037462533314670865,0.028266178490391404
SriLanka,LK41,,2025-03-17,2025-04-14,0,0.040747831220622,0.033544191770624385,0.035476006052071095,0.031775647237324504
SriLanka,LK41,,2025-03-24,2025-04-21,0,0.04410115967973951,0.038772753640269726,0.03828907084069627,0.036692716570450944
SriLanka,LK41,,2025-03-31,2025-04-28,0,0.04618746090125621,0.03857299350571386,0.041022489299020345,0.03739284478278296
SriLanka,LK41,,2025-04-07,2025-05-05,0,0.045138419036759546,0.04196060895092945,0.04102110940476159,0.041596910181949734
SriLanka,LK41,,2025-04-14,2025-05-12,0,0.04380680095332901,0.05453532617301754,0.04101539443198678,0.05569547422454396
SriLanka,LK41,,2025-04-21,2025-05-19,0,0.05651287459177666,0.10005622904590926,0.05397087007723059,0.10392824494257075
SriLanka,LK41,,2025-04-28,2025-05-26,0,0.05567126420058687,0.0927909952395654,0.055023213755421824,0.09970450243988166
SriLanka,LK41,,2025-05-05,2025-06-02,0,0.04907821444578501,0.09848008453455337,0.05062181162452847,0.11053538063337891
SriLanka,LK41,,2025-05-12,2025-06-09,0,0.053604389751752655,0.12022948780383415,0.055832209415897956,0.1368177544939143
SriLanka,LK41,,2025-05-19,2025-06-16,0,0.0920688490095903,0.15832893832468578,0.09607477177299958,0.18119614404384832
SriLanka,LK41,,2025-05-26,2025-06-23,0,0.08734880382141814,0.13655295816239313,0.09314655989547016,0.16110966804023627
SriLanka,LK41,,2025-06-02,2025-06-30,0,0.08399095362107965,0.14348690796657262,0.09147512060635381,0.17331120658786425
SriLanka,LK41,,2025-06-09,2025-07-07,0,0.09013982346602836,0.13970102587395036,0.10160665903237795,0.1750557999651594
SriLanka,LK41,,2025-06-16,2025-07-14,0,0.09359849819790264,0.13376550971385937,0.10859477507085424,0.17207184607146994
SriLanka,LK41,,2025-06-23,2025-07-21,0,0.07096562801325285,0.1003833514341441,0.08586788148254874,0.1345959578194141
SriLanka,LK41,,2025-06-30,2025-07-28,0,0.05672208817321706,0.09336258312136958,0.07091526321970704,0.1281290589747202
SriLanka,LK41,,2025-07-07,2025-08-04,0,0.04834224005067923,0.09500680053350508,0.06252725536955411,0.13241008588953398
SriLanka,LK41,,2025-07-14,2025-08-11,0,0.052467712542556215,0.09612482881783521,0.06852007197300689,0.13387007235035275
SriLanka,LK41,,2025-07-21,2025-08-18,0,0.056286544428757586,0.07327424701777174,0.07453153157223441,0.10370778226009704
SriLanka,LK41,,2025-07-28,2025-08-25,0,0.05204750106207221,0.06004416455408283,0.07009327006370633,0.08628284388449456
SriLanka,LK41,,2025-08-04,2025-09-01,0,0.05397307614312128,0.04882554104382894,0.07166114291861518,0.06920275326882919
SriLanka,LK41,,2025-08-11,2025-09-08,0,0.0656133661944969,0.05370808444811268,0.08630682652276744,0.07527386587513316
SriLanka,LK41,,2025-08-18,2025-09-15,0,0.04858275054117751,0.043057847960940164,0.06274037216043545,0.059088868680501797
SriLanka,LK41,,2025-08-25,2025-09-22,0,0.04357175641658379,0.046126443356198685,0.05470837711564613,0.06144581613047408
SriLanka,LK41,,2025-09-01,2025-09-29,0,0.04715048919455285,0.05639818926384208,0.05824969995673722,0.07372378177608645
SriLanka,LK41,,2025-09-08,2025-10-06,0,0.05040991349867805,0.059091951106581136,0.0622534149334253,0.07725202890189549
SriLanka,LK41,,2025-09-15,2025-10-13,0,0.050728145294927925,0.05567688488402921,0.0627630814993834,0.07300570794799748
SriLanka,LK41,,2025-09-22,2025-10-20,0,0.06410415438141925,0.07027128312814343,0.07904735257353446,0.09155859819548462
SriLanka,LK41,,2025-09-29,2025-10-27,0,0.07486801076021116,0.09074162622422985,0.09213265953494992,0.11724316716397999
SriLanka,LK41,,2025-10-06,2025-11-03,0,0.09100378818328227,0.1108409757377849,0.11122940900690252,0.141477439955997
SriLanka,LK41,,2025-10-13,2025-11-10,0,0.1194826642417211,0.14270187975097576,0.14374377835689772,0.17809739006547892
SriLanka,LK41,,2025-10-20,2025-11-17,0,0.15340118662983704,0.1708270919006349,0.18289746271797652,0.21033716078890183
SriLanka,LK41,,2025-10-27,2025-11-24,0,0.23024674783500484,0.2821663589588113,0.2716104629252932,0.3382069898174175
SriLanka,LK41,,2025-11-03,2025-12-01,0,0.26587292818757696,0.3320474429819326,0.3119163742879388,0.3930377794337536
SriLanka,LK41,,2025-11-10,2025-12-08,0,0.36937685979351964,0.3645950412581076,0.4225011299607421,0.4262477048777836
SriLanka,LK41,,2025-11-17,2025-12-15,0,0.4347146627990169,0.37930860087861235,0.49233850016745656,0.4442156858696486
SriLanka,LK42,,2023-01-02,2023-01-30,0,0.2773266770263533,0.23376693753541816,0.2430505251141143,0.20872169682819472
SriLanka,LK42,,2023-01-09,2023-02-06,0,0.24830191739420326,0.23293721173088544,0.21861649957318596,0.20782954213551183
SriLanka,LK42,,2023-01-16,2023-02-13,0,0.17693055809754307,0.16901358893410773,0.16302931054280856,0.15671844065089288
SriLanka,LK42,,2023-01-23,2023-02-20,0,0.11934246958593975,0.11543443001178297,0.11250396957863384,0.10917610322274189
SriLanka,LK42,,2023-01-30,2023-02-27,0,0.08189484721433428,0.0722989297005718,0.07997217055417062,0.07055806646950322
SriLanka,LK42,,2023-02-06,2023-03-06,0,0.06604985533530729,0.060054919466063617,0.06552458568666866,0.059390633403124775
SriLanka,LK42,,2023-02-13,2023-03-13,0,0.06185263658861805,0.049831673371509254,0.06452559768355332,0.05154031147078854
SriLanka,LK42,,2023-02-20,2023-03-20,0,0.0691614376733314,0.05244175299253653,0.0742737583478321,0.05544148712041591
SriLanka,LK42,,2023-02-27,2023-03-27,0,0.07155438577842098,0.044512349720878454,0.07941105552852507,0.048477591316560036
SriLanka,LK42,,2023-03-06,2023-04-03,0,0.08006175293182614,0.04737589510306889,0.09229087855154702,0.05351742126079889
SriLanka,LK42,,2023-03-13,2023-04-10,0,0.069999562178624,0.04629405588607427,0.0824663386104367,0.053385713533933336
SriLanka,LK42,,2023-03-20,2023-04-17,0,0.06052468681492703,0.055362097147186644,0.07317735751926069,0.06541877657947913
SriLanka,LK42,,2023-03-27,2023-04-24,0,0.0658514124496264,0.07880791688273002,0.08182099617836974,0.0954905739815762
SriLanka,LK42,,2023-04-03,2023-05-01,0,0.06451615207042329,0.0865870414439833,0.08203923739653947,0.10733356421706376
SriLanka,LK42,,2023-04-10,2023-05-08,0,0.06559218790173413,0.09370400711577734,0.08494531198445279,0.11835348862967043
SriLanka,LK42,,2023-04-17,2023-05-15,1,0.07694718069372193,0.12458903470668198,0.10258972438962076,0.1608455070462499
SriLanka,LK42,,2023-04-24,2023-05-22,1,0.11702430879108734,0.16681324407801543,0.1558802223593194,0.2146388671544576
SriLanka,LK42,,2023-05-01,2023-05-29,0,0.2207863382894013,0.17442591107430405,0.2894511715540424,0.22885161726181277
SriLanka,LK42,,2023-05-08,2023-06-05,0,0.2336810795072071,0.20474507075922205,0.31057377060558433,0.27041134823465374
SriLanka,LK42,,2023-05-15,2023-06-12,0,0.28254456612228823,0.2603389330114276,0.3763379781417362,0.3440649319684478
SriLanka,LK42,,2023-05-22,2023-06-19,0,0.3286972393938175,0.3288198482694873,0.44116334318421324,0.4331721081826054
SriLanka,LK42,,2023-05-29,2023-06-26,0,0.2332671456666716,0.2522496492962813,0.33881226178253754,0.35326145055217245
SriLanka,LK42,,2023-06-05,2023-07-03,0,0.2245242318054168,0.2806667172024448,0.33461389468947655,0.3974418592213854
SriLanka,LK42,,2023-06-12,2023-07-10,0,0.19872223065607902,0.24795463270102022,0.3068990725578169,0.3658893692289552
SriLanka,LK42,,2023-06-19,2023-07-17,0,0.24447014825984126,0.253289844284593,0.3743771951508811,0.3812382760822861
SriLanka,LK42,,2023-06-26,2023-07-24,0,0.2117104528413442,0.213454070516267,0.3357044360803555,0.33375047216279574
SriLanka,LK42,,2023-07-03,2023-07-31,0,0.148418988550979,0.17313279844577545,0.2520042982009145,0.2837261052150672
SriLanka,LK42,,2023-07-10,2023-08-07,0,0.11898839708711637,0.14579512597498162,0.20951611159272157,0.2469305840526431
SriLanka,LK42,,2023-07-17,2023-08-14,0,0.10266910207632844,0.13809569373373706,0.1872835405118823,0.23997646874522982
SriLanka,LK42,,2023-07-24,2023-08-21,0,0.10040828055640408,0.14495152576803444,0.1844309574870602,0.2523248298775907
SriLanka,LK42,,2023-07-31,2023-08-28,0,0.06645530887473651,0.11098050089118723,0.1256349434352581,0.1998542663523691
SriLanka,LK42,,2023-08-07,2023-09-04,0,0.0549263716700243,0.09858476354086108,0.10446784988160981,0.1791943595229349
SriLanka,LK42,,2023-08-14,2023-09-11,0,0.059966960647656734,0.09162591029663414,0.11632100586927467,0.1714997414796551
SriLanka,LK42,,2023-08-21,2023-09-18,0,0.058068604051362084,0.09873773969495823,0.11298200014270025,0.18397269077088024
SriLanka,LK42,,2023-08-28,2023-09-25,0,0.0640140428557795,0.09344562214480882,0.12399805937287625,0.1755714143449091
SriLanka,LK42,,2023-09-04,2023-10-02,0,0.08922410518927207,0.10501367986460151,0.16977486670910166,0.19639598814716297
SriLanka,LK42,,2023-09-11,2023-10-09,0,0.10742966098816678,0.12430478826138758,0.201270613110483,0.22814248745470833
SriLanka,LK42,,2023-09-18,2023-10-16,0,0.12380198833447467,0.13483571400095484,0.2303175606599752,0.2462411463575829
SriLanka,LK42,,2023-09-25,2023-10-23,0,0.14865546932743126,0.15101728681149565,0.2701865413549685,0.2706502249201833
SriLanka,LK42,,2023-10-02,2023-10-30,0,0.15885546539698137,0.16220268211871236,0.28788105425288885,0.28840529019760086
SriLanka,LK42,,2023-10-09,2023-11-06,0,0.20484098928058203,0.21099195718567218,0.35804707721295076,0.3606020515747365
SriLanka,LK42,,2023-10-16,2023-11-13,0,0.22792101597920414,0.23159916528814103,0.39264297330491155,0.38991287292328214
SriLanka,LK42,,2023-10-23,2023-11-20,0,0.2943229859433078,0.29357318717615094,0.4818268583879824,0.47169084028683617
SriLanka,LK42,,2023-10-30,2023-11-27,1,0.38984328784082073,0.3283484350129744,0.5874364615270313,0.5126857539574193
SriLanka,LK42,,2023-11-06,2023-12-04,1,0.4642230979859699,0.3797558636467032,0.6615449706024141,0.5733287910028649
SriLanka,LK42,,2023-11-13,2023-12-11,1,0.48279016224146254,0.3786758815157711,0.672210611229281,0.5685332844652706
SriLanka,LK42,,2023-11-20,2023-12-18,1,0.44327366250714434,0.3458893477669675,0.6327093455665534,0.5321471087180631
SriLanka,LK42,,2023-11-27,2023-12-25,1,0.5541869494424427,0.4391719597209444,0.722262402217922,0.6212000447277476
SriLanka,LK42,,2023-12-04,2024-01-01,1,0.6260300824744477,0.4924424683117442,0.7824268944741574,0.6777064265738
SriLanka,LK42,,2023-12-11,2024-01-08,1,0.7138303749701566,0.5903783033338341,0.8498011932223382,0.7684997105336245
SriLanka,LK42,,2023-12-18,2024-01-15,1,0.8070034336067525,0.6395478482469124,0.9099572228582107,0.8140478304505631
SriLanka,LK42,,2023-12-25,2024-01-22,1,0.8973782145405687,0.7708040817856986,0.9570910238309435,0.8977883129500367
SriLanka,LK42,,2024-01-01,2024-01-29,1,0.9813460637291685,0.9694979886918957,0.9928419434356301,0.9885282648924041
SriLanka,LK42,,2024-01-08,2024-02-05,1,0.9474946468495401,0.9305944465986963,0.9800524948265978,0.9742832725976532
SriLanka,LK42,,2024-01-15,2024-02-12,0,0.7480827817890802,0.6230220290759171,0.8896072399302501,0.8252518647738779
SriLanka,LK42,,2024-01-22,2024-02-19,0,0.4975758967801096,0.33840356625911894,0.7293817402812528,0.5968586874247285
SriLanka,LK42,,2024-01-29,2024-02-26,0,0.5377856604293965,0.43683307694301277,0.7625489729958368,0.6968731113755291
SriLanka,LK42,,2024-02-05,2024-03-04,0,0.5109352072479909,0.4398222086861589,0.7443980723162067,0.7033753601984674
SriLanka,LK42,,2024-02-12,2024-03-11,0,0.13839356878257772,0.12464333677009691,0.31104479622101106,0.3049051992339161
SriLanka,LK42,,2024-02-19,2024-03-18,0,0.09182265998432011,0.08704685153266475,0.21964942386471448,0.22835057831633426
SriLanka,LK42,,2024-02-26,2024-03-25,0,0.07582722834439778,0.07579208377599471,0.1815120374182816,0.20134410512792333
SriLanka,LK42,,2024-03-04,2024-04-01,0,0.07764815067197357,0.07946230611244251,0.17984200521664892,0.2064886970732842
SriLanka,LK42,,2024-03-11,2024-04-08,0,0.046635143459230616,0.05718883509135546,0.11121219421848035,0.15388194050475254
SriLanka,LK42,,2024-03-18,2024-04-15,0,0.04494821500610517,0.05966811127315521,0.10672305255265209,0.15964913615464418
SriLanka,LK42,,2024-03-25,2024-04-22,1,0.03605700286712081,0.0708131772680991,0.08481988030459267,0.18323554136271666
SriLanka,LK42,,2024-04-01,2024-04-29,0,0.030880366681206185,0.07862036389804229,0.07105139038277987,0.1964512782061662
SriLanka,LK42,,2024-04-08,2024-05-06,0,0.036407109440959276,0.09709665838497679,0.0809164966701538,0.23070641741309827
SriLanka,LK42,,2024-04-15,2024-05-13,0,0.03959275904761219,0.10904297143227533,0.08496627256656256,0.24811915394974693
SriLanka,LK42,,2024-04-22,2024-05-20,0,0.07105616670668541,0.22101924320684088,0.14161302570862733,0.42342004690179497
SriLanka,LK42,,2024-04-29,2024-05-27,0,0.05242859031231837,0.17555297775278403,0.10450474105032348,0.3499182545643578
SriLanka,LK42,,2024-05-06,2024-06-03,0,0.07067020088295786,0.18639069081420254,0.13453223781613557,0.35895333273544894
SriLanka,LK42,,2024-05-13,2024-06-10,0,0.12740262089377907,0.17787163142930626,0.22345638633127954,0.33704646832368684
SriLanka,LK42,,2024-05-20,2024-06-17,0,0.20745435236596185,0.19968850127945356,0.3324961627196337,0.36135285093877817
SriLanka,LK42,,2024-05-27,2024-06-24,0,0.24310604086279872,0.22241615252677854,0.367789702963562,0.3819767770432694
SriLanka,LK42,,2024-06-03,2024-07-01,0,0.3123037811772549,0.23409793091049036,0.4430019743296504,0.3860119376096547
SriLanka,LK42,,2024-06-10,2024-07-08,0,0.26029405938322103,0.21878371853508433,0.3712671776939411,0.35303570359132913
SriLanka,LK42,,2024-06-17,2024-07-15,1,0.2224279835873019,0.20488336652702568,0.3120563112756704,0.32138914829113985
SriLanka,LK42,,2024-06-24,2024-07-22,1,0.20510807293281222,0.21797457152531485,0.27941562933724207,0.3278537502626013
SriLanka,LK42,,2024-07-01,2024-07-29,1,0.1671531061994196,0.1946741804849498,0.22708016011507648,0.2930218418600856
SriLanka,LK42,,2024-07-08,2024-08-05,0,0.13354197995139716,0.17466734498685169,0.17808856517018645,0.26099419520430367
SriLanka,LK42,,2024-07-15,2024-08-12,1,0.13031017796965969,0.1898967342083527,0.1707966515954906,0.2791975205918892
SriLanka,LK42,,2024-07-22,2024-08-19,1,0.1092513482644657,0.18527940133629472,0.1433627722079235,0.27315534589052815
SriLanka,LK42,,2024-07-29,2024-08-26,1,0.14266096477724505,0.21148757831112022,0.18469526579389556,0.30676878720267897
SriLanka,LK42,,2024-08-05,2024-09-02,0,0.11396537317154493,0.15065494594925216,0.15026904904946695,0.22845472301993414
SriLanka,LK42,,2024-08-12,2024-09-09,1,0.20285400044238996,0.21849293982998155,0.25380554574203035,0.31306546785914635
SriLanka,LK42,,2024-08-19,2024-09-16,1,0.2526508695390953,0.23504835324571932,0.3129169973878143,0.33473391466715247
SriLanka,LK42,,2024-08-26,2024-09-23,0,0.23813054373034503,0.23040274364734736,0.2980325232197442,0.3294953795714251
SriLanka,LK42,,2024-09-02,2024-09-30,0,0.1480556060011126,0.1619250080296261,0.1909259214061709,0.240259490480376
SriLanka,LK42,,2024-09-09,2024-10-07,0,0.198889565482759,0.2716131302374656,0.2504613943583832,0.3768675841928306
SriLanka,LK42,,2024-09-16,2024-10-14,1,0.23861786910767127,0.382385118214323,0.29751755490817233,0.501962680409416
SriLanka,LK42,,2024-09-23,2024-10-21,1,0.1469815933771832,0.2730445248616744,0.19036744760698487,0.38224070981898717
SriLanka,LK42,,2024-09-30,2024-10-28,1,0.11423341262822767,0.22695477167445705,0.14968029657266377,0.3264154613399436
SriLanka,LK42,,2024-10-07,2024-11-04,0,0.15645071326889567,0.23986183845839337,0.2009438728195577,0.34129440399536226
SriLanka,LK42,,2024-10-14,2024-11-11,1,0.2668541420635404,0.3237793655532886,0.32856379859829044,0.43839331331450093
SriLanka,LK42,,2024-10-21,2024-11-18,1,0.36403630303025164,0.39417072306492756,0.4286227248998814,0.5088506304631588
SriLanka,LK42,,2024-10-28,2024-11-25,1,0.3790379717740723,0.40414225325300285,0.43895047376201946,0.5131009399267983
SriLanka,LK42,,2024-11-04,2024-12-02,0,0.3794224463762239,0.3837330267323481,0.43497460808167626,0.48473464802671895
SriLanka,LK42,,2024-11-11,2024-12-09,0,0.436389421030704,0.42574915904351196,0.5027206896884808,0.5335811549495647
SriLanka,LK42,,2024-11-18,2024-12-16,1,0.5293959971407864,0.45987096260970456,0.5961920404563673,0.5663862399502884
SriLanka,LK42,,2024-11-25,2024-12-23,1,0.6345162478269434,0.45969476373323065,0.6985596462068665,0.5677550806895453
SriLanka,LK42,,2024-12-02,2024-12-30,1,0.5578100177955341,0.3608180008232656,0.6208096478250148,0.4568534370568849
SriLanka,LK42,,2024-12-09,2025-01-06,1,0.4689360493890066,0.3142632517620226,0.51862304824244,0.3893873594241026
SriLanka,LK42,,2024-12-16,2025-01-13,1,0.5430933652063328,0.3767578723133672,0.5785025844795201,0.44181414972934185
SriLanka,LK42,,2024-12-23,2025-01-20,1,0.6199238372049656,0.4422355171743149,0.6368766919205153,0.49130710579520015
SriLanka,LK42,,2024-12-30,2025-01-27,1,0.5259896292639461,0.3904046824466861,0.5341850558314944,0.42948857793465617
SriLanka,LK42,,2025-01-06,2025-02-03,0,0.5231325214469238,0.41592765586475344,0.5195441405664751,0.4456936336678101
SriLanka,LK42,,2025-01-13,2025-02-10,0,0.41912468976894524,0.3352405785674135,0.4089375896844209,0.3558740188561786
SriLanka,LK42,,2025-01-20,2025-02-17,0,0.26118044807819624,0.2129088705068093,0.2507634793435867,0.22572041953942448
SriLanka,LK42,,2025-01-27,2025-02-24,0,0.22679633938941285,0.21713025179644646,0.21197656830317083,0.22415633382575734
SriLanka,LK42,,2025-02-03,2025-03-03,0,0.1437436573480625,0.11012907903734094,0.13160611314672224,0.11213475922319045
SriLanka,LK42,,2025-02-10,2025-03-10,0,0.11864119228284559,0.08222872823018648,0.10413312446134419,0.07993163971673065
SriLanka,LK42,,2025-02-17,2025-03-17,0,0.11556199754543446,0.07050891569151946,0.1001476916953691,0.06727354276821278
SriLanka,LK42,,2025-02-24,2025-03-24,0,0.09611429023663155,0.0670566092351554,0.08448774178807297,0.0644735313552956
SriLanka,LK42,,2025-03-03,2025-03-31,0,0.06410939578159029,0.049390428642560005,0.055854386432314614,0.04686498832404246
SriLanka,LK42,,2025-03-10,2025-04-07,0,0.06528795383156849,0.0559817016756144,0.05778957589755152,0.05374783226939335
SriLanka,LK42,,2025-03-17,2025-04-14,0,0.0651164211684952,0.06281831641504489,0.056878806128510255,0.05960154005809058
SriLanka,LK42,,2025-03-24,2025-04-21,0,0.08717132758238066,0.08429513933291105,0.07613512153665872,0.0799761592672054
SriLanka,LK42,,2025-03-31,2025-04-28,1,0.09585577937368786,0.08671204860962776,0.0856352544161676,0.08418804444833516
SriLanka,LK42,,2025-04-07,2025-05-05,0,0.11333705661554475,0.09508694475902082,0.10367441527232028,0.09430809583791748
SriLanka,LK42,,2025-04-14,2025-05-12,0,0.1206490962450655,0.11672010839056621,0.11354266060916117,0.11903658002586319
SriLanka,LK42,,2025-04-21,2025-05-19,0,0.10616264443245998,0.13256297951465656,0.10162790443841735,0.13750075334520842
SriLanka,LK42,,2025-04-28,2025-05-26,0,0.1616155253486619,0.21070828692676813,0.15994309371077414,0.2242358274397868
SriLanka,LK42,,2025-05-05,2025-06-02,0,0.12194232963093272,0.18852544371363655,0.12547523960071488,0.2090475134392185
SriLanka,LK42,,2025-05-12,2025-06-09,0,0.12455349548176022,0.22831798001924422,0.1293270454214661,0.25548856561468053
SriLanka,LK42,,2025-05-19,2025-06-16,0,0.16867464694482356,0.25694380325396127,0.17536989000825312,0.28916061438223745
SriLanka,LK42,,2025-05-26,2025-06-23,0,0.17920284828049213,0.25495626231925844,0.1898292768209608,0.2935663627496822
SriLanka,LK42,,2025-06-02,2025-06-30,0,0.16623123271427828,0.2581558939707174,0.17960669693409262,0.3033725596734302
SriLanka,LK42,,2025-06-09,2025-07-07,0,0.18249509292321273,0.2420128642551988,0.20308819669728256,0.29439958086941304
SriLanka,LK42,,2025-06-16,2025-07-14,0,0.2142571294689066,0.2607170914178491,0.24339410033984543,0.3218698915068867
SriLanka,LK42,,2025-06-23,2025-07-21,0,0.15142951000409602,0.19244449567530708,0.17995563576184484,0.2493371221562195
SriLanka,LK42,,2025-06-30,2025-07-28,0,0.12206308397649582,0.19019187499240267,0.15000603088856063,0.2510320949402618
SriLanka,LK42,,2025-07-07,2025-08-04,0,0.08354777817470643,0.15933610774128185,0.1069026817512916,0.2160200105583414
SriLanka,LK42,,2025-07-14,2025-08-11,0,0.08469585969590858,0.1553896040700352,0.10946918894812857,0.21097447723036752
SriLanka,LK42,,2025-07-21,2025-08-18,0,0.11531446736015566,0.15754617991236686,0.14965874567056858,0.2148657856794394
SriLanka,LK42,,2025-07-28,2025-08-25,0,0.10669767583095892,0.1340798740954468,0.1408757098524007,0.18626039760675445
SriLanka,LK42,,2025-08-04,2025-09-01,0,0.11858000366146294,0.13003260926064136,0.1539945192091473,0.17796042296794373
SriLanka,LK42,,2025-08-11,2025-09-08,0,0.1087039627957954,0.10855397288670748,0.14093768537635815,0.14868218837778766
SriLanka,LK42,,2025-08-18,2025-09-15,0,0.0901895997189848,0.1051469132999412,0.11500634972776692,0.1408910664515029
SriLanka,LK42,,2025-08-25,2025-09-22,0,0.08238639720469763,0.1109501902589747,0.10238178000038577,0.14453641903021217
SriLanka,LK42,,2025-09-01,2025-09-29,0,0.07453822763895693,0.12056625248172594,0.0914656389515677,0.15437926063455226
SriLanka,LK42,,2025-09-08,2025-10-06,0,0.08238646755011439,0.13063980194284724,0.1009440448295705,0.1668879005857566
SriLanka,LK42,,2025-09-15,2025-10-13,0,0.10220452125408322,0.15628294960222325,0.12484575726356191,0.198347369137841
SriLanka,LK42,,2025-09-22,2025-10-20,1,0.11875807566223322,0.17078817762775939,0.14447482235279116,0.21546830318186658
SriLanka,LK42,,2025-09-29,2025-10-27,1,0.10999200744386253,0.17024301089049335,0.13418151582663085,0.21448621616135377
SriLanka,LK42,,2025-10-06,2025-11-03,1,0.132273410218393,0.19962698964180903,0.1600561777689214,0.2479603076846548
SriLanka,LK42,,2025-10-13,2025-11-10,1,0.194717369688183,0.25997434944654946,0.23026010075138256,0.3138103498905602
SriLanka,LK42,,2025-10-20,2025-11-17,1,0.2934413070732627,0.3377542546435949,0.3390798875683663,0.39736999205064955
SriLanka,LK42,,2025-10-27,2025-11-24,1,0.3964650583635747,0.4204110404983517,0.45022426153934275,0.48534420723615607
SriLanka,LK42,,2025-11-03,2025-12-01,0,0.4483904827805607,0.4457788534566738,0.50432800756484,0.5116573056508918
SriLanka,LK42,,2025-11-10,2025-12-08,1,0.587339079268329,0.5853798282126993,0.6399973664685232,0.6463872077968487
SriLanka,LK42,,2025-11-17,2025-12-15,0,0.5270014214407799,0.48710421090653333,0.5842155963955058,0.553993449230036
SriLanka,LK43,,2023-01-02,2023-01-30,0,0.2059187385258909,0.14869432166185914,0.1782908621087872,0.13120287935401478
SriLanka,LK43,,2023-01-09,2023-02-06,0,0.14230513019214813,0.11910079006659208,0.12321483669052141,0.10459018972861471
SriLanka,LK43,,2023-01-16,2023-02-13,0,0.12306753524053236,0.11726710862621154,0.11281817352636779,0.1082459808115283
SriLanka,LK43,,2023-01-23,2023-02-20,0,0.08702860908088723,0.08737262595666555,0.08186960561948856,0.08249379903171206
SriLanka,LK43,,2023-01-30,2023-02-27,1,0.08414321255834188,0.0668159582976153,0.08217247460656901,0.06519783939614099
SriLanka,LK43,,2023-02-06,2023-03-06,0,0.0692277501192812,0.05425608502916426,0.06867906631805192,0.05365228038959839
SriLanka,LK43,,2023-02-13,2023-03-13,1,0.06746142986955161,0.04838677580891809,0.07035859675048683,0.050048480568262964
SriLanka,LK43,,2023-02-20,2023-03-20,0,0.06184465488215389,0.04356160378660586,0.0664547411051943,0.04607808321562292
SriLanka,LK43,,2023-02-27,2023-03-27,0,0.10386884012470213,0.06829611672284623,0.11483478618431192,0.07421549413648823
SriLanka,LK43,,2023-03-06,2023-04-03,0,0.11208596598692705,0.06433413148651239,0.12852327217103104,0.07250669824906433
SriLanka,LK43,,2023-03-13,2023-04-10,0,0.14764560605221186,0.09441912010488568,0.17139246893444202,0.10804771389774862
SriLanka,LK43,,2023-03-20,2023-04-17,0,0.08514944290779031,0.06474466076375286,0.10238887896485814,0.0763679217566895
SriLanka,LK43,,2023-03-27,2023-04-24,0,0.10047037857073278,0.1006256175721959,0.12372345242041807,0.12131856188957611
SriLanka,LK43,,2023-04-03,2023-05-01,0,0.08025390656634564,0.09089730391505552,0.10158730587554884,0.11254932477738584
SriLanka,LK43,,2023-04-10,2023-05-08,0,0.09603492876946974,0.12706015467045323,0.12318609934310805,0.15894532496528058
SriLanka,LK43,,2023-04-17,2023-05-15,0,0.07296598629620615,0.11155214812890264,0.0974218292633381,0.14464162129328353
SriLanka,LK43,,2023-04-24,2023-05-22,0,0.12621970332051713,0.1755017739146537,0.16754943369348205,0.2251452855146807
SriLanka,LK43,,2023-05-01,2023-05-29,0,0.23277345661424909,0.16467046687758727,0.3037132370510493,0.21685175734246379
SriLanka,LK43,,2023-05-08,2023-06-05,0,0.2678302158221218,0.22361428951412868,0.3508155569165207,0.2931018798559602
SriLanka,LK43,,2023-05-15,2023-06-12,0,0.2775864982725822,0.24648835603395527,0.37058417020979184,0.32773363907449365
SriLanka,LK43,,2023-05-22,2023-06-19,0,0.2920764423525931,0.2795792360517003,0.39946868176828687,0.3770842303539014
SriLanka,LK43,,2023-05-29,2023-06-26,0,0.21816648759086252,0.2506225307021954,0.31972825469752064,0.3512888661024415
SriLanka,LK43,,2023-06-05,2023-07-03,0,0.204713717711232,0.27087758833615955,0.3089598229971457,0.3857640460517382
SriLanka,LK43,,2023-06-12,2023-07-10,0,0.19669471266794242,0.256841906938838,0.3041868467310498,0.3768853232470026
SriLanka,LK43,,2023-06-19,2023-07-17,0,0.21378305958957125,0.23523350358470757,0.3346053104417082,0.35843919023176074
SriLanka,LK43,,2023-06-26,2023-07-24,0,0.17904835127787946,0.19314272711917885,0.2909739611403989,0.3064521595993511
SriLanka,LK43,,2023-07-03,2023-07-31,0,0.1297804501510262,0.16371764308808473,0.22377573912736162,0.2702625063310814
SriLanka,LK43,,2023-07-10,2023-08-07,0,0.09668078415779974,0.149419814377996,0.17358048457939668,0.25232692074415686
SriLanka,LK43,,2023-07-17,2023-08-14,0,0.0814315909025081,0.1410365490275271,0.1514982364681287,0.2444715579102696
SriLanka,LK43,,2023-07-24,2023-08-21,0,0.08126193693772406,0.1492983813480799,0.15196935332105058,0.25891660273790773
SriLanka,LK43,,2023-07-31,2023-08-28,1,0.06290309973794174,0.142979534397886,0.11932375605178273,0.2502646931745486
SriLanka,LK43,,2023-08-07,2023-09-04,0,0.05839415887819608,0.13027876559725404,0.11069708548216774,0.23018581998956789
SriLanka,LK43,,2023-08-14,2023-09-11,0,0.056028560782423104,0.10021150584644566,0.10911108296335405,0.18603691146860213
SriLanka,LK43,,2023-08-21,2023-09-18,0,0.05202362316120687,0.10376980782437932,0.10183854930684741,0.19242123750515389
SriLanka,LK43,,2023-08-28,2023-09-25,0,0.09477788312808917,0.16652329125499335,0.17810364217447416,0.2921750134730667
SriLanka,LK43,,2023-09-04,2023-10-02,0,0.09553154382979717,0.123445991148085,0.18064717507320158,0.22680328748969206
SriLanka,LK43,,2023-09-11,2023-10-09,0,0.10244679479911965,0.1336225792702928,0.19287571163842318,0.24308323335742527
SriLanka,LK43,,2023-09-18,2023-10-16,0,0.11638397472677559,0.14399427043659932,0.2181059947490392,0.26068671197883386
SriLanka,LK43,,2023-09-25,2023-10-23,0,0.1551494562914837,0.18301734952152374,0.2802419762666655,0.3184902910876078
SriLanka,LK43,,2023-10-02,2023-10-30,0,0.1602757285664284,0.1756101885713204,0.29005709221187054,0.3084044960796768
SriLanka,LK43,,2023-10-09,2023-11-06,0,0.21029706386678393,0.21664733767348052,0.36570709307639876,0.3683951870952001
SriLanka,LK43,,2023-10-16,2023-11-13,0,0.25633938478273904,0.2600231310176222,0.43015694786911307,0.42697021822366665
SriLanka,LK43,,2023-10-23,2023-11-20,0,0.3208130994530608,0.3004008047437791,0.5129265309570415,0.4798471169909377
SriLanka,LK43,,2023-10-30,2023-11-27,0,0.4156906374133534,0.32711327751619,0.6132180798344404,0.5112850307615668
SriLanka,LK43,,2023-11-06,2023-12-04,0,0.4754501187739704,0.35260098527900385,0.6715625553417659,0.5444831965778543
SriLanka,LK43,,2023-11-13,2023-12-11,0,0.5175863953906169,0.3546117775588989,0.7021258487222856,0.542947234067891
SriLanka,LK43,,2023-11-20,2023-12-18,1,0.5164349151349628,0.3674527354356941,0.697940000074175,0.5554616952132096
SriLanka,LK43,,2023-11-27,2023-12-25,1,0.5445750191164223,0.3618714423201266,0.7144067840505939,0.5428738210781414
SriLanka,LK43,,2023-12-04,2024-01-01,1,0.5050390214777458,0.3070206093458079,0.6867135466417246,0.4898509923451626
SriLanka,LK43,,2023-12-11,2024-01-08,1,0.5868504213475292,0.31692511423853326,0.7631345801333741,0.5165915559393088
SriLanka,LK43,,2023-12-18,2024-01-15,1,0.7866387708543277,0.5260909770449018,0.8990977663015918,0.7325475003715559
SriLanka,LK43,,2023-12-25,2024-01-22,1,0.8039192468983072,0.5167591050740772,0.9127243592675827,0.7363518802710688
SriLanka,LK43,,2024-01-01,2024-01-29,0,0.755900373992,0.484186280625682,0.8908835563769081,0.7179001258916115
SriLanka,LK43,,2024-01-08,2024-02-05,0,0.7237433363115316,0.5296685696916972,0.877040953511579,0.7608813590875304
SriLanka,LK43,,2024-01-15,2024-02-12,0,0.5586837737103396,0.34570533257055247,0.7745431055705347,0.6015617730503705
SriLanka,LK43,,2024-01-22,2024-02-19,0,0.5182927157930973,0.3175859947839606,0.7454305106166188,0.5739344363906284
SriLanka,LK43,,2024-01-29,2024-02-26,0,0.2670811663510279,0.14070424634929019,0.5014479002119739,0.3267379313855563
SriLanka,LK43,,2024-02-05,2024-03-04,0,0.20218606222927224,0.11611121082171014,0.4139936063609867,0.28404676272976526
SriLanka,LK43,,2024-02-12,2024-03-11,0,0.08884394610224923,0.07097450757486581,0.21511320694650912,0.19051185823923664
SriLanka,LK43,,2024-02-19,2024-03-18,0,0.07941032430925177,0.06746108806245026,0.19364211298803985,0.18335652839840816
SriLanka,LK43,,2024-02-26,2024-03-25,0,0.06779098590782778,0.0555732183945464,0.1642660515535305,0.15318339010185483
SriLanka,LK43,,2024-03-04,2024-04-01,0,0.07514086058971803,0.06273475488510684,0.17465971112329354,0.16789810091499302
SriLanka,LK43,,2024-03-11,2024-04-08,0,0.05592560819077467,0.06627207603632636,0.13159172896563856,0.17546465998622515
SriLanka,LK43,,2024-03-18,2024-04-15,0,0.054121609676891454,0.06333629432011954,0.12682969350054954,0.16836329035256678
SriLanka,LK43,,2024-03-25,2024-04-22,0,0.0423830301512823,0.06825331044604223,0.09882403368939091,0.1773874997726244
SriLanka,LK43,,2024-04-01,2024-04-29,0,0.03292161349404885,0.07467007036995704,0.0755410313768365,0.1877871993433229
SriLanka,LK43,,2024-04-08,2024-05-06,0,0.03657625821308252,0.08286541313952944,0.08127499564132151,0.20125731120041424
SriLanka,LK43,,2024-04-15,2024-05-13,0,0.0367744111224678,0.09520519282433398,0.07918437928066688,0.22101033555525237
SriLanka,LK43,,2024-04-22,2024-05-20,0,0.03801149768660195,0.1126125324386024,0.07852974471737216,0.24724846464503378
SriLanka,LK43,,2024-04-29,2024-05-27,0,0.038241912842940866,0.131638062170226,0.07737743073795192,0.27704261663028473
SriLanka,LK43,,2024-05-06,2024-06-03,0,0.06491179046891041,0.18275098057938705,0.1242659769150317,0.35340762790440355
SriLanka,LK43,,2024-05-13,2024-06-10,0,0.13215071610183565,0.19618134211576527,0.2308372597326807,0.3644772142755455
SriLanka,LK43,,2024-05-20,2024-06-17,0,0.2009818943770019,0.1932016978639865,0.3237159333337181,0.3519237497707158
SriLanka,LK43,,2024-05-27,2024-06-24,0,0.22507189529485483,0.20307320350141153,0.3447187399773056,0.3550941821046264
SriLanka,LK43,,2024-06-03,2024-07-01,0,0.31365767264930977,0.2403434878631865,0.4445561912019837,0.39422431513093287
SriLanka,LK43,,2024-06-10,2024-07-08,0,0.2615023654937696,0.22441613686132006,0.37273105255236333,0.36052930203270495
SriLanka,LK43,,2024-06-17,2024-07-15,0,0.20983031627682983,0.20132169425560803,0.2963168275392132,0.3166086180253014
SriLanka,LK43,,2024-06-24,2024-07-22,0,0.15939683671485083,0.18301905666179555,0.22176405471707453,0.28162304803391797
SriLanka,LK43,,2024-07-01,2024-07-29,0,0.1398040297197,0.19427128555697878,0.19218863430615613,0.29248933207784505
SriLanka,LK43,,2024-07-08,2024-08-05,0,0.1053183220865384,0.17301882539806165,0.14199300312386418,0.2587863887226984
SriLanka,LK43,,2024-07-15,2024-08-12,0,0.07675870204334682,0.14110807817218496,0.10256936035742144,0.21351251941915977
SriLanka,LK43,,2024-07-22,2024-08-19,0,0.06540378457592039,0.14928901048144957,0.08716441831353276,0.22480518246664782
SriLanka,LK43,,2024-07-29,2024-08-26,0,0.06104167657153033,0.1184232130758828,0.08130800583907877,0.18142321326701571
SriLanka,LK43,,2024-08-05,2024-09-02,0,0.06372942827991174,0.10065533490417723,0.08557602900501203,0.15742041708549542
SriLanka,LK43,,2024-08-12,2024-09-09,0,0.105677537217702,0.11737444715008657,0.13639733987129302,0.17815644290045576
SriLanka,LK43,,2024-08-19,2024-09-16,0,0.13245043898251405,0.1145586097033867,0.17058918272130194,0.17482219097076365
SriLanka,LK43,,2024-08-26,2024-09-23,0,0.117802903695018,0.09855038953889217,0.15353623031155622,0.1521462503058943
SriLanka,LK43,,2024-09-02,2024-09-30,0,0.10117637644051514,0.10225988765762357,0.13258504747041333,0.1571423172071503
SriLanka,LK43,,2024-09-09,2024-10-07,0,0.09050064149123746,0.11373929280395224,0.1181110039997831,0.17228571393944497
SriLanka,LK43,,2024-09-16,2024-10-14,0,0.08091961604179852,0.1335283772596453,0.10632967596596109,0.2005552350723773
SriLanka,LK43,,2024-09-23,2024-10-21,0,0.0743548661715784,0.13772976254376218,0.09878550399109742,0.20831814017311187
SriLanka,LK43,,2024-09-30,2024-10-28,0,0.07796991002007041,0.1564608069470834,0.10347872608148297,0.2343953782163613
SriLanka,LK43,,2024-10-07,2024-11-04,0,0.12284179671234738,0.1872156179874113,0.1595851096778899,0.2744225040972776
SriLanka,LK43,,2024-10-14,2024-11-11,0,0.20547676444843974,0.2395527900214178,0.2579875300416197,0.33931213668475146
SriLanka,LK43,,2024-10-21,2024-11-18,0,0.2551791781640914,0.2532784643157362,0.30986244612443525,0.35069572342530797
SriLanka,LK43,,2024-10-28,2024-11-25,0,0.28497786572980455,0.275937089307062,0.3381182933225579,0.37190462435703875
SriLanka,LK43,,2024-11-04,2024-12-02,0,0.32651179964044347,0.3063603751753446,0.3790489178710894,0.4002226133922007
SriLanka,LK43,,2024-11-11,2024-12-09,0,0.35208442387038674,0.3010258060068579,0.4150377069553348,0.3992299389372852
SriLanka,LK43,,2024-11-18,2024-12-16,0,0.4905644829743481,0.3599592554199933,0.5582732643090424,0.46317758877561777
SriLanka,LK43,,2024-11-25,2024-12-23,0,0.6567295711630506,0.3421299462203825,0.7186067469349448,0.4453325295882315
SriLanka,LK43,,2024-12-02,2024-12-30,0,0.6063781099153163,0.31485907427273424,0.6665940265866922,0.40644038238522706
SriLanka,LK43,,2024-12-09,2025-01-06,0,0.5276686954870675,0.3022639929417786,0.5768195202086509,0.3760928756164245
SriLanka,LK43,,2024-12-16,2025-01-13,0,0.4600270058979204,0.27966218771995677,0.49589840664857276,0.3370187419036994
SriLanka,LK43,,2024-12-23,2025-01-20,0,0.40186484464875627,0.22123740989247012,0.41943522156655416,0.2570896110660168
SriLanka,LK43,,2024-12-30,2025-01-27,0,0.29614478110070436,0.18963854080053422,0.30304857091794696,0.21573653151936242
SriLanka,LK43,,2025-01-06,2025-02-03,0,0.2260866868077102,0.14438018056856705,0.22358055034134167,0.16003759041963925
SriLanka,LK43,,2025-01-13,2025-02-10,0,0.20053698334924958,0.11522672703259884,0.19388941071492602,0.12486221928117278
SriLanka,LK43,,2025-01-20,2025-02-17,0,0.14452761213206058,0.0911651072733723,0.1378948745661008,0.09755888598533105
SriLanka,LK43,,2025-01-27,2025-02-24,0,0.10684949493874006,0.0803733941023896,0.09886534862349085,0.08344587425510834
SriLanka,LK43,,2025-02-03,2025-03-03,0,0.1014590182543111,0.06494361292906235,0.09250620145043427,0.06618757951313518
SriLanka,LK43,,2025-02-10,2025-03-10,0,0.09755054090715812,0.056633072346318675,0.08537172969332635,0.055008151368036995
SriLanka,LK43,,2025-02-17,2025-03-17,0,0.0883318672950395,0.04612266693071429,0.07623658902347223,0.04395336750071751
SriLanka,LK43,,2025-02-24,2025-03-24,0,0.09323225200698618,0.05681036301271473,0.0819227342551262,0.054598880506139
SriLanka,LK43,,2025-03-03,2025-03-31,0,0.0686751072363258,0.04622356826395812,0.05986980528120624,0.043852586496980164
SriLanka,LK43,,2025-03-10,2025-04-07,0,0.07057031780361381,0.049478983517669925,0.06250582582366858,0.04749154177469426
SriLanka,LK43,,2025-03-17,2025-04-14,0,0.06842186249362364,0.05247871031563796,0.05979283379115723,0.0497632864820591
SriLanka,LK43,,2025-03-24,2025-04-21,0,0.07825487813748493,0.06220012209635856,0.06826310894566619,0.058940344448288114
SriLanka,LK43,,2025-03-31,2025-04-28,0,0.09979606915692958,0.07876486310362099,0.08919686198427144,0.07645282003337313
SriLanka,LK43,,2025-04-07,2025-05-05,0,0.1140756123445672,0.08296120105553496,0.10435741575956153,0.08227264301746944
SriLanka,LK43,,2025-04-14,2025-05-12,0,0.13189638628042408,0.12461749792975982,0.1242210517716375,0.1270681564075411
SriLanka,LK43,,2025-04-21,2025-05-19,0,0.10212718378191399,0.12745416626277503,0.09774596846919568,0.13223065275631343
SriLanka,LK43,,2025-04-28,2025-05-26,0,0.12934141661333523,0.16289011480613239,0.1279519932517745,0.17402457998204623
SriLanka,LK43,,2025-05-05,2025-06-02,0,0.1070283955964189,0.15866439469872046,0.11018343996977838,0.17664350458264425
SriLanka,LK43,,2025-05-12,2025-06-09,0,0.11450177524140957,0.19418291619570813,0.11894242992865028,0.21844120632328423
SriLanka,LK43,,2025-05-19,2025-06-16,0,0.15352409769521838,0.20706020594940888,0.1597335163854317,0.23500048389387146
SriLanka,LK43,,2025-05-26,2025-06-23,0,0.1574396856111884,0.21202517483069777,0.16703822515438768,0.24628298713472366
SriLanka,LK43,,2025-06-02,2025-06-30,0,0.1643724240546807,0.2497071758068923,0.17763018707805764,0.29403055269649325
SriLanka,LK43,,2025-06-09,2025-07-07,0,0.17136469667535323,0.22749778719037586,0.19099526078183343,0.2778944476540539
SriLanka,LK43,,2025-06-16,2025-07-14,0,0.18014903695922316,0.2346639868933845,0.20586287122599825,0.29212054063582865
SriLanka,LK43,,2025-06-23,2025-07-21,0,0.14268662136295163,0.2097347871932598,0.16989551858367596,0.27002976914391835
SriLanka,LK43,,2025-06-30,2025-07-28,0,0.1031691500275239,0.19591404898581533,0.12741457659066655,0.2580015508196496
SriLanka,LK43,,2025-07-07,2025-08-04,0,0.06732231573520658,0.16485746440306615,0.0865700095401423,0.22298458543230115
SriLanka,LK43,,2025-07-14,2025-08-11,0,0.06808252459520182,0.15475490188440236,0.08846616225851514,0.21016922981172748
SriLanka,LK43,,2025-07-21,2025-08-18,0,0.07523535420144975,0.12005841270724228,0.09897829826839437,0.1664334518509072
SriLanka,LK43,,2025-07-28,2025-08-25,0,0.07073898637972217,0.11058244762595305,0.09461855850674683,0.15525797470448074
SriLanka,LK43,,2025-08-04,2025-09-01,0,0.07450448079066645,0.09610841286630535,0.09822250215254925,0.1334504017013197
SriLanka,LK43,,2025-08-11,2025-09-08,0,0.08552291273739233,0.10160578234238464,0.11174460739621243,0.13956764901569815
SriLanka,LK43,,2025-08-18,2025-09-15,0,0.07415432763261491,0.10620446923259744,0.09501959569673143,0.14225098320621865
SriLanka,LK43,,2025-08-25,2025-09-22,0,0.0583875886447103,0.0961764839322374,0.07302190912054064,0.12592393700376414
SriLanka,LK43,,2025-09-01,2025-09-29,0,0.050824772331998516,0.09704019711734133,0.06273196486296691,0.1251945513632801
SriLanka,LK43,,2025-09-08,2025-10-06,0,0.06819362557792247,0.11590721231109598,0.08384637945461733,0.1487670317056559
SriLanka,LK43,,2025-09-15,2025-10-13,0,0.08014969709930303,0.1279098833105843,0.09844086864336284,0.1638203283025967
SriLanka,LK43,,2025-09-22,2025-10-20,0,0.09106902066110809,0.13668475070398656,0.11154875629441934,0.17431860087904993
SriLanka,LK43,,2025-09-29,2025-10-27,0,0.09370538819955905,0.15445061902598314,0.11477503606996313,0.195556925084063
SriLanka,LK43,,2025-10-06,2025-11-03,0,0.14760633461654576,0.21626667673913208,0.17794918494114306,0.26728336330381824
SriLanka,LK43,,2025-10-13,2025-11-10,0,0.1967205510508542,0.2375054239684082,0.23252335206371177,0.2885024736119869
SriLanka,LK43,,2025-10-20,2025-11-17,0,0.23576332727855137,0.24411390002886213,0.27593463215664527,0.2945528818368077
SriLanka,LK43,,2025-10-27,2025-11-24,0,0.2791890710042248,0.27060933628390005,0.32562580747228587,0.3253951178446591
SriLanka,LK43,,2025-11-03,2025-12-01,0,0.3202979726290147,0.29619947497311644,0.3710034560847297,0.35409587637186696
SriLanka,LK43,,2025-11-10,2025-12-08,0,0.3636782999249038,0.32075620641861197,0.41652432162844183,0.37942238814632917
SriLanka,LK43,,2025-11-17,2025-12-15,0,0.3688321050468217,0.3002402031301032,0.42427751128540675,0.3594526756018158
SriLanka,LK44,,2023-01-02,2023-01-30,0,0.3227203625762675,0.21598072133632412,0.2850467257146048,0.1923626602259971
SriLanka,LK44,,2023-01-09,2023-02-06,0,0.24864176147027378,0.1919489033000942,0.21892754715939916,0.17027850640811346
SriLanka,LK44,,2023-01-16,2023-02-13,0,0.16914773926577323,0.1475614230018296,0.15574227305416324,0.13657036938132053
SriLanka,LK44,,2023-01-23,2023-02-20,1,0.13635810187313915,0.1238287105968427,0.12868705697887772,0.11717556988437101
SriLanka,LK44,,2023-01-30,2023-02-27,0,0.15221214497568844,0.09845261119173457,0.14890635417153245,0.09614726880362244
SriLanka,LK44,,2023-02-06,2023-03-06,0,0.10443858101436582,0.0789832627687111,0.1036418989007952,0.07812700718782484
SriLanka,LK44,,2023-02-13,2023-03-13,0,0.09416406379597325,0.06738468778344675,0.09808736971998891,0.06965106826527517
SriLanka,LK44,,2023-02-20,2023-03-20,0,0.10812327441169851,0.07707090222050628,0.11575744920467669,0.08135849178144966
SriLanka,LK44,,2023-02-27,2023-03-27,0,0.10716099286921293,0.06313908996988932,0.11842857464479589,0.0686444274651627
SriLanka,LK44,,2023-03-06,2023-04-03,1,0.1322197755641499,0.0711348531684505,0.15110720586064091,0.0800973816186052
SriLanka,LK44,,2023-03-13,2023-04-10,0,0.12331508135921579,0.07026156914748245,0.14380893943945933,0.0807140157814617
SriLanka,LK44,,2023-03-20,2023-04-17,1,0.10377876106052517,0.07917356056492011,0.1242775398777166,0.09312922774583515
SriLanka,LK44,,2023-03-27,2023-04-24,1,0.09358094209169655,0.08042125391550321,0.11544414661013064,0.09740932082319342
SriLanka,LK44,,2023-04-03,2023-05-01,0,0.11077263759606289,0.11649657052754324,0.1389926598154408,0.14328532713934652
SriLanka,LK44,,2023-04-10,2023-05-08,0,0.10950113599919359,0.12470567481084487,0.1398704111110877,0.15610565857831513
SriLanka,LK44,,2023-04-17,2023-05-15,1,0.1230059640357945,0.18033162818686796,0.16131509916785655,0.2285741385631506
SriLanka,LK44,,2023-04-24,2023-05-22,0,0.18372239761714546,0.24776779576049843,0.23873650523804832,0.3101631100104487
SriLanka,LK44,,2023-05-01,2023-05-29,1,0.2603352326053425,0.22709050731303604,0.3359961793201416,0.2921341783453341
SriLanka,LK44,,2023-05-08,2023-06-05,1,0.26251375219736234,0.24998705972582247,0.34462718198830544,0.3242472754112357
SriLanka,LK44,,2023-05-15,2023-06-12,1,0.27650391765849136,0.2901272008753659,0.3693243206994435,0.37853052887805905
SriLanka,LK44,,2023-05-22,2023-06-19,1,0.25493359154436496,0.28752621014977675,0.3555275961560747,0.38631654875880417
SriLanka,LK44,,2023-05-29,2023-06-26,1,0.3498983582504587,0.4740564786623695,0.47548876705219895,0.5934024237372917
SriLanka,LK44,,2023-06-05,2023-07-03,0,0.25058622731445307,0.39401236647677235,0.3674004381859227,0.5236184334941726
SriLanka,LK44,,2023-06-12,2023-07-10,1,0.2645882489192309,0.4187893523859964,0.3911185786839245,0.557719842303302
SriLanka,LK44,,2023-06-19,2023-07-17,0,0.35391085122323573,0.4721227764863171,0.503237412088221,0.6189802835084419
SriLanka,LK44,,2023-06-26,2023-07-24,0,0.2849308927341162,0.38213840826602763,0.42849781553685795,0.5330709448453861
SriLanka,LK44,,2023-07-03,2023-07-31,0,0.19088166221140038,0.28472860064684774,0.3132029938343938,0.42957295532720613
SriLanka,LK44,,2023-07-10,2023-08-07,1,0.24602434519875938,0.3991490660928774,0.3903766163407668,0.5606761434371266
SriLanka,LK44,,2023-07-17,2023-08-14,0,0.1371489182044747,0.26022742730875886,0.24250035806455228,0.4094116810693449
SriLanka,LK44,,2023-07-24,2023-08-21,0,0.09494813637850841,0.19516522064751526,0.1752920322404846,0.3255716019982329
SriLanka,LK44,,2023-07-31,2023-08-28,1,0.05828681050039218,0.14616504049055,0.1110576144308283,0.25512889226922225
SriLanka,LK44,,2023-08-07,2023-09-04,0,0.07574847068992972,0.18643537750241643,0.14126346073229404,0.3138660186657111
SriLanka,LK44,,2023-08-14,2023-09-11,0,0.07019707736496249,0.13593840406770352,0.1347864228382264,0.24406231121055783
SriLanka,LK44,,2023-08-21,2023-09-18,0,0.06757162049107061,0.13680612808691572,0.1302292038072815,0.2459359902474017
SriLanka,LK44,,2023-08-28,2023-09-25,0,0.08531725548481851,0.1558860175418749,0.16181231232854795,0.2761708342783922
SriLanka,LK44,,2023-09-04,2023-10-02,0,0.10391098497787299,0.15513507891501055,0.19488379361960523,0.27665072780052163
SriLanka,LK44,,2023-09-11,2023-10-09,1,0.10517955018465357,0.1598755370190189,0.19748989167264897,0.28379740941545417
SriLanka,LK44,,2023-09-18,2023-10-16,0,0.1136278099825238,0.16380515224781378,0.2135229985582741,0.29109272220943067
SriLanka,LK44,,2023-09-25,2023-10-23,0,0.14252337622096714,0.19761427876205723,0.26057566455150905,0.33940339917046264
SriLanka,LK44,,2023-10-02,2023-10-30,0,0.15418839209279514,0.21083581763739437,0.28068823632377293,0.3586779319674196
SriLanka,LK44,,2023-10-09,2023-11-06,0,0.23630546672788472,0.2875421118227992,0.40117180347641623,0.45980020361365964
SriLanka,LK44,,2023-10-16,2023-11-13,0,0.29472605841780875,0.31791068350693447,0.47784742534249774,0.49705872661741757
SriLanka,LK44,,2023-10-23,2023-11-20,0,0.37338573646511763,0.3582500692958164,0.5705354675428632,0.5453171267179601
SriLanka,LK44,,2023-10-30,2023-11-27,1,0.43396094907499455,0.36503557173930035,0.6307976683225112,0.5530110452320656
SriLanka,LK44,,2023-11-06,2023-12-04,0,0.49449769299598156,0.3696300094750464,0.6881595877213792,0.5627242770411883
SriLanka,LK44,,2023-11-13,2023-12-11,1,0.5926589196788937,0.3727879159614119,0.7617023151140145,0.5623651909148721
SriLanka,LK44,,2023-11-20,2023-12-18,1,0.5639180330854389,0.37336088183535765,0.736687607654282,0.5617083793183997
SriLanka,LK44,,2023-11-27,2023-12-25,1,0.6432110308533817,0.4228607792345229,0.7904164895366358,0.6054264889534611
SriLanka,LK44,,2023-12-04,2024-01-01,1,0.5899720255798104,0.3796620602204662,0.7555605417824962,0.5701592517096716
SriLanka,LK44,,2023-12-11,2024-01-08,1,0.7382606601428585,0.4057510944453822,0.8648218320120851,0.6112979141464597
SriLanka,LK44,,2023-12-18,2024-01-15,1,0.8438873843723571,0.5614767253114364,0.9288990004705473,0.7595629423555905
SriLanka,LK44,,2023-12-25,2024-01-22,1,0.9339740447490364,0.777515760911997,0.9730326565263359,0.901257795407488
SriLanka,LK44,,2024-01-01,2024-01-29,1,0.933083987740858,0.8042729971470808,0.9735198267528619,0.9176292605267471
SriLanka,LK44,,2024-01-08,2024-02-05,1,0.9094532741268256,0.8082096005873918,0.964721763668078,0.9225223490282339
SriLanka,LK44,,2024-01-15,2024-02-12,1,0.9123896629891897,0.8481400075193086,0.96582507567404,0.9410349023982261
SriLanka,LK44,,2024-01-22,2024-02-19,1,0.8554010524940752,0.7450402919946221,0.9415189076514081,0.8942722241022145
SriLanka,LK44,,2024-01-29,2024-02-26,0,0.5995852681755752,0.4382953657136223,0.8051833776696748,0.6981267948347504
SriLanka,LK44,,2024-02-05,2024-03-04,1,0.6325209577845314,0.520540552134632,0.8275345499585264,0.7662963847478778
SriLanka,LK44,,2024-02-12,2024-03-11,1,0.2644227287392023,0.26282016291844695,0.5025877715262435,0.5234243061385736
SriLanka,LK44,,2024-02-19,2024-03-18,0,0.21057257300320364,0.21034785224036323,0.42614244968194986,0.4525828907843148
SriLanka,LK44,,2024-02-26,2024-03-25,0,0.12001472182460148,0.10019115374653509,0.2693376052122018,0.2550088650065511
SriLanka,LK44,,2024-03-04,2024-04-01,1,0.1463634330559568,0.11858754143636818,0.30872389354629376,0.28855319729004003
SriLanka,LK44,,2024-03-11,2024-04-08,0,0.12097362680683382,0.1275506551889019,0.2603755492969353,0.30475483592236474
SriLanka,LK44,,2024-03-18,2024-04-15,0,0.0969120404095921,0.09843515025093882,0.21409414593367615,0.24635648514378852
SriLanka,LK44,,2024-03-25,2024-04-22,0,0.07230845585440934,0.09432772174332335,0.1618647877527996,0.23465398814393276
SriLanka,LK44,,2024-04-01,2024-04-29,0,0.06729319110642076,0.1215020036243574,0.14761706259909074,0.2838050518319938
SriLanka,LK44,,2024-04-08,2024-05-06,0,0.07206669251983669,0.14145160004418242,0.15323865735662479,0.3148150264291021
SriLanka,LK44,,2024-04-15,2024-05-13,0,0.06790708207164634,0.1600015704799661,0.14096626798011838,0.3393188767529138
SriLanka,LK44,,2024-04-22,2024-05-20,0,0.06682991034324663,0.17418444291242813,0.13379463582738083,0.3531390568620373
SriLanka,LK44,,2024-04-29,2024-05-27,0,0.06368574903853129,0.21456059687859502,0.12546290363986454,0.40847393645442376
SriLanka,LK44,,2024-05-06,2024-06-03,0,0.08706292682812576,0.24383087752790458,0.1631380445530087,0.4407633198889338
SriLanka,LK44,,2024-05-13,2024-06-10,0,0.1656199464199481,0.24049406437132664,0.2812018333664808,0.4266279738732103
SriLanka,LK44,,2024-05-20,2024-06-17,0,0.24489872508674743,0.24752129469526643,0.38164186249590715,0.4272375404244838
SriLanka,LK44,,2024-05-27,2024-06-24,0,0.257043717098464,0.27111188976165607,0.3852374099548062,0.4455879464048597
SriLanka,LK44,,2024-06-03,2024-07-01,0,0.2887517852208276,0.2632893662548386,0.4155494211713037,0.42366795936199736
SriLanka,LK44,,2024-06-10,2024-07-08,1,0.2337264980133035,0.25317427302739876,0.3385570232798922,0.397783934904499
SriLanka,LK44,,2024-06-17,2024-07-15,0,0.19942754559104842,0.255184249033283,0.2831628539885209,0.38639333482065036
SriLanka,LK44,,2024-06-24,2024-07-22,0,0.15251880722127614,0.2449352965379129,0.21287637558357927,0.36211207353304226
SriLanka,LK44,,2024-07-01,2024-07-29,0,0.12026027350857023,0.2256548130140602,0.16674133594785598,0.3331784430198685
SriLanka,LK44,,2024-07-08,2024-08-05,0,0.1084598110544589,0.2325506144203423,0.14604986422763655,0.3358442894213242
SriLanka,LK44,,2024-07-15,2024-08-12,0,0.07877670812600737,0.18115049584949422,0.1051886232056234,0.26769741448886447
SriLanka,LK44,,2024-07-22,2024-08-19,0,0.059927561484508,0.16815621352949162,0.08002219344393109,0.2504069401506257
SriLanka,LK44,,2024-07-29,2024-08-26,0,0.06709404487371207,0.15208377643673826,0.08917896018131714,0.2283524439505005
SriLanka,LK44,,2024-08-05,2024-09-02,0,0.08830371070982541,0.14544467534581648,0.1175170709231592,0.2212547268457561
SriLanka,LK44,,2024-08-12,2024-09-09,0,0.11138317601425919,0.1359343581606653,0.14349544839816192,0.20410498202275984
SriLanka,LK44,,2024-08-19,2024-09-16,1,0.12736813196065427,0.12579146669974028,0.164320625450266,0.1906915034875256
SriLanka,LK44,,2024-08-26,2024-09-23,0,0.1371434233647825,0.14452510578752759,0.177562551614709,0.21710231502697525
SriLanka,LK44,,2024-09-02,2024-09-30,0,0.12258776891046518,0.1570573758567669,0.15946403800306524,0.2336936734880205
SriLanka,LK44,,2024-09-09,2024-10-07,0,0.10697887351675565,0.17390496231656055,0.1388490050354137,0.25452691629530494
SriLanka,LK44,,2024-09-16,2024-10-14,0,0.10437046059613621,0.2183815475673139,0.13605435512874683,0.31263364741454547
SriLanka,LK44,,2024-09-23,2024-10-21,0,0.09820250057121849,0.21429079003432505,0.12937356525789956,0.3100103686970636
SriLanka,LK44,,2024-09-30,2024-10-28,0,0.10747574627450915,0.23518869979249546,0.1411598859786776,0.3366862357003654
SriLanka,LK44,,2024-10-07,2024-11-04,1,0.1645128157277481,0.2610102457835812,0.2107260051868077,0.3670673895900357
SriLanka,LK44,,2024-10-14,2024-11-11,0,0.23020918137088817,0.2825027182104529,0.28675925965573607,0.3909527431578882
SriLanka,LK44,,2024-10-21,2024-11-18,1,0.30714248409592254,0.3222123710942163,0.3674673552271238,0.43084538970863573
SriLanka,LK44,,2024-10-28,2024-11-25,1,0.3444899463298795,0.35499481109807973,0.4024810984308421,0.46095356626221223
SriLanka,LK44,,2024-11-04,2024-12-02,0,0.4187686404161278,0.42066495311864766,0.47566600444611373,0.5231355962705599
SriLanka,LK44,,2024-11-11,2024-12-09,1,0.447721864837264,0.40570826277791305,0.5142041318279178,0.5129988445443724
SriLanka,LK44,,2024-11-18,2024-12-16,0,0.6547887010941611,0.4455049617626727,0.7134214288257413,0.5520939486530511
SriLanka,LK44,,2024-11-25,2024-12-23,1,0.817448834258193,0.4434895416280925,0.8566776168537557,0.551629700353333
SriLanka,LK44,,2024-12-02,2024-12-30,1,0.7289360706681405,0.3750963024377674,0.7772892497384721,0.47212499200267294
SriLanka,LK44,,2024-12-09,2025-01-06,0,0.6665225848515768,0.420328546883422,0.7091875776504553,0.5022374387904853
SriLanka,LK44,,2024-12-16,2025-01-13,0,0.5288749728912479,0.347604764678075,0.5645024955378322,0.410946309642457
SriLanka,LK44,,2024-12-23,2025-01-20,1,0.5334686984571844,0.33642388126525186,0.5514878178728482,0.38179117223475634
SriLanka,LK44,,2024-12-30,2025-01-27,0,0.42232200144900217,0.25977299047436353,0.4303687143350999,0.292044439970828
SriLanka,LK44,,2025-01-06,2025-02-03,0,0.33513301466431117,0.19691526197453843,0.33193656229418594,0.2168261238066106
SriLanka,LK44,,2025-01-13,2025-02-10,0,0.308926429108598,0.14979300311355104,0.30003429893804084,0.16179043756519618
SriLanka,LK44,,2025-01-20,2025-02-17,0,0.2513794241167779,0.1503277357158214,0.24122572985312088,0.1601397065004757
SriLanka,LK44,,2025-01-27,2025-02-24,0,0.15192887973573832,0.10738933194151576,0.1411084378914666,0.11136949641143822
SriLanka,LK44,,2025-02-03,2025-03-03,0,0.1517119661359642,0.09380748401828716,0.1390108201837475,0.09554783048372434
SriLanka,LK44,,2025-02-10,2025-03-10,1,0.1374013499005135,0.08183349801129944,0.12091391859494545,0.07954649343975015
SriLanka,LK44,,2025-02-17,2025-03-17,0,0.11926236096401442,0.06715048981275136,0.1034121908105017,0.06405860107667137
SriLanka,LK44,,2025-02-24,2025-03-24,0,0.10818441550389722,0.06488900199176169,0.09525165668983641,0.06238383886474521
SriLanka,LK44,,2025-03-03,2025-03-31,0,0.09953234132222347,0.06593742738843357,0.08714081175842485,0.06262163894097159
SriLanka,LK44,,2025-03-10,2025-04-07,0,0.11943159192809444,0.081670352176522,0.10642277883239983,0.07849665018803935
SriLanka,LK44,,2025-03-17,2025-04-14,0,0.09741741455496297,0.07391057725192754,0.08546709830545336,0.07016832034221787
SriLanka,LK44,,2025-03-24,2025-04-21,0,0.10492811785973741,0.08101143227730331,0.091870091391989,0.07684657829776308
SriLanka,LK44,,2025-03-31,2025-04-28,0,0.13867263519136222,0.10568603399292062,0.1245155239167649,0.1026718260106576
SriLanka,LK44,,2025-04-07,2025-05-05,0,0.1605049580873996,0.13241279284088261,0.14748989964579304,0.13137259651413352
SriLanka,LK44,,2025-04-14,2025-05-12,0,0.13287635821345592,0.14633176733359018,0.12515221841538932,0.1491366961259858
SriLanka,LK44,,2025-04-21,2025-05-19,0,0.10607587400539192,0.1580805582946529,0.10154441934650708,0.16378935222681607
SriLanka,LK44,,2025-04-28,2025-05-26,0,0.13694244534488031,0.20638280280339683,0.13548407553305136,0.2197099466539212
SriLanka,LK44,,2025-05-05,2025-06-02,1,0.13011891380486382,0.22648704655168175,0.1338526033706997,0.24986902516696882
SriLanka,LK44,,2025-05-12,2025-06-09,0,0.13793514152313605,0.26435044496899734,0.1431376938756108,0.29417438214224295
SriLanka,LK44,,2025-05-19,2025-06-16,0,0.17078636102550387,0.2682201352146865,0.1775475231204375,0.3012775578056481
SriLanka,LK44,,2025-05-26,2025-06-23,1,0.1693089252755175,0.280731141688818,0.17947694809891937,0.3215598828309273
SriLanka,LK44,,2025-06-02,2025-06-30,0,0.1778289276265591,0.3310476162222715,0.1919227700272158,0.38244948024023473
SriLanka,LK44,,2025-06-09,2025-07-07,0,0.1781663377622,0.3090334709367611,0.19838951552318482,0.3688677157045148
SriLanka,LK44,,2025-06-16,2025-07-14,0,0.1587949229682001,0.27598793019535983,0.18213789204703856,0.3390797382621296
SriLanka,LK44,,2025-06-23,2025-07-21,0,0.1482750846120036,0.28063155519641103,0.176330461832153,0.3522239574700167
SriLanka,LK44,,2025-06-30,2025-07-28,0,0.10799606273566058,0.25544670400046526,0.1332073581554911,0.32868865403042397
SriLanka,LK44,,2025-07-07,2025-08-04,0,0.07052663417658163,0.20218935316412154,0.09060146059172698,0.2692358483566481
SriLanka,LK44,,2025-07-14,2025-08-11,0,0.06900998753521052,0.17201577757785896,0.08964459297723558,0.23191499863485696
SriLanka,LK44,,2025-07-21,2025-08-18,0,0.08886377492139184,0.15433630846605598,0.11636641100327308,0.21078026625762689
SriLanka,LK44,,2025-07-28,2025-08-25,0,0.08529214209463931,0.13985950782424383,0.11348450472689561,0.19378594716236583
SriLanka,LK44,,2025-08-04,2025-09-01,0,0.09313750674050031,0.12821971410094712,0.12200527329248029,0.17561421073714792
SriLanka,LK44,,2025-08-11,2025-09-08,0,0.09660704299866131,0.12251331623252303,0.12575982265244492,0.1668360142640055
SriLanka,LK44,,2025-08-18,2025-09-15,0,0.08169635290376279,0.12076609527265211,0.10444436915068689,0.16086540526410198
SriLanka,LK44,,2025-08-25,2025-09-22,0,0.07496456407759497,0.13209057930272222,0.09334188190936035,0.1708465332271057
SriLanka,LK44,,2025-09-01,2025-09-29,0,0.06698489907838986,0.13261868070461907,0.08234960635629227,0.16916163598727896
SriLanka,LK44,,2025-09-08,2025-10-06,0,0.09346421701113085,0.1635340877373744,0.11420649904631391,0.2067387682943559
SriLanka,LK44,,2025-09-15,2025-10-13,0,0.11148656222489622,0.18742123079796894,0.135872844580712,0.23552708883816426
SriLanka,LK44,,2025-09-22,2025-10-20,0,0.11577488743455454,0.1913835809902513,0.1409489563875323,0.23989293920262586
SriLanka,LK44,,2025-09-29,2025-10-27,0,0.12534143452989235,0.2229168201149436,0.15232883968567448,0.27629089454097583
SriLanka,LK44,,2025-10-06,2025-11-03,0,0.16020346857739573,0.24311185093311136,0.19255089881086376,0.2980529182549557
SriLanka,LK44,,2025-10-13,2025-11-10,0,0.225101410463098,0.2738328738990683,0.264369523464834,0.32926183367235706
SriLanka,LK44,,2025-10-20,2025-11-17,1,0.2860213116479491,0.30008898220556957,0.3310465677497485,0.35663677064038146
SriLanka,LK44,,2025-10-27,2025-11-24,0,0.3361589675307649,0.349004187631644,0.3869841276369034,0.4107240514583717
SriLanka,LK44,,2025-11-03,2025-12-01,0,0.34714869505687906,0.357292911100917,0.39960582061461536,0.42000455840728684
SriLanka,LK44,,2025-11-10,2025-12-08,0,0.43107254729490785,0.4067437098809189,0.48622851578718623,0.47024891868371094
SriLanka,LK44,,2025-11-17,2025-12-15,1,0.5557555554370404,0.4590540807727103,0.6120520023621044,0.5260420475372679
SriLanka,LK45,,2023-01-02,2023-01-30,1,0.3328095662222041,0.2104254658766212,0.29447022307469095,0.18726978430495095
SriLanka,LK45,,2023-01-09,2023-02-06,0,0.2552778452953076,0.18624531474980804,0.22500807254122812,0.16508728011248203
SriLanka,LK45,,2023-01-16,2023-02-13,0,0.19996168454292568,0.16190347005504502,0.18465687674555212,0.1500321725789253
SriLanka,LK45,,2023-01-23,2023-02-20,0,0.1230078541576543,0.09922890708476463,0.1159869844486706,0.09375604700475977
SriLanka,LK45,,2023-01-30,2023-02-27,0,0.15446329621918786,0.11412465047247841,0.1511173290185116,0.11149772030010492
SriLanka,LK45,,2023-02-06,2023-03-06,0,0.09492657552331724,0.08130348696002149,0.09419482141450077,0.08042427431938776
SriLanka,LK45,,2023-02-13,2023-03-13,0,0.0838936381069201,0.06721129854900276,0.08743033279285502,0.06947228176316615
SriLanka,LK45,,2023-02-20,2023-03-20,0,0.07102814528133597,0.04802882906423337,0.07626714488070056,0.05078966851598247
SriLanka,LK45,,2023-02-27,2023-03-27,0,0.10541632381831864,0.06110504429481278,0.11652440156836417,0.0664456043577278
SriLanka,LK45,,2023-03-06,2023-04-03,0,0.10614723166588398,0.05539603710278968,0.12183312776324674,0.06250902461231798
SriLanka,LK45,,2023-03-13,2023-04-10,0,0.10566009169354641,0.06224942838138844,0.12363362783428417,0.07160174409457384
SriLanka,LK45,,2023-03-20,2023-04-17,0,0.08043708782855083,0.06290801151919043,0.09682343005685945,0.07422771768592398
SriLanka,LK45,,2023-03-27,2023-04-24,0,0.0831252670824184,0.07826225883499034,0.10282282621986999,0.09484129913125794
SriLanka,LK45,,2023-04-03,2023-05-01,0,0.073517146537611,0.0794226900898306,0.09324130005286724,0.09863798506400873
SriLanka,LK45,,2023-04-10,2023-05-08,0,0.07901010963011824,0.09219898297644297,0.10189052250702516,0.11650345101361839
SriLanka,LK45,,2023-04-17,2023-05-15,0,0.07844567288866393,0.11448015196556736,0.10453103591002579,0.14829318437473132
SriLanka,LK45,,2023-04-24,2023-05-22,0,0.1071057796498684,0.13959010160155105,0.14320252524712798,0.18130922954164122
SriLanka,LK45,,2023-05-01,2023-05-29,0,0.1424795648672402,0.14336221377845454,0.19281719083434137,0.1903297727395674
SriLanka,LK45,,2023-05-08,2023-06-05,0,0.17472968725698193,0.1791291368909765,0.23825543315251993,0.23904938181003854
SriLanka,LK45,,2023-05-15,2023-06-12,0,0.18145346443277427,0.1925912790192855,0.2535481330982074,0.2622545004340108
SriLanka,LK45,,2023-05-22,2023-06-19,0,0.1931443263787051,0.22065228497891398,0.27846953093166066,0.3063451175321669
SriLanka,LK45,,2023-05-29,2023-06-26,0,0.17370346931763733,0.2298343267181308,0.26148941514633206,0.32578075921331584
SriLanka,LK45,,2023-06-05,2023-07-03,0,0.15013931620713675,0.2377832220194408,0.2347995117250691,0.34528040371770796
SriLanka,LK45,,2023-06-12,2023-07-10,0,0.1343230334196665,0.21929084060645823,0.21693443363155226,0.32956672153397476
SriLanka,LK45,,2023-06-19,2023-07-17,0,0.1815844654926222,0.2324434800334713,0.2909433190659236,0.35486593706091574
SriLanka,LK45,,2023-06-26,2023-07-24,0,0.19169302413616657,0.2359524688355092,0.3085521648144957,0.36307538342731316
SriLanka,LK45,,2023-07-03,2023-07-31,0,0.17129066403041882,0.21172935420042216,0.2854872849532653,0.3369310317474151
SriLanka,LK45,,2023-07-10,2023-08-07,0,0.13786364350620126,0.15698614361509555,0.23885846238857725,0.2634900141021509
SriLanka,LK45,,2023-07-17,2023-08-14,0,0.11411081244031124,0.15134531843469276,0.20599024282263773,0.2600517858617274
SriLanka,LK45,,2023-07-24,2023-08-21,0,0.11219849852201894,0.16733090035068424,0.20385162978404475,0.2857418632017718
SriLanka,LK45,,2023-07-31,2023-08-28,0,0.06892985403275377,0.12728071796766713,0.13000623615263002,0.22589106821805488
SriLanka,LK45,,2023-08-07,2023-09-04,0,0.05676396293864785,0.11021170027128038,0.10777386791084201,0.19823751384221214
SriLanka,LK45,,2023-08-14,2023-09-11,0,0.062003095780121614,0.1024448270337841,0.12002628562283615,0.18977952324168035
SriLanka,LK45,,2023-08-21,2023-09-18,0,0.05542526198208366,0.09650169777830395,0.1081258906414692,0.18019231680954553
SriLanka,LK45,,2023-08-28,2023-09-25,0,0.060483156558220105,0.09366875387173793,0.11757418560053595,0.17595258672350905
SriLanka,LK45,,2023-09-04,2023-10-02,0,0.07337781889110236,0.09792047407797076,0.14185079080976967,0.18440208393601934
SriLanka,LK45,,2023-09-11,2023-10-09,0,0.08417917468698566,0.10681325261326999,0.16138268144145873,0.19936598414647352
SriLanka,LK45,,2023-09-18,2023-10-16,0,0.12243460120701147,0.1442123531578107,0.22807995399178826,0.26102763562473086
SriLanka,LK45,,2023-09-25,2023-10-23,0,0.12623721658430498,0.14406903943641197,0.23448864062049707,0.25988262614951807
SriLanka,LK45,,2023-10-02,2023-10-30,0,0.1283367993841511,0.16167342509999846,0.23963641447825718,0.28760560496241855
SriLanka,LK45,,2023-10-09,2023-11-06,0,0.15447265602304705,0.18185768418081552,0.28343506679920005,0.3191659499100499
SriLanka,LK45,,2023-10-16,2023-11-13,0,0.21897038343172423,0.23891665940565407,0.3804108029645572,0.3996309215133741
SriLanka,LK45,,2023-10-23,2023-11-20,1,0.28212394981799127,0.288044911019978,0.46699926440309175,0.46501634082054183
SriLanka,LK45,,2023-10-30,2023-11-27,0,0.3272326983004386,0.29451149587300424,0.5201443117124525,0.47323705886931067
SriLanka,LK45,,2023-11-06,2023-12-04,1,0.3642021022782615,0.3086398482654732,0.5637431405771224,0.4948862774909789
SriLanka,LK45,,2023-11-13,2023-12-11,1,0.5131816430545263,0.33661625657893657,0.6984243040384325,0.5231413737244618
SriLanka,LK45,,2023-11-20,2023-12-18,1,0.5837426022592891,0.43500351296233547,0.7521105494490113,0.6235064662171823
SriLanka,LK45,,2023-11-27,2023-12-25,1,0.5923650404147797,0.4172731040539052,0.7524757749660725,0.5999340954903783
SriLanka,LK45,,2023-12-04,2024-01-01,1,0.6243355120175267,0.4734057487415311,0.7811933106940135,0.6608324927027492
SriLanka,LK45,,2023-12-11,2024-01-08,1,0.7721891923688414,0.4976989727180854,0.8849023189553269,0.6953232374248377
SriLanka,LK45,,2023-12-18,2024-01-15,1,0.8690528843894482,0.6507238777730829,0.9413135618508113,0.8213249488331862
SriLanka,LK45,,2023-12-25,2024-01-22,1,0.8652108665249942,0.600918639190615,0.9424404114436502,0.7972711509874701
SriLanka,LK45,,2024-01-01,2024-01-29,1,0.9075661456568163,0.7452556893414701,0.9628072052684933,0.8880337533772036
SriLanka,LK45,,2024-01-08,2024-02-05,1,0.9666851515037249,0.9407590838424457,0.9875002184248655,0.9781994500074861
SriLanka,LK45,,2024-01-15,2024-02-12,1,0.8178019712803339,0.7107884834955474,0.9241311953508551,0.8753554971846522
SriLanka,LK45,,2024-01-22,2024-02-19,1,0.9040189255248192,0.8490726421185302,0.96245271281679,0.9421415442675053
SriLanka,LK45,,2024-01-29,2024-02-26,1,0.6963162395398952,0.5812994226309461,0.8635496993400075,0.8044883799723721
SriLanka,LK45,,2024-02-05,2024-03-04,1,0.6939839258218642,0.6081730541621471,0.863423220574972,0.8241825818482047
SriLanka,LK45,,2024-02-12,2024-03-11,1,0.39129443658186597,0.40829865152220257,0.6437283550836888,0.6800767635068838
SriLanka,LK45,,2024-02-19,2024-03-18,1,0.2422758832875341,0.2549415158187795,0.47093972963614816,0.515035780279064
SriLanka,LK45,,2024-02-26,2024-03-25,0,0.1604351568451926,0.14742677127004156,0.3405848584404864,0.34708005231656974
SriLanka,LK45,,2024-03-04,2024-04-01,0,0.14598121333952935,0.12257751743354857,0.30807069525334074,0.2963391495967695
SriLanka,LK45,,2024-03-11,2024-04-08,0,0.11750945895604302,0.11928949907089285,0.2540733155108577,0.2888159645435882
SriLanka,LK45,,2024-03-18,2024-04-15,0,0.1105806379138463,0.11287547420842989,0.2398998233471449,0.2758570575896844
SriLanka,LK45,,2024-03-25,2024-04-22,0,0.06763259859818346,0.08827383688162818,0.15234878303756252,0.2217996489327211
SriLanka,LK45,,2024-04-01,2024-04-29,0,0.05368860041567695,0.0976414746616228,0.1198603234947522,0.23665774069244117
SriLanka,LK45,,2024-04-08,2024-05-06,0,0.05519985776181896,0.11215388351853953,0.11982720705391903,0.26050514979863254
SriLanka,LK45,,2024-04-15,2024-05-13,0,0.05902127809543765,0.14256404157189448,0.12379014295963701,0.3095401981502167
SriLanka,LK45,,2024-04-22,2024-05-20,0,0.04882306050028929,0.1291488801110499,0.09967180078740835,0.27737542296016265
SriLanka,LK45,,2024-04-29,2024-05-27,0,0.041468683427018024,0.14248606200507852,0.08361926783003222,0.2957914763428068
SriLanka,LK45,,2024-05-06,2024-06-03,0,0.05462431549266566,0.1573974690486131,0.10563446630139862,0.3134593737269097
SriLanka,LK45,,2024-05-13,2024-06-10,0,0.13487947579539977,0.18789304178369634,0.23505186644734788,0.352194061466201
SriLanka,LK45,,2024-05-20,2024-06-17,0,0.19664715202975133,0.19007041688061732,0.31778689650171416,0.3473274562023034
SriLanka,LK45,,2024-05-27,2024-06-24,0,0.1929849680274739,0.1973200111824988,0.3022270232767794,0.34690894759251734
SriLanka,LK45,,2024-06-03,2024-07-01,0,0.2292059102292841,0.1981879558031351,0.34244504719109575,0.3370539112695289
SriLanka,LK45,,2024-06-10,2024-07-08,0,0.19338388721490896,0.1958594614886422,0.286894608373652,0.32183967414879117
SriLanka,LK45,,2024-06-17,2024-07-15,0,0.15981545857268348,0.18560025132990243,0.2317328652143211,0.2952119849988056
SriLanka,LK45,,2024-06-24,2024-07-22,0,0.12257191235651889,0.17258883007703277,0.1735046216847199,0.26741273615190203
SriLanka,LK45,,2024-07-01,2024-07-29,0,0.10350902559651261,0.15731567588962642,0.144579696335217,0.24247261159652284
SriLanka,LK45,,2024-07-08,2024-08-05,0,0.08653182981465368,0.14151310990084223,0.11752388879392976,0.21573715862689585
SriLanka,LK45,,2024-07-15,2024-08-12,0,0.08276891876560734,0.14376212042512498,0.1103589789639664,0.2171840279534367
SriLanka,LK45,,2024-07-22,2024-08-19,0,0.06066509743292119,0.12619139275015853,0.08098573141318834,0.1926700253316625
SriLanka,LK45,,2024-07-29,2024-08-26,0,0.06516159143466424,0.11490968762516196,0.08666950827052486,0.1764145690136059
SriLanka,LK45,,2024-08-05,2024-09-02,0,0.09632273364763332,0.14565436055877226,0.12781708171818587,0.2215453714295184
SriLanka,LK45,,2024-08-12,2024-09-09,0,0.10955011943821526,0.12863504671160805,0.1412178984917621,0.19396682323932743
SriLanka,LK45,,2024-08-19,2024-09-16,0,0.12508358608719183,0.12476841117796832,0.1614959419857314,0.18925488741398802
SriLanka,LK45,,2024-08-26,2024-09-23,0,0.10697649494182876,0.10845265821275865,0.1399467849568497,0.16643947897869402
SriLanka,LK45,,2024-09-02,2024-09-30,0,0.08868327728060985,0.10674571099386562,0.1167172732632815,0.1635969347372511
SriLanka,LK45,,2024-09-09,2024-10-07,0,0.07361744656133856,0.10943232017044906,0.09662422021790894,0.16617745330041608
SriLanka,LK45,,2024-09-16,2024-10-14,0,0.06469237522637952,0.12138200916472222,0.08548074765427345,0.1836037488920888
SriLanka,LK45,,2024-09-23,2024-10-21,0,0.07698936676175613,0.15507360177180024,0.10219005489033008,0.23215767082628475
SriLanka,LK45,,2024-09-30,2024-10-28,0,0.09126611015044782,0.18411168622613808,0.12055617376682887,0.27138823663856804
SriLanka,LK45,,2024-10-07,2024-11-04,0,0.1259266479922597,0.19211520385543343,0.1634207655699319,0.28081584257143066
SriLanka,LK45,,2024-10-14,2024-11-11,0,0.18642075362473204,0.2252697207639439,0.23550512841707563,0.321596479587816
SriLanka,LK45,,2024-10-21,2024-11-18,0,0.24032546535526583,0.25708624362477456,0.2930781722879092,0.3552712660043542
SriLanka,LK45,,2024-10-28,2024-11-25,0,0.2966460727292637,0.31667242648583926,0.3508945319456732,0.41861642687079453
SriLanka,LK45,,2024-11-04,2024-12-02,0,0.3675440051352799,0.37928915910955247,0.42254117536931024,0.48003220969392424
SriLanka,LK45,,2024-11-11,2024-12-09,1,0.41425034618731926,0.37682097635308187,0.48008289706597795,0.4826768052505609
SriLanka,LK45,,2024-11-18,2024-12-16,0,0.5403937777127709,0.3252055422347139,0.6067882647326893,0.4250768219939876
SriLanka,LK45,,2024-11-25,2024-12-23,0,0.6940626809941324,0.31788540430686374,0.7517540771110249,0.41842617751046124
SriLanka,LK45,,2024-12-02,2024-12-30,0,0.6367024266407448,0.301467488963021,0.694615644942686,0.39137871181552286
SriLanka,LK45,,2024-12-09,2025-01-06,1,0.6071389977757041,0.38729896830350036,0.6534512892379691,0.46796754620819303
SriLanka,LK45,,2024-12-16,2025-01-13,0,0.5228778166011774,0.34523183889848047,0.5585803334977106,0.4084116738648647
SriLanka,LK45,,2024-12-23,2025-01-20,0,0.4928534604440991,0.294775388651829,0.5110033534370979,0.33738184173000174
SriLanka,LK45,,2024-12-30,2025-01-27,0,0.42622036079752146,0.23327457119289643,0.43428551098011137,0.26342562444246187
SriLanka,LK45,,2025-01-06,2025-02-03,0,0.4159199430987807,0.2367755068136672,0.4124309349175252,0.2594148722535147
SriLanka,LK45,,2025-01-13,2025-02-10,0,0.3126770484865268,0.15132315241131947,0.3037244076297346,0.16341958529514927
SriLanka,LK45,,2025-01-20,2025-02-17,0,0.2236714067406532,0.13912872261826134,0.21431649129789831,0.1483373411950829
SriLanka,LK45,,2025-01-27,2025-02-24,0,0.12582246046534065,0.09635569609514544,0.11660568307835233,0.09997272288870136
SriLanka,LK45,,2025-02-03,2025-03-03,0,0.11729742582182189,0.07607401342274997,0.10711362127932994,0.07751350447163655
SriLanka,LK45,,2025-02-10,2025-03-10,0,0.09914538237899938,0.06128499322425124,0.08678660928145134,0.059535022310902755
SriLanka,LK45,,2025-02-17,2025-03-17,0,0.0995772199793096,0.05690989568768012,0.08608751964576554,0.05426209922201449
SriLanka,LK45,,2025-02-24,2025-03-24,0,0.08396503846788345,0.04995118718133995,0.0736883235617846,0.04799312838164315
SriLanka,LK45,,2025-03-03,2025-03-31,0,0.08735113012453291,0.056149382840376766,0.07634754973303914,0.05329771917478607
SriLanka,LK45,,2025-03-10,2025-04-07,0,0.11075457055464982,0.07486967261085471,0.09858506962715421,0.07193954185855839
SriLanka,LK45,,2025-03-17,2025-04-14,0,0.08039724032909422,0.059622777318106335,0.07037202310518084,0.05655976132970059
SriLanka,LK45,,2025-03-24,2025-04-21,1,0.0897186461744252,0.07038094012747002,0.07838763448932243,0.06672292711562913
SriLanka,LK45,,2025-03-31,2025-04-28,0,0.09225251519989269,0.07151897581234322,0.08238117871534135,0.0694036027753372
SriLanka,LK45,,2025-04-07,2025-05-05,0,0.1057059545134963,0.09108450963828882,0.09662301100641799,0.09033517161285538
SriLanka,LK45,,2025-04-14,2025-05-12,0,0.08894501565627509,0.1043479436347094,0.08352861930126726,0.10644846415898884
SriLanka,LK45,,2025-04-21,2025-05-19,0,0.1123645939035103,0.18363680458980844,0.10759682714095664,0.1900601709892137
SriLanka,LK45,,2025-04-28,2025-05-26,0,0.10257095231906184,0.16447540525104376,0.10143560121844991,0.17569549031311754
SriLanka,LK45,,2025-05-05,2025-06-02,0,0.09530058740670547,0.17934069183328288,0.09814791125379058,0.1991082689631209
SriLanka,LK45,,2025-05-12,2025-06-09,0,0.11021553512959437,0.2247925682143339,0.11451145583529927,0.25168044781689164
SriLanka,LK45,,2025-05-19,2025-06-16,0,0.14786605225329372,0.23645762746438012,0.1538882299313163,0.26702887177877643
SriLanka,LK45,,2025-05-26,2025-06-23,0,0.1468826017635948,0.23637905494444345,0.15595664789883307,0.27320749383181187
SriLanka,LK45,,2025-06-02,2025-06-30,0,0.12035447446427171,0.22258548591267266,0.13061684272428997,0.26378727489585874
SriLanka,LK45,,2025-06-09,2025-07-07,0,0.13472495785123909,0.23157427732931227,0.15092274255842705,0.28254369499425097
SriLanka,LK45,,2025-06-16,2025-07-14,0,0.11934109377419475,0.19660910616377428,0.13783463086190373,0.24776448225955186
SriLanka,LK45,,2025-06-23,2025-07-21,0,0.108720073858487,0.18895329175773337,0.13043735925634664,0.24512709754361525
SriLanka,LK45,,2025-06-30,2025-07-28,0,0.08739943013309044,0.18191453115334352,0.1083867573659757,0.24089457543424053
SriLanka,LK45,,2025-07-07,2025-08-04,0,0.05921508155251307,0.15038984075709655,0.07633459424289456,0.2046659418710983
SriLanka,LK45,,2025-07-14,2025-08-11,0,0.07044979728572609,0.15560309960284824,0.09147261924290336,0.21124524197346692
SriLanka,LK45,,2025-07-21,2025-08-18,0,0.08655769800405365,0.12938015878576106,0.11343547795122524,0.17862498212134087
SriLanka,LK45,,2025-07-28,2025-08-25,0,0.07911077145294033,0.11022262785050455,0.10549559673143448,0.15477808421982053
SriLanka,LK45,,2025-08-04,2025-09-01,0,0.08641538550330391,0.0969516919843505,0.1134603191340753,0.13457254807431843
SriLanka,LK45,,2025-08-11,2025-09-08,0,0.1049684896193487,0.10656617429485692,0.13626388527225072,0.14607999000895536
SriLanka,LK45,,2025-08-18,2025-09-15,0,0.0798009520779689,0.09457729110656901,0.10207986894439208,0.12723925716025145
SriLanka,LK45,,2025-08-25,2025-09-22,0,0.06541100679891745,0.09391190529859435,0.08165303208373187,0.12305428596026532
SriLanka,LK45,,2025-09-01,2025-09-29,0,0.06625695307034973,0.11068928195719846,0.0814692670362834,0.14218011160580435
SriLanka,LK45,,2025-09-08,2025-10-06,0,0.07777363209079607,0.11927773043403855,0.09540019138928986,0.15292780784941534
SriLanka,LK45,,2025-09-15,2025-10-13,0,0.09317168044780355,0.13166372081688288,0.11406611685849093,0.16842451462251834
SriLanka,LK45,,2025-09-22,2025-10-20,0,0.0998298090611727,0.13984110903875058,0.12201521155848305,0.17816466125464256
SriLanka,LK45,,2025-09-29,2025-10-27,0,0.1240527194997587,0.19217362443448816,0.15081049274944835,0.24046452712188743
SriLanka,LK45,,2025-10-06,2025-11-03,0,0.1644100407441431,0.2423727521167389,0.19740718235073448,0.2972123784725383
SriLanka,LK45,,2025-10-13,2025-11-10,0,0.19930745158739105,0.2580260145585333,0.23544306811330343,0.31162845108826265
SriLanka,LK45,,2025-10-20,2025-11-17,0,0.24467885131147185,0.28112547303219065,0.28580115964943,0.33581435237588897
SriLanka,LK45,,2025-10-27,2025-11-24,0,0.27477241358562454,0.30926537200177523,0.3208014827552134,0.367929475627823
SriLanka,LK45,,2025-11-03,2025-12-01,0,0.3488423159572898,0.40013191765800327,0.40139801229817684,0.4649234621706103
SriLanka,LK45,,2025-11-10,2025-12-08,1,0.42459035477390206,0.41488473918897384,0.4796161224393941,0.4786355256028266
SriLanka,LK45,,2025-11-17,2025-12-15,0,0.47214024292014617,0.3891631780302254,0.5300731043333705,0.4545217169848447
SriLanka,LK51,,2023-01-02,2023-01-30,0,0.1870604851451802,0.08947699731280141,0.16144837381823512,0.07831070975553343
SriLanka,LK51,,2023-01-09,2023-02-06,0,0.14144396385928806,0.07146215123832095,0.12245270261658453,0.06234481153037177
SriLanka,LK51,,2023-01-16,2023-02-13,0,0.10320519043982372,0.06935085022247278,0.09443188309601087,0.0637496210794501
SriLanka,LK51,,2023-01-23,2023-02-20,0,0.08051460139618448,0.05706071324009109,0.07570972252375181,0.05377474966968161
SriLanka,LK51,,2023-01-30,2023-02-27,0,0.08020021519002071,0.05003044457315797,0.07831393036804142,0.04879757301514433
SriLanka,LK51,,2023-02-06,2023-03-06,0,0.09597507907660892,0.05979383897820127,0.09523609292075468,0.059132259129134994
SriLanka,LK51,,2023-02-13,2023-03-13,0,0.08219171884990203,0.04284758573304439,0.08566337490102648,0.044327924083767636
SriLanka,LK51,,2023-02-20,2023-03-20,1,0.08240219256091955,0.04895986179165769,0.08840030275293621,0.051771309251763695
SriLanka,LK51,,2023-02-27,2023-03-27,0,0.06925685940038685,0.03948963910375016,0.07688215049285792,0.04302759724887751
SriLanka,LK51,,2023-03-06,2023-04-03,1,0.11721027288658566,0.05678716774694075,0.13428540329119826,0.06406666484955231
SriLanka,LK51,,2023-03-13,2023-04-10,1,0.09590922327258469,0.050379339886849894,0.1124325907746977,0.05805871321978
SriLanka,LK51,,2023-03-20,2023-04-17,1,0.14291265958680793,0.08904578209286824,0.169677850410418,0.10454403026921197
SriLanka,LK51,,2023-03-27,2023-04-24,1,0.1334122706148785,0.08078125944368499,0.16290871974386412,0.09783728247043097
SriLanka,LK51,,2023-04-03,2023-05-01,1,0.21123032486305574,0.15093553145502706,0.25762796291372425,0.1839943892242903
SriLanka,LK51,,2023-04-10,2023-05-08,1,0.3493206770045912,0.29689557277250883,0.41519106284733387,0.35411143527161615
SriLanka,LK51,,2023-04-17,2023-05-15,0,0.3373654795008012,0.3576595193483462,0.4111375326268646,0.4285389505701633
SriLanka,LK51,,2023-04-24,2023-05-22,0,0.3757674633818234,0.39965129782754033,0.4561521870870178,0.47608774445175034
SriLanka,LK51,,2023-05-01,2023-05-29,1,0.3671709290171569,0.40001481183702076,0.4547902959108122,0.48359802920715383
SriLanka,LK51,,2023-05-08,2023-06-05,0,0.35548161620816443,0.4029944333807343,0.44897155448752446,0.49283969434082825
SriLanka,LK51,,2023-05-15,2023-06-12,1,0.22707924973442778,0.2879855493215331,0.31042698194876434,0.37608202969887505
SriLanka,LK51,,2023-05-22,2023-06-19,0,0.21896565079453406,0.3004815243664254,0.31129690490506573,0.40121648697943396
SriLanka,LK51,,2023-05-29,2023-06-26,0,0.1991613863031946,0.33306093412840304,0.29521652999940234,0.44708463890287425
SriLanka,LK51,,2023-06-05,2023-07-03,0,0.15326859851741015,0.3299029556892523,0.23919669155664924,0.4542278521273759
SriLanka,LK51,,2023-06-12,2023-07-10,0,0.1377369086851551,0.3724242728899049,0.22190969450993953,0.5094558261826423
SriLanka,LK51,,2023-06-19,2023-07-17,0,0.10024769224172476,0.28903934035758866,0.17084743755269513,0.4247736096860062
SriLanka,LK51,,2023-06-26,2023-07-24,0,0.07242488381651045,0.21280883701240844,0.12809883248695764,0.33289550779935273
SriLanka,LK51,,2023-07-03,2023-07-31,0,0.07924786302148722,0.20061747440857894,0.14264339583111435,0.3219318994136103
SriLanka,LK51,,2023-07-10,2023-08-07,0,0.05140372402927608,0.1663103232514801,0.09612232053549609,0.27706097860631207
SriLanka,LK51,,2023-07-17,2023-08-14,0,0.033920687411134215,0.11517364549154345,0.06604660258927118,0.20414904013161414
SriLanka,LK51,,2023-07-24,2023-08-21,0,0.02094802910164636,0.07554321079708669,0.04154861207556298,0.1399152483479428
SriLanka,LK51,,2023-07-31,2023-08-28,0,0.015414496371401173,0.06328017443680063,0.030632842122148042,0.11907143412007536
SriLanka,LK51,,2023-08-07,2023-09-04,0,0.01338924387083047,0.05236200621781359,0.026517023590988894,0.09934198427621643
SriLanka,LK51,,2023-08-14,2023-09-11,0,0.011770499054936961,0.04123033035039625,0.02398761602289314,0.0810943687879263
SriLanka,LK51,,2023-08-21,2023-09-18,0,0.010690719294127743,0.03634976540375879,0.02183935174876349,0.07203298191031048
SriLanka,LK51,,2023-08-28,2023-09-25,0,0.014013407877887882,0.03773654127038912,0.02857498001305063,0.07494957444136402
SriLanka,LK51,,2023-09-04,2023-10-02,0,0.02009063729842199,0.03697863424691113,0.04104070633868468,0.07405607128223156
SriLanka,LK51,,2023-09-11,2023-10-09,0,0.024835681365308816,0.03990440716031028,0.050621678319735304,0.07965131274753273
SriLanka,LK51,,2023-09-18,2023-10-16,0,0.035860301700756145,0.043916479838868705,0.07301885087816136,0.08782749735232152
SriLanka,LK51,,2023-09-25,2023-10-23,0,0.03869481556016804,0.05179204762786542,0.07863226706855941,0.10229150025230796
SriLanka,LK51,,2023-10-02,2023-10-30,0,0.05462154406693865,0.06236274547118057,0.11006417263601578,0.12221634895150132
SriLanka,LK51,,2023-10-09,2023-11-06,0,0.08067573350903832,0.06889594741544153,0.15966221900374927,0.13498663244456535
SriLanka,LK51,,2023-10-16,2023-11-13,0,0.1004938611211751,0.08041629402525616,0.19656903128465678,0.15642405040351962
SriLanka,LK51,,2023-10-23,2023-11-20,0,0.15177129915624635,0.10441555130305266,0.28515757139592296,0.2003091759375885
SriLanka,LK51,,2023-10-30,2023-11-27,0,0.22006364819713378,0.14624372141643183,0.38604998940097274,0.2693440867149749
SriLanka,LK51,,2023-11-06,2023-12-04,1,0.2222197598504104,0.14070102242940652,0.3919225806174689,0.26435603376893935
SriLanka,LK51,,2023-11-13,2023-12-11,1,0.22564852467734792,0.1398346661863294,0.39031690415505815,0.2600666574342647
SriLanka,LK51,,2023-11-20,2023-12-18,1,0.2662841122254009,0.15725534166434205,0.43983938348745766,0.2864130116593128
SriLanka,LK51,,2023-11-27,2023-12-25,1,0.35955259395992073,0.2515868844300773,0.5401143008738788,0.41314030514277483
SriLanka,LK51,,2023-12-04,2024-01-01,1,0.5368495307879558,0.3950842495655302,0.7134722961171543,0.5860096553530191
SriLanka,LK51,,2023-12-11,2024-01-08,1,0.6914688787530038,0.4518716307397179,0.8356178414981031,0.6550287863169656
SriLanka,LK51,,2023-12-18,2024-01-15,1,0.642253764116112,0.4151067267786687,0.8126948820971327,0.6365066089284845
SriLanka,LK51,,2023-12-25,2024-01-22,1,0.7545492692424249,0.47969533699912414,0.8868954634309113,0.7065668313606847
SriLanka,LK51,,2024-01-01,2024-01-29,0,0.7747308344693142,0.574743971626246,0.9006694073860775,0.785595655812899
SriLanka,LK51,,2024-01-08,2024-02-05,1,0.7945778857591564,0.49073890687845934,0.9132785724974911,0.7313838757621982
SriLanka,LK51,,2024-01-15,2024-02-12,0,0.7229711695329514,0.4177077950621801,0.8762697477985962,0.6721130203987903
SriLanka,LK51,,2024-01-22,2024-02-19,0,0.5523536018933268,0.24175030009298637,0.7705411473157135,0.47993638938380545
SriLanka,LK51,,2024-01-29,2024-02-26,0,0.33056619282370103,0.138179877656289,0.5767994870232437,0.32212712632233986
SriLanka,LK51,,2024-02-05,2024-03-04,0,0.3227871979554004,0.12067336279046892,0.5705791819736904,0.2930198609595014
SriLanka,LK51,,2024-02-12,2024-03-11,0,0.19986778701264013,0.07903641090085269,0.41249438922365095,0.20909583330948028
SriLanka,LK51,,2024-02-19,2024-03-18,0,0.1964122582902464,0.07402620889063039,0.4049213965956249,0.19879592120465497
SriLanka,LK51,,2024-02-26,2024-03-25,0,0.11518624677253554,0.050480246424236756,0.2602784253086235,0.14047555286988903
SriLanka,LK51,,2024-03-04,2024-04-01,0,0.13904174156592783,0.06276534558739248,0.29609749495443627,0.16797078130771856
SriLanka,LK51,,2024-03-11,2024-04-08,0,0.08294191761282191,0.05450091508923891,0.18788598228065065,0.1473596897579318
SriLanka,LK51,,2024-03-18,2024-04-15,0,0.05983682930657136,0.03880728905732014,0.13909379583655473,0.1078423262741254
SriLanka,LK51,,2024-03-25,2024-04-22,0,0.049648897572865454,0.035289063051614215,0.11460776461590781,0.097214156361883
SriLanka,LK51,,2024-04-01,2024-04-29,0,0.03776980890863604,0.0336210370393424,0.08610673470914902,0.09064489517673772
SriLanka,LK51,,2024-04-08,2024-05-06,0,0.04007449524518542,0.039898999392771514,0.08865492548022404,0.10385510718312035
SriLanka,LK51,,2024-04-15,2024-05-13,0,0.03700895143411471,0.039592412901710575,0.07966703117748032,0.1000350791864559
SriLanka,LK51,,2024-04-22,2024-05-20,0,0.038821175396289306,0.04527106302348852,0.0801306047528563,0.10931354393480687
SriLanka,LK51,,2024-04-29,2024-05-27,0,0.034943734676956446,0.05766433484675777,0.07095301177507854,0.13396471566314405
SriLanka,LK51,,2024-05-06,2024-06-03,0,0.04153554278003273,0.07195782197831442,0.08137502487760175,0.15932331447732906
SriLanka,LK51,,2024-05-13,2024-06-10,0,0.07052770101755261,0.07973661686391637,0.13009420750493067,0.16916162518265035
SriLanka,LK51,,2024-05-20,2024-06-17,0,0.08944941659330863,0.0879391650064874,0.15749920325294747,0.1794149532640375
SriLanka,LK51,,2024-05-27,2024-06-24,0,0.08145906164947363,0.08683497355023449,0.13839664354319237,0.17045131555292842
SriLanka,LK51,,2024-06-03,2024-07-01,0,0.0883676087589567,0.0893226562126875,0.14512646815265048,0.1678801842939102
SriLanka,LK51,,2024-06-10,2024-07-08,0,0.06777398139031694,0.09248228557294413,0.10873378302112774,0.16566746404282195
SriLanka,LK51,,2024-06-17,2024-07-15,0,0.05068340617573941,0.08327076030977544,0.0780533901667495,0.14306513382157568
SriLanka,LK51,,2024-06-24,2024-07-22,0,0.03665895328009284,0.0762173787640061,0.054092829789096894,0.12616656952594668
SriLanka,LK51,,2024-07-01,2024-07-29,0,0.03126248943726762,0.06957678259956852,0.04510934689057527,0.11364463684935693
SriLanka,LK51,,2024-07-08,2024-08-05,0,0.028593862497386754,0.0679572837465503,0.039737687751106476,0.10847597324083197
SriLanka,LK51,,2024-07-15,2024-08-12,0,0.019943274116022938,0.05236314309006111,0.02721244753260185,0.08366718819114106
SriLanka,LK51,,2024-07-22,2024-08-19,0,0.012091320298080091,0.048003247940564674,0.016425998541202656,0.07691752871709304
SriLanka,LK51,,2024-07-29,2024-08-26,0,0.012633975470099309,0.050719769783200155,0.01712162073917675,0.08101201020613231
SriLanka,LK51,,2024-08-05,2024-09-02,0,0.015820311525481853,0.04629362275285702,0.02162284402753125,0.07495631319426714
SriLanka,LK51,,2024-08-12,2024-09-09,0,0.02228702867485452,0.04471211964778102,0.02956716348668927,0.0708882504576901
SriLanka,LK51,,2024-08-19,2024-09-16,0,0.03167323696555659,0.043507609009402315,0.042205173257898396,0.0693209846216554
SriLanka,LK51,,2024-08-26,2024-09-23,0,0.03908787424484405,0.05139488886271649,0.052361628395089295,0.08166898212562446
SriLanka,LK51,,2024-09-02,2024-09-30,0,0.03524995252085955,0.04547065222208331,0.04726906333180078,0.07233018036258158
SriLanka,LK51,,2024-09-09,2024-10-07,0,0.026778499622702585,0.048664456688310195,0.03571154896981798,0.07660961691054376
SriLanka,LK51,,2024-09-16,2024-10-14,0,0.020648563387551847,0.05256402477967227,0.027703015976951073,0.08283476372486467
SriLanka,LK51,,2024-09-23,2024-10-21,0,0.020566004941215188,0.06047622537822307,0.027855176037262463,0.09587340258792056
SriLanka,LK51,,2024-09-30,2024-10-28,0,0.01824432400982985,0.05879655756391592,0.024737422730273864,0.09347439553252597
SriLanka,LK51,,2024-10-07,2024-11-04,0,0.032702033401871645,0.07143977283347261,0.04383082247566203,0.11215905683944552
SriLanka,LK51,,2024-10-14,2024-11-11,0,0.054854196575259556,0.08756085248989601,0.07237906744831017,0.1352850862625383
SriLanka,LK51,,2024-10-21,2024-11-18,0,0.08178919669579185,0.09451048450456015,0.1045307531226342,0.14251644548432182
SriLanka,LK51,,2024-10-28,2024-11-25,0,0.10893095686385831,0.10121274254817092,0.1354628663691701,0.14891061752122586
SriLanka,LK51,,2024-11-04,2024-12-02,0,0.15198558326676692,0.12348212810269002,0.18411773902372927,0.17548990711204018
SriLanka,LK51,,2024-11-11,2024-12-09,0,0.19999514180667968,0.12947532756997088,0.2460830155872122,0.18665966389671187
SriLanka,LK51,,2024-11-18,2024-12-16,0,0.22539941919403253,0.1324878065266853,0.27636396819379505,0.18982391196279752
SriLanka,LK51,,2024-11-25,2024-12-23,0,0.38040656570235476,0.1461482828037761,0.4504096726414214,0.20901606808747536
SriLanka,LK51,,2024-12-02,2024-12-30,0,0.40572206588034876,0.16594852387202377,0.4697939792893413,0.22867315583775577
SriLanka,LK51,,2024-12-09,2025-01-06,0,0.33563132465222134,0.15589558159226663,0.3813360545523265,0.2044492061565162
SriLanka,LK51,,2024-12-16,2025-01-13,0,0.2663998178997699,0.1480337479935809,0.2954335471489919,0.1853402922844107
SriLanka,LK51,,2024-12-23,2025-01-20,0,0.28177543152602225,0.1531600757051062,0.29669974209982436,0.18053767675766558
SriLanka,LK51,,2024-12-30,2025-01-27,0,0.26379129476157404,0.16266668033473006,0.2702304245282588,0.18590434718555646
SriLanka,LK51,,2025-01-06,2025-02-03,0,0.20417420433350975,0.13104000018818687,0.20184761352197764,0.14549673125071635
SriLanka,LK51,,2025-01-13,2025-02-10,0,0.3636019319206551,0.1240619674574498,0.3539420539100663,0.13432411445059284
SriLanka,LK51,,2025-01-20,2025-02-17,1,0.2869574566059002,0.10463841396371588,0.2758963129450028,0.11186082590865609
SriLanka,LK51,,2025-01-27,2025-02-24,0,0.1814123951271558,0.07643809617491726,0.16891034730078994,0.07937312365524635
SriLanka,LK51,,2025-02-03,2025-03-03,0,0.18564394225802097,0.06766992560274016,0.17067360281878896,0.06896226209051663
SriLanka,LK51,,2025-02-10,2025-03-10,0,0.17592345862074985,0.060969824266492625,0.15564765557906007,0.05922828506292164
SriLanka,LK51,,2025-02-17,2025-03-17,0,0.20701620520373526,0.07885473406134814,0.18191226321762283,0.07526741547988929
SriLanka,LK51,,2025-02-24,2025-03-24,0,0.15975928521816954,0.058395236908550786,0.14164028993195837,0.05612573055160918
SriLanka,LK51,,2025-03-03,2025-03-31,0,0.11973132157287927,0.05378677285759393,0.10511863235492411,0.05104860955322262
SriLanka,LK51,,2025-03-10,2025-04-07,0,0.07563151339654055,0.035552155202747654,0.06703036054630804,0.03410404678849205
SriLanka,LK51,,2025-03-17,2025-04-14,0,0.06021767495271259,0.03401176819851873,0.05256493595802866,0.03221939355409862
SriLanka,LK51,,2025-03-24,2025-04-21,1,0.06273213767022422,0.034667499886263275,0.05460493480240975,0.03280018175422467
SriLanka,LK51,,2025-03-31,2025-04-28,1,0.1024137732074649,0.05368252043042498,0.09156482245816801,0.052065126869620726
SriLanka,LK51,,2025-04-07,2025-05-05,0,0.15075126460344027,0.0968830142054707,0.13839672857713606,0.09609101601636308
SriLanka,LK51,,2025-04-14,2025-05-12,0,0.1685100574694296,0.11875644267310717,0.15909456807883854,0.1211077869690384
SriLanka,LK51,,2025-04-21,2025-05-19,0,0.2704302510867537,0.22244332106028483,0.2609271149645935,0.2298419195456655
SriLanka,LK51,,2025-04-28,2025-05-26,0,0.2885843991180944,0.25751001228821324,0.28604635331496053,0.2730029675274127
SriLanka,LK51,,2025-05-05,2025-06-02,0,0.22366063603229266,0.2244952531866139,0.22937070093698209,0.24773746149482104
SriLanka,LK51,,2025-05-12,2025-06-09,0,0.1691556499475549,0.21551830765569144,0.17529630840595384,0.2416426625123452
SriLanka,LK51,,2025-05-19,2025-06-16,0,0.14551595311120766,0.2158155631699663,0.15145942988420125,0.2445728729629736
SriLanka,LK51,,2025-05-26,2025-06-23,0,0.11961568715146956,0.21487797813569676,0.12725651871136023,0.2494508094463212
SriLanka,LK51,,2025-06-02,2025-06-30,0,0.09220431488066815,0.22699842994363295,0.10034017929175737,0.26873470882655653
SriLanka,LK51,,2025-06-09,2025-07-07,0,0.05665450833260345,0.15423369470059223,0.06416201113618678,0.19244360521718445
SriLanka,LK51,,2025-06-16,2025-07-14,0,0.050586966435996694,0.15028886031727415,0.05914161730068754,0.1922766714697016
SriLanka,LK51,,2025-06-23,2025-07-21,0,0.02680530608139835,0.09552331384286492,0.032761233441607016,0.12831578260501983
SriLanka,LK51,,2025-06-30,2025-07-28,0,0.01771521051203099,0.08500396165846574,0.022379533598460042,0.11705972349904983
SriLanka,LK51,,2025-07-07,2025-08-04,0,0.011325525814419946,0.06226691482023256,0.01481788802574988,0.08803465000931968
SriLanka,LK51,,2025-07-14,2025-08-11,0,0.01260425202639658,0.06024498310259386,0.016675123106174965,0.0852298185616007
SriLanka,LK51,,2025-07-21,2025-08-18,0,0.013234386824327121,0.042375199119095125,0.017787272340266686,0.06081741898780935
SriLanka,LK51,,2025-07-28,2025-08-25,0,0.012336605289404065,0.03667371670425035,0.016858783711344548,0.05327862549417419
SriLanka,LK51,,2025-08-04,2025-09-01,0,0.016459855779176247,0.03567103971258385,0.02214182095315822,0.05085176174252589
SriLanka,LK51,,2025-08-11,2025-09-08,0,0.01649051036566357,0.03153380558820967,0.022057084805129797,0.044615588598066656
SriLanka,LK51,,2025-08-18,2025-09-15,0,0.01434811936395127,0.030230505813621973,0.01872569541102185,0.041693813637221196
SriLanka,LK51,,2025-08-25,2025-09-22,0,0.013265921435253293,0.0320155325454304,0.016792593796669347,0.0428590033362064
SriLanka,LK51,,2025-09-01,2025-09-29,0,0.01160756004450351,0.03434545743860861,0.014467008249236354,0.04522109043112922
SriLanka,LK51,,2025-09-08,2025-10-06,0,0.015293295165177129,0.037341690817465745,0.019051892295812764,0.049166784745110756
SriLanka,LK51,,2025-09-15,2025-10-13,0,0.01686804013591767,0.042895130984438465,0.021047993606896038,0.05648372344293381
SriLanka,LK51,,2025-09-22,2025-10-20,0,0.018441152801916973,0.05015238312526726,0.023001543218444585,0.06577625120721418
SriLanka,LK51,,2025-09-29,2025-10-27,0,0.025728055516530714,0.0637401775974814,0.03205359159825031,0.08307632448904707
SriLanka,LK51,,2025-10-06,2025-11-03,0,0.04618413801724036,0.07931834933666969,0.057074019642992524,0.10224384058497152
SriLanka,LK51,,2025-10-13,2025-11-10,0,0.07148470277742366,0.09644887850190474,0.08696231358906514,0.12200456573135796
SriLanka,LK51,,2025-10-20,2025-11-17,0,0.09627734398291884,0.10568412959496414,0.11629861064867884,0.132535761981291
SriLanka,LK51,,2025-10-27,2025-11-24,0,0.12071611458856128,0.12899019218111676,0.1461384270580791,0.161451101986224
SriLanka,LK51,,2025-11-03,2025-12-01,0,0.13688385876351605,0.16553148549425165,0.16562896625724777,0.2053387101103515
SriLanka,LK51,,2025-11-10,2025-12-08,0,0.2270608393442161,0.1648869419957668,0.26842942030078054,0.20358951883287757
SriLanka,LK51,,2025-11-17,2025-12-15,0,0.22485578944567858,0.16391203199299983,0.2678423162758649,0.20407942935087797
SriLanka,LK52A,,2023-01-02,2023-01-30,0,0.3059886919325812,0.25269426380196786,0.269491082630703,0.22621988280469763
SriLanka,LK52A,,2023-01-09,2023-02-06,1,0.256418378419659,0.21853519734989385,0.2260544169447133,0.1945860854740901
SriLanka,LK52A,,2023-01-16,2023-02-13,0,0.19291499688967337,0.19212925696708535,0.17802951515606175,0.17851376502780883
SriLanka,LK52A,,2023-01-23,2023-02-20,0,0.1406309603211264,0.1293777128313164,0.13275648885903793,0.12246810506087291
SriLanka,LK52A,,2023-01-30,2023-02-27,0,0.1276992112342035,0.10201359145027145,0.1248474003976777,0.09963408105271225
SriLanka,LK52A,,2023-02-06,2023-03-06,0,0.13954992817770384,0.10242147413135308,0.13852683797473583,0.10133908323866536
SriLanka,LK52A,,2023-02-13,2023-03-13,0,0.10961459462436922,0.07915728399589393,0.11410055387886829,0.08178489489704904
SriLanka,LK52A,,2023-02-20,2023-03-20,0,0.09637719907753965,0.08129647326230534,0.10327806507144531,0.08579728564036827
SriLanka,LK52A,,2023-02-27,2023-03-27,0,0.08366956390956827,0.06530156198504566,0.09272362855565064,0.07098116785716545
SriLanka,LK52A,,2023-03-06,2023-04-03,0,0.10677344177405082,0.06492715678482003,0.12253918985756186,0.07316916629739531
SriLanka,LK52A,,2023-03-13,2023-04-10,0,0.1070105154961697,0.06495179865035648,0.12518161469806408,0.07467778479317233
SriLanka,LK52A,,2023-03-20,2023-04-17,0,0.13421055955648226,0.07519193615699492,0.15964956541652806,0.08851323759788109
SriLanka,LK52A,,2023-03-27,2023-04-24,0,0.1549397936719585,0.08178294277360865,0.18816236903192152,0.0990276753004354
SriLanka,LK52A,,2023-04-03,2023-05-01,0,0.1734198217564511,0.09495604624229581,0.21376300926748504,0.11744996744071506
SriLanka,LK52A,,2023-04-10,2023-05-08,0,0.18594982336506302,0.11193288065060376,0.23199775954717233,0.14063349768717243
SriLanka,LK52A,,2023-04-17,2023-05-15,0,0.16150622287194816,0.1378714624199546,0.2089491025766314,0.17721077604250915
SriLanka,LK52A,,2023-04-24,2023-05-22,0,0.16973838882058795,0.1589983124801622,0.22170240707793948,0.20513501837808293
SriLanka,LK52A,,2023-05-01,2023-05-29,0,0.20785713425913935,0.1843634631964709,0.2739144573111505,0.24098484036520043
SriLanka,LK52A,,2023-05-08,2023-06-05,0,0.21919877673152624,0.20911705298120964,0.29314903415581167,0.275699409447656
SriLanka,LK52A,,2023-05-15,2023-06-12,0,0.21816839668601695,0.24572402905038518,0.29951287438291835,0.32682665336599875
SriLanka,LK52A,,2023-05-22,2023-06-19,0,0.21197664532071975,0.2537783766180715,0.3025022682455229,0.34661444985682954
SriLanka,LK52A,,2023-05-29,2023-06-26,0,0.18182697989283828,0.2627052194150341,0.2723651277301022,0.3658553598827162
SriLanka,LK52A,,2023-06-05,2023-07-03,0,0.16260439030612367,0.2638024757778245,0.2522074788597157,0.3772407442684819
SriLanka,LK52A,,2023-06-12,2023-07-10,0,0.1260226698392342,0.2609286830004778,0.204736507588209,0.3819006143352773
SriLanka,LK52A,,2023-06-19,2023-07-17,0,0.1276085356242681,0.24833807603164246,0.21291743175854067,0.37504147325595216
SriLanka,LK52A,,2023-06-26,2023-07-24,0,0.12588694740942818,0.23867208429426182,0.21321137244331848,0.36655727607890365
SriLanka,LK52A,,2023-07-03,2023-07-31,0,0.14156164815219635,0.22726110924234805,0.24171951944776185,0.3574820326385638
SriLanka,LK52A,,2023-07-10,2023-08-07,0,0.11401417902778613,0.20298455879186275,0.20162353902835087,0.32853343374695726
SriLanka,LK52A,,2023-07-17,2023-08-14,0,0.11186882623912213,0.20469199625960058,0.20235540448421557,0.33652154140790524
SriLanka,LK52A,,2023-07-24,2023-08-21,0,0.0851319904516455,0.18648336109163333,0.15862540626858262,0.31334720063601446
SriLanka,LK52A,,2023-07-31,2023-08-28,0,0.06127596924037298,0.17299213360525215,0.11641848981383375,0.29504441872097764
SriLanka,LK52A,,2023-08-07,2023-09-04,0,0.04712716319218123,0.14171728225316632,0.09030624275378238,0.24789596795661084
SriLanka,LK52A,,2023-08-14,2023-09-11,0,0.053300693964999576,0.15905891954602025,0.1040837468828842,0.27962145275349765
SriLanka,LK52A,,2023-08-21,2023-09-18,0,0.04759178502411408,0.157399977860294,0.09358195569552594,0.27767303178073216
SriLanka,LK52A,,2023-08-28,2023-09-25,0,0.054535944858740394,0.1446076828988083,0.10665054804888335,0.2588586720810464
SriLanka,LK52A,,2023-09-04,2023-10-02,0,0.08761313700163958,0.1485191216356541,0.16697616530563955,0.26648713316745987
SriLanka,LK52A,,2023-09-11,2023-10-09,0,0.11084120641082967,0.1628489991727242,0.20697116591223064,0.2882847732379373
SriLanka,LK52A,,2023-09-18,2023-10-16,0,0.16197851944595743,0.19799209300970746,0.2904519054884841,0.3410114221555911
SriLanka,LK52A,,2023-09-25,2023-10-23,0,0.1825175938443917,0.22650821845510105,0.3212848090342218,0.37923055183150206
SriLanka,LK52A,,2023-10-02,2023-10-30,0,0.2270983997689702,0.2615813019938109,0.38610911975848144,0.425807312397948
SriLanka,LK52A,,2023-10-09,2023-11-06,0,0.2807287010161776,0.27497304478631884,0.45800112378481495,0.4443980900738487
SriLanka,LK52A,,2023-10-16,2023-11-13,0,0.34770815244645215,0.3216670253174679,0.5386087504360725,0.5013758855110019
SriLanka,LK52A,,2023-10-23,2023-11-20,0,0.4561575418629755,0.37511874166770093,0.6515669197264545,0.5632630654257873
SriLanka,LK52A,,2023-10-30,2023-11-27,1,0.5153424424164221,0.4150734176352348,0.7032323629058466,0.6042935254394521
SriLanka,LK52A,,2023-11-06,2023-12-04,0,0.5118083114660625,0.3958171625824334,0.7028238767348617,0.5897920429445913
SriLanka,LK52A,,2023-11-13,2023-12-11,0,0.5325776228000235,0.4252249378485675,0.7145451517910726,0.6153083086508802
SriLanka,LK52A,,2023-11-20,2023-12-18,1,0.5470990985617087,0.42333430324995613,0.7232620804789064,0.6122602654282963
SriLanka,LK52A,,2023-11-27,2023-12-25,0,0.6008761837330319,0.5060597705420641,0.7590039719138445,0.6820932937947736
SriLanka,LK52A,,2023-12-04,2024-01-01,1,0.5171123011785733,0.4089122458910777,0.6970139087383072,0.5998931357384558
SriLanka,LK52A,,2023-12-11,2024-01-08,1,0.5568720339891727,0.4000989933075473,0.740286636606903,0.6057009924411614
SriLanka,LK52A,,2023-12-18,2024-01-15,1,0.5718393223583711,0.42422028387536503,0.7634732382027389,0.6451196526789382
SriLanka,LK52A,,2023-12-25,2024-01-22,1,0.6364067856060683,0.33589274284752335,0.8170059214554884,0.5691488797484856
SriLanka,LK52A,,2024-01-01,2024-01-29,1,0.5906054372350933,0.3021050578799339,0.7918204560407708,0.5399276825684354
SriLanka,LK52A,,2024-01-08,2024-02-05,1,0.6409032874255427,0.2527669149521211,0.8293294960657192,0.4887005169671275
SriLanka,LK52A,,2024-01-15,2024-02-12,1,0.5463847307664527,0.20694985829088192,0.7657373581529996,0.42715649462834165
SriLanka,LK52A,,2024-01-22,2024-02-19,0,0.4728762487716322,0.1780215226651358,0.7094229091897627,0.385326563243672
SriLanka,LK52A,,2024-01-29,2024-02-26,1,0.3861129264086155,0.15997679842678597,0.6345050688878922,0.36079300445834167
SriLanka,LK52A,,2024-02-05,2024-03-04,1,0.3717639552481154,0.14921667342496292,0.6225885807940147,0.3462755201396529
SriLanka,LK52A,,2024-02-12,2024-03-11,1,0.358522826476954,0.1569988732142788,0.611037747274702,0.3645656965185837
SriLanka,LK52A,,2024-02-19,2024-03-18,1,0.2709500189722607,0.10046082927698399,0.5085147051201316,0.25740025776189795
SriLanka,LK52A,,2024-02-26,2024-03-25,0,0.19881998729735076,0.09249573654019477,0.40146108257738067,0.23857512324341784
SriLanka,LK52A,,2024-03-04,2024-04-01,1,0.19358267915172853,0.0952433606285547,0.3847166222580312,0.2408952428102301
SriLanka,LK52A,,2024-03-11,2024-04-08,0,0.1612876391974929,0.11921144282009344,0.32971956996130625,0.2886633379551227
SriLanka,LK52A,,2024-03-18,2024-04-15,0,0.14085492738896857,0.1080529315179363,0.2938802891120306,0.26616038656417773
SriLanka,LK52A,,2024-03-25,2024-04-22,0,0.12549187754389554,0.09800478206231081,0.2622937928308975,0.24233751997642033
SriLanka,LK52A,,2024-04-01,2024-04-29,0,0.1356321817769216,0.12701186145752466,0.27359987943595493,0.2942101018081764
SriLanka,LK52A,,2024-04-08,2024-05-06,0,0.1290856708130602,0.1337135953311655,0.2567133353502455,0.3009173040271568
SriLanka,LK52A,,2024-04-15,2024-05-13,0,0.1481656352539192,0.16193087071045548,0.28149526244827483,0.3425286958043375
SriLanka,LK52A,,2024-04-22,2024-05-20,0,0.16017494109373853,0.17545297913498917,0.29145948687134376,0.3551503820010683
SriLanka,LK52A,,2024-04-29,2024-05-27,0,0.15459281813107578,0.2115740730640867,0.2783385490492513,0.40417722124261146
SriLanka,LK52A,,2024-05-06,2024-06-03,0,0.14239742754533818,0.21771988548220214,0.25340281057336694,0.4048545134431849
SriLanka,LK52A,,2024-05-13,2024-06-10,1,0.21242843709272047,0.2574661491399032,0.3470880729663226,0.4489708202350018
SriLanka,LK52A,,2024-05-20,2024-06-17,0,0.25479462730691654,0.27104701159827677,0.3941788539178653,0.45746014118297645
SriLanka,LK52A,,2024-05-27,2024-06-24,1,0.2924956644577025,0.29915263992612007,0.42818032722547855,0.4797957324227591
SriLanka,LK52A,,2024-06-03,2024-07-01,0,0.3324098545397235,0.2962148269252638,0.4658227878473382,0.4640171599104606
SriLanka,LK52A,,2024-06-10,2024-07-08,1,0.31460647085201954,0.33206454694413473,0.4351143844331583,0.4920467452298636
SriLanka,LK52A,,2024-06-17,2024-07-15,0,0.2507245501027463,0.29111772442188627,0.3466715518006942,0.43013289911140706
SriLanka,LK52A,,2024-06-24,2024-07-22,0,0.228828706553535,0.2982551510289746,0.30839580352240487,0.42653070885059696
SriLanka,LK52A,,2024-07-01,2024-07-29,0,0.1987939964285163,0.27092641535224515,0.26643583352930367,0.3891799932725622
SriLanka,LK52A,,2024-07-08,2024-08-05,0,0.17263088274262986,0.2595139310894541,0.226803515977559,0.36902524436808215
SriLanka,LK52A,,2024-07-15,2024-08-12,1,0.12253381400697169,0.2146414325419025,0.1610516383423109,0.31110982949229254
SriLanka,LK52A,,2024-07-22,2024-08-19,0,0.07983557121985747,0.19852884252461825,0.10585399465032719,0.2904485754165693
SriLanka,LK52A,,2024-07-29,2024-08-26,0,0.06769925168006592,0.16545361661714192,0.08996416813989601,0.24647812676541192
SriLanka,LK52A,,2024-08-05,2024-09-02,0,0.07249604962207337,0.16551783225112737,0.09703640403016799,0.2487451019866988
SriLanka,LK52A,,2024-08-12,2024-09-09,0,0.10107022704197557,0.17898823082620793,0.13064636623222445,0.26219838354525393
SriLanka,LK52A,,2024-08-19,2024-09-16,0,0.11663103611620147,0.15130904978360674,0.1510075055315472,0.22597138707757414
SriLanka,LK52A,,2024-08-26,2024-09-23,0,0.1300977744202653,0.1595624744319577,0.16884673538718623,0.23759382560638417
SriLanka,LK52A,,2024-09-02,2024-09-30,0,0.13168445769109424,0.15424344151777314,0.1707645786896204,0.22988112856835832
SriLanka,LK52A,,2024-09-09,2024-10-07,0,0.10680788360220064,0.1575510331999291,0.13863498344105768,0.23272724074905884
SriLanka,LK52A,,2024-09-16,2024-10-14,0,0.09496687277375607,0.17111379729155693,0.12419194619276835,0.251530450013006
SriLanka,LK52A,,2024-09-23,2024-10-21,0,0.09439098119188984,0.20142070764889278,0.12451926104952503,0.29353921360408114
SriLanka,LK52A,,2024-09-30,2024-10-28,0,0.10339396925044492,0.24380764410439154,0.13599375596555022,0.3473355262487614
SriLanka,LK52A,,2024-10-07,2024-11-04,1,0.16508307901670588,0.2817016268839395,0.21141592489756034,0.3917098260708956
SriLanka,LK52A,,2024-10-14,2024-11-11,0,0.24469595491449914,0.32891882888075086,0.3034020769663948,0.44415712147057584
SriLanka,LK52A,,2024-10-21,2024-11-18,0,0.30950396371439626,0.35182524100015267,0.37004493109878706,0.4636130779965118
SriLanka,LK52A,,2024-10-28,2024-11-25,0,0.3495409131853844,0.3561863497434831,0.4078533059482963,0.46224587676913
SriLanka,LK52A,,2024-11-04,2024-12-02,0,0.44827879404064697,0.428992967493618,0.5056972132917783,0.5316306555199558
SriLanka,LK52A,,2024-11-11,2024-12-09,0,0.5166477765007463,0.42460539061631003,0.5825686989012654,0.532416282487342
SriLanka,LK52A,,2024-11-18,2024-12-16,0,0.532788663176238,0.4165637351336789,0.5994674908793703,0.5227563823115648
SriLanka,LK52A,,2024-11-25,2024-12-23,0,0.5981567743450307,0.4150446812953797,0.6652097503378865,0.5227642498870724
SriLanka,LK52A,,2024-12-02,2024-12-30,0,0.5889744530232992,0.3888576388626774,0.6503174305887819,0.48667374952290826
SriLanka,LK52A,,2024-12-09,2025-01-06,0,0.5048501934045453,0.36952308473694756,0.5543701908769361,0.4492036752984122
SriLanka,LK52A,,2024-12-16,2025-01-13,1,0.41873058934771434,0.3096674614994087,0.45408982094516565,0.3700168099115625
SriLanka,LK52A,,2024-12-23,2025-01-20,0,0.4171315300204123,0.2869242508660077,0.43488408770232906,0.3289251918134477
SriLanka,LK52A,,2024-12-30,2025-01-27,0,0.33132032997254257,0.2364393944756084,0.33864959912981896,0.26685713376206527
SriLanka,LK52A,,2025-01-06,2025-02-03,0,0.27668102397629846,0.21084841662755072,0.27381248024320026,0.23176153898437063
SriLanka,LK52A,,2025-01-13,2025-02-10,0,0.3921989763029795,0.17992868663722345,0.3822356749082456,0.19378963778111213
SriLanka,LK52A,,2025-01-20,2025-02-17,0,0.3034818038751667,0.1353938114245945,0.29204458788841253,0.14439668914635312
SriLanka,LK52A,,2025-01-27,2025-02-24,0,0.22524261293654138,0.11251937923988026,0.21049672890896043,0.11666482762185562
SriLanka,LK52A,,2025-02-03,2025-03-03,0,0.23159875310074482,0.09276264490173118,0.21389596718126802,0.09448562830137779
SriLanka,LK52A,,2025-02-10,2025-03-10,0,0.21625133367257374,0.08174790328731377,0.19241284077685333,0.07946308380854314
SriLanka,LK52A,,2025-02-17,2025-03-17,0,0.2125408236021547,0.078664343635779,0.1869248575048198,0.07508498042582396
SriLanka,LK52A,,2025-02-24,2025-03-24,0,0.22462536912300315,0.0750115668035927,0.20090868928981465,0.0721457539375594
SriLanka,LK52A,,2025-03-03,2025-03-31,0,0.15517034841438518,0.06617218455628457,0.13690515979080767,0.0628453851752912
SriLanka,LK52A,,2025-03-10,2025-04-07,1,0.13996041655509958,0.07357818414470946,0.12503304855761005,0.07069473523729786
SriLanka,LK52A,,2025-03-17,2025-04-14,0,0.1390974425722689,0.08217580810210232,0.12272942154434426,0.07805033403991857
SriLanka,LK52A,,2025-03-24,2025-04-21,1,0.1510105568104466,0.09145521069610342,0.13307029082019553,0.08680415040903264
SriLanka,LK52A,,2025-03-31,2025-04-28,1,0.19818564064124905,0.11428121299146687,0.1792170109022732,0.11105230730750278
SriLanka,LK52A,,2025-04-07,2025-05-05,0,0.24482747376174835,0.14795228974399025,0.22682228765177165,0.14681067663626457
SriLanka,LK52A,,2025-04-14,2025-05-12,0,0.27659662182555705,0.17508054181480134,0.263052421088136,0.17832142422903177
SriLanka,LK52A,,2025-04-21,2025-05-19,0,0.3239106404170097,0.21041371181706883,0.313335300248968,0.21752413097656445
SriLanka,LK52A,,2025-04-28,2025-05-26,1,0.3641652697702844,0.279521781683936,0.36130008937973157,0.2958114456772248
SriLanka,LK52A,,2025-05-05,2025-06-02,1,0.31695678917714165,0.26939018373447615,0.32405449047638546,0.2955092619433482
SriLanka,LK52A,,2025-05-12,2025-06-09,1,0.2784513911066426,0.2978756867804496,0.28718823839914154,0.3297863505551029
SriLanka,LK52A,,2025-05-19,2025-06-16,0,0.281614918246513,0.31464468051363403,0.2912226929760327,0.3506818644754619
SriLanka,LK52A,,2025-05-26,2025-06-23,1,0.3058132736168823,0.3655560219958072,0.32101121638055696,0.41166076755075265
SriLanka,LK52A,,2025-06-02,2025-06-30,1,0.2649078526901637,0.4055716650004044,0.28352319804185844,0.4605779382744992
SriLanka,LK52A,,2025-06-09,2025-07-07,1,0.2262999478544162,0.3594463189795036,0.2503225076700139,0.42306502161231685
SriLanka,LK52A,,2025-06-16,2025-07-14,1,0.19818887895473036,0.3264075069362493,0.2257685746704439,0.3947412248975837
SriLanka,LK52A,,2025-06-23,2025-07-21,0,0.15627523622044626,0.31509895716518627,0.1855146309641925,0.39070865852857084
SriLanka,LK52A,,2025-06-30,2025-07-28,0,0.1188736808844048,0.32054441002760875,0.14620809480469313,0.40236454139416783
SriLanka,LK52A,,2025-07-07,2025-08-04,0,0.07815796127191312,0.2690828390884874,0.10017088119349077,0.34861851468099403
SriLanka,LK52A,,2025-07-14,2025-08-11,0,0.08380853032974467,0.2722833784927494,0.10835304229138545,0.3522440034838386
SriLanka,LK52A,,2025-07-21,2025-08-18,0,0.08581732792442029,0.21239356489946562,0.11249352195876201,0.28296561757811145
SriLanka,LK52A,,2025-07-28,2025-08-25,0,0.07502313399661723,0.1948584784685024,0.10019298796164347,0.2634948738125194
SriLanka,LK52A,,2025-08-04,2025-09-01,0,0.0734318188898961,0.1475866476115178,0.0968440972830127,0.20049347216501393
SriLanka,LK52A,,2025-08-11,2025-09-08,0,0.07752312261258096,0.13640701301138658,0.10156445877021043,0.1846981605583073
SriLanka,LK52A,,2025-08-18,2025-09-15,0,0.07798829510611255,0.1530310578696394,0.09981604583116778,0.20138976708581854
SriLanka,LK52A,,2025-08-25,2025-09-22,0,0.0672178269065738,0.15110331098216637,0.08386823798880934,0.19418954573459316
SriLanka,LK52A,,2025-09-01,2025-09-29,0,0.05830954175078222,0.15150540998790646,0.07183754666821501,0.19210000097030405
SriLanka,LK52A,,2025-09-08,2025-10-06,0,0.07250169225342863,0.17037457809379455,0.0890487938055975,0.21492212633377758
SriLanka,LK52A,,2025-09-15,2025-10-13,0,0.08655133955569996,0.2065568283766281,0.1061348798366716,0.2580147130105666
SriLanka,LK52A,,2025-09-22,2025-10-20,0,0.09289472147796238,0.21813675935145468,0.1137336496418508,0.2711532713143536
SriLanka,LK52A,,2025-09-29,2025-10-27,0,0.09823750646612937,0.22499788146294242,0.12019105673012204,0.27869153298562727
SriLanka,LK52A,,2025-10-06,2025-11-03,1,0.15806885388296568,0.2696960573828622,0.19008283059105383,0.32804109210212196
SriLanka,LK52A,,2025-10-13,2025-11-10,0,0.21422569778355896,0.3100101513805265,0.2522140927520948,0.3690405218070293
SriLanka,LK52A,,2025-10-20,2025-11-17,1,0.26318644904549193,0.3226094933713711,0.30615846517754197,0.3810903512371171
SriLanka,LK52A,,2025-10-27,2025-11-24,1,0.34482984193365196,0.3831131885236424,0.39618358382173174,0.44672578715049066
SriLanka,LK52A,,2025-11-03,2025-12-01,0,0.3620768205138669,0.4361542449810497,0.4153545576078233,0.501898416257345
SriLanka,LK52A,,2025-11-10,2025-12-08,1,0.4669273749136329,0.44580379984232826,0.5224580574050895,0.5101631788358565
SriLanka,LK52A,,2025-11-17,2025-12-15,1,0.5089770547781015,0.4876168410628638,0.5665783751545831,0.554500369196788
SriLanka,LK52K,,2023-01-02,2023-01-30,1,0.5860043100300633,0.5303666988732683,0.5422007502312026,0.49403284746679177
SriLanka,LK52K,,2023-01-09,2023-02-06,1,0.9002474824134743,0.9067265130842169,0.8843126864062069,0.8935993980952651
SriLanka,LK52K,,2023-01-16,2023-02-13,1,0.8613484630360303,0.8895919866246117,0.849151229521062,0.8804148394491165
SriLanka,LK52K,,2023-01-23,2023-02-20,1,0.7626243934101185,0.7771139467333495,0.7503309122824415,0.7660492327441805
SriLanka,LK52K,,2023-01-30,2023-02-27,1,0.490972602278807,0.4557946896370553,0.48451423637596785,0.4492918766323817
SriLanka,LK52K,,2023-02-06,2023-03-06,1,0.5370103513620438,0.5171794745622424,0.5348847304644778,0.5142250449088371
SriLanka,LK52K,,2023-02-13,2023-03-13,1,0.325185002082916,0.2904181759470765,0.3351721667973814,0.297790698484664
SriLanka,LK52K,,2023-02-20,2023-03-20,0,0.18546241891412366,0.16915778178029212,0.19734892485356884,0.17758260825067138
SriLanka,LK52K,,2023-02-27,2023-03-27,1,0.21930953558556554,0.18189900989513905,0.2392098028164683,0.195597535938399
SriLanka,LK52K,,2023-03-06,2023-04-03,1,0.2177402523457717,0.13119927190904665,0.2453896141808656,0.14653565887946393
SriLanka,LK52K,,2023-03-13,2023-04-10,0,0.1904663745547384,0.11354234487848355,0.21932819056376632,0.12953637689712968
SriLanka,LK52K,,2023-03-20,2023-04-17,1,0.18388943358252868,0.09727634136327641,0.21639135335221377,0.11402778924385125
SriLanka,LK52K,,2023-03-27,2023-04-24,1,0.2630069744652208,0.15068535777200956,0.31087715407892563,0.17961680040265393
SriLanka,LK52K,,2023-04-03,2023-05-01,1,0.3185032370624212,0.19784346007816392,0.3771958382390211,0.2382929354418524
SriLanka,LK52K,,2023-04-10,2023-05-08,1,0.2309972043848147,0.14120036535687486,0.28430453121559573,0.17591886314604513
SriLanka,LK52K,,2023-04-17,2023-05-15,0,0.33779340986429174,0.350320257253719,0.4116009134720263,0.42069781886686414
SriLanka,LK52K,,2023-04-24,2023-05-22,1,0.27060229783081413,0.2942064931142528,0.34077119043899473,0.36265835341872654
SriLanka,LK52K,,2023-05-01,2023-05-29,0,0.27810241396496355,0.3221225135101274,0.35643869141510925,0.40028862157029105
SriLanka,LK52K,,2023-05-08,2023-06-05,1,0.3592612712962974,0.3952324602912994,0.45304651373686616,0.4847523428646657
SriLanka,LK52K,,2023-05-15,2023-06-12,1,0.280948779627661,0.3418850971983436,0.374488960630111,0.43636482362778717
SriLanka,LK52K,,2023-05-22,2023-06-19,0,0.2741911589729672,0.35649967129455756,0.37852348225222493,0.46356911166556464
SriLanka,LK52K,,2023-05-29,2023-06-26,0,0.19546793240490856,0.31596101102603774,0.29038765440905623,0.4278863893120293
SriLanka,LK52K,,2023-06-05,2023-07-03,0,0.16874358965083516,0.3502036654033781,0.2606765716326695,0.47673612994033787
SriLanka,LK52K,,2023-06-12,2023-07-10,0,0.14488731975599764,0.34761625568323873,0.23225282101462155,0.482538264373075
SriLanka,LK52K,,2023-06-19,2023-07-17,0,0.13868336096224265,0.2996369600871893,0.22944873455250944,0.4372869334729196
SriLanka,LK52K,,2023-06-26,2023-07-24,0,0.12119046972471158,0.2366531630273404,0.20602492861634242,0.3639737507070585
SriLanka,LK52K,,2023-07-03,2023-07-31,0,0.12858836451617214,0.21334296758594246,0.22194046622338975,0.3390883657785147
SriLanka,LK52K,,2023-07-10,2023-08-07,0,0.1153015536079722,0.19967515712955494,0.20367273559339183,0.3240092471521708
SriLanka,LK52K,,2023-07-17,2023-08-14,0,0.08754626569154561,0.17942666163477727,0.1619466139370104,0.3011457408367323
SriLanka,LK52K,,2023-07-24,2023-08-21,0,0.06683328209005814,0.16378762996022564,0.1267176827092619,0.28053597889469944
SriLanka,LK52K,,2023-07-31,2023-08-28,0,0.04185993899933909,0.12738309679766727,0.08103826055538922,0.22605221982571497
SriLanka,LK52K,,2023-08-07,2023-09-04,0,0.045220790489823984,0.1346009709252435,0.08681233553020509,0.2369196814115967
SriLanka,LK52K,,2023-08-14,2023-09-11,0,0.05167458540288995,0.1320626645910416,0.10107374848263859,0.23795279766943964
SriLanka,LK52K,,2023-08-21,2023-09-18,0,0.04458015978762694,0.1103664935165942,0.08792873987075936,0.2033746831063825
SriLanka,LK52K,,2023-08-28,2023-09-25,0,0.0534966411785596,0.09793063485046227,0.1047280960241317,0.1832015715327392
SriLanka,LK52K,,2023-09-04,2023-10-02,0,0.07196326036733103,0.098432775029323,0.1393146865384298,0.18527391228586515
SriLanka,LK52K,,2023-09-11,2023-10-09,0,0.08493815832179964,0.10164274388852636,0.16271407980269645,0.1906716794975976
SriLanka,LK52K,,2023-09-18,2023-10-16,1,0.10138573284679213,0.10992028474497394,0.19286012936800837,0.20563268626788989
SriLanka,LK52K,,2023-09-25,2023-10-23,1,0.12209193717066195,0.1368421223806462,0.22771508466551543,0.24853305903040654
SriLanka,LK52K,,2023-10-02,2023-10-30,1,0.12980073356617292,0.1535626598211002,0.2420174378690895,0.2752514489426104
SriLanka,LK52K,,2023-10-09,2023-11-06,0,0.15691721914885062,0.170411005455519,0.2872272046748993,0.3022697531610713
SriLanka,LK52K,,2023-10-16,2023-11-13,0,0.2964839204302241,0.3258758933302444,0.4799542240367385,0.5061815085014532
SriLanka,LK52K,,2023-10-23,2023-11-20,0,0.479791709853535,0.47948431249911866,0.6728003447919924,0.6643245227247384
SriLanka,LK52K,,2023-10-30,2023-11-27,0,0.6567941362091213,0.643025685736049,0.8100582999681473,0.7949359380964532
SriLanka,LK52K,,2023-11-06,2023-12-04,1,0.5152962804543781,0.4654810239194348,0.7057317723257739,0.6564997175249259
SriLanka,LK52K,,2023-11-13,2023-12-11,1,0.4060219142720882,0.34500130226501025,0.6002799421227938,0.5324435177959477
SriLanka,LK52K,,2023-11-20,2023-12-18,1,0.38218961589396383,0.2909320039168836,0.5723582730887156,0.468806021499746
SriLanka,LK52K,,2023-11-27,2023-12-25,1,0.42169803465338523,0.3150089633832127,0.6040341303203909,0.49059199838672185
SriLanka,LK52K,,2023-12-04,2024-01-01,1,0.5113301701700268,0.38959078082173426,0.6921033151899553,0.5804086347376405
SriLanka,LK52K,,2023-12-11,2024-01-08,1,0.5600740134179959,0.4105495969214247,0.7427754698835471,0.6160074109972491
SriLanka,LK52K,,2023-12-18,2024-01-15,1,0.7986346081984556,0.7401911836852931,0.9055301304646268,0.8754564428265506
SriLanka,LK52K,,2023-12-25,2024-01-22,1,0.817733993352451,0.46279845400003755,0.919639588880547,0.6923118083778503
SriLanka,LK52K,,2024-01-01,2024-01-29,1,0.8208123977531657,0.5276997259972788,0.9235315165070235,0.751804156290363
SriLanka,LK52K,,2024-01-08,2024-02-05,1,0.7180630729594065,0.30398274251099094,0.873963814942582,0.5523821451637915
SriLanka,LK52K,,2024-01-15,2024-02-12,1,0.8367189379506297,0.5609073599436144,0.9329139970407714,0.7849573725025961
SriLanka,LK52K,,2024-01-22,2024-02-19,0,0.6917789914675216,0.35787038252103914,0.8593176320094699,0.6173204960613774
SriLanka,LK52K,,2024-01-29,2024-02-26,0,0.4983166307414163,0.25191868525713484,0.732734420245118,0.49951786369548995
SriLanka,LK52K,,2024-02-05,2024-03-04,0,0.5125452166017824,0.2534728322305761,0.7456221606161916,0.5062825368174174
SriLanka,LK52K,,2024-02-12,2024-03-11,0,0.4528226306543705,0.23057093571008463,0.6993459349945237,0.4800200270062975
SriLanka,LK52K,,2024-02-19,2024-03-18,0,0.2736962132714106,0.1045924700963469,0.5119778195687664,0.26607715476530236
SriLanka,LK52K,,2024-02-26,2024-03-25,0,0.1634026811902541,0.07747760398122287,0.3455132417661255,0.20520180987798087
SriLanka,LK52K,,2024-03-04,2024-04-01,0,0.170797732446254,0.08313497191426651,0.3491759546935791,0.21466330650488324
SriLanka,LK52K,,2024-03-11,2024-04-08,0,0.11802456419860133,0.08076360878795366,0.2550140645478779,0.20850133885541366
SriLanka,LK52K,,2024-03-18,2024-04-15,0,0.10928546256450553,0.07482413611159922,0.237494442324897,0.19493620557868718
SriLanka,LK52K,,2024-03-25,2024-04-22,0,0.10146702742448357,0.07123737508017383,0.21862634300228456,0.184199688232458
SriLanka,LK52K,,2024-04-01,2024-04-29,0,0.09638974439506619,0.07520786682105295,0.2038536234738862,0.18897331864045536
SriLanka,LK52K,,2024-04-08,2024-05-06,0,0.0893374254226432,0.08174980495951528,0.18606167632862183,0.19889346453603093
SriLanka,LK52K,,2024-04-15,2024-05-13,0,0.09614951875693993,0.09138717941739599,0.19329276418784982,0.21333673112076995
SriLanka,LK52K,,2024-04-22,2024-05-20,0,0.11632793872069114,0.11848785289487852,0.22113713187486092,0.2581050327572767
SriLanka,LK52K,,2024-04-29,2024-05-27,0,0.11680274929818557,0.13962588211651158,0.2181028958884295,0.29089788086858415
SriLanka,LK52K,,2024-05-06,2024-06-03,0,0.12675827337918288,0.15569161814316018,0.22882512776325295,0.3106857936075379
SriLanka,LK52K,,2024-05-13,2024-06-10,0,0.16705934756668736,0.15324305355718465,0.2833046812680824,0.29837706824531346
SriLanka,LK52K,,2024-05-20,2024-06-17,0,0.18150196202371485,0.16181723289330927,0.29675831320396295,0.30448653501464384
SriLanka,LK52K,,2024-05-27,2024-06-24,0,0.20571467615663402,0.19551779376512182,0.3193114405725071,0.3443265523876916
SriLanka,LK52K,,2024-06-03,2024-07-01,0,0.22509497700176573,0.20002185456126934,0.33719159199141685,0.33962849884687407
SriLanka,LK52K,,2024-06-10,2024-07-08,0,0.1536734236177192,0.18676893316211612,0.23354176441367808,0.3091498964498148
SriLanka,LK52K,,2024-06-17,2024-07-15,0,0.11572512196418829,0.17418576646034079,0.17186019411176384,0.27936880203485076
SriLanka,LK52K,,2024-06-24,2024-07-22,0,0.11072069825287374,0.1985943780946188,0.15761344067225086,0.3024829071072311
SriLanka,LK52K,,2024-07-01,2024-07-29,0,0.09238932120477583,0.15757886130613782,0.12968613231418188,0.24283720811585857
SriLanka,LK52K,,2024-07-08,2024-08-05,0,0.08818177395413171,0.15266541809507778,0.11968734537220789,0.23116381917473613
SriLanka,LK52K,,2024-07-15,2024-08-12,0,0.06625164844329771,0.1296330133421852,0.08886932164749768,0.19750340138657452
SriLanka,LK52K,,2024-07-22,2024-08-19,1,0.0399206446154345,0.10825393989158265,0.05368979578984487,0.1670899331300916
SriLanka,LK52K,,2024-07-29,2024-08-26,0,0.05276550202410053,0.1235464848166728,0.07049035670986432,0.18868865572454108
SriLanka,LK52K,,2024-08-05,2024-09-02,0,0.05081841816699944,0.10121723351519774,0.06856320471381538,0.1582434439099477
SriLanka,LK52K,,2024-08-12,2024-09-09,0,0.06286448112262996,0.09401393424462921,0.0822838659734394,0.14468175270769296
SriLanka,LK52K,,2024-08-19,2024-09-16,0,0.1252609440631688,0.15424110451571424,0.1617153866327029,0.2299582227352092
SriLanka,LK52K,,2024-08-26,2024-09-23,0,0.09432385111822049,0.12211805814775441,0.12393577005432017,0.1858879979368571
SriLanka,LK52K,,2024-09-02,2024-09-30,0,0.08016828765277662,0.10829295691245167,0.10582314286401069,0.16581525435865013
SriLanka,LK52K,,2024-09-09,2024-10-07,0,0.08104852827146135,0.1472451285249413,0.10611163733138675,0.21878088503444382
SriLanka,LK52K,,2024-09-16,2024-10-14,0,0.05805039398481188,0.13041417999250665,0.07687985715320592,0.19623184023298132
SriLanka,LK52K,,2024-09-23,2024-10-21,0,0.056030197451745874,0.1353490756458364,0.07492730162356345,0.2050074095682489
SriLanka,LK52K,,2024-09-30,2024-10-28,0,0.05661313031753577,0.13408829831595667,0.07570853132656588,0.20356824629383613
SriLanka,LK52K,,2024-10-07,2024-11-04,0,0.09953491666511413,0.16609070212908014,0.13034280729969985,0.2464409983686001
SriLanka,LK52K,,2024-10-14,2024-11-11,0,0.1341410397060892,0.1782421488142067,0.1723767177048923,0.26124050976528373
SriLanka,LK52K,,2024-10-21,2024-11-18,0,0.1842525694449533,0.2095829621286502,0.22839749108167487,0.29687558292212346
SriLanka,LK52K,,2024-10-28,2024-11-25,0,0.2099860444308235,0.2241008861446256,0.25411233253595134,0.30975276860952367
SriLanka,LK52K,,2024-11-04,2024-12-02,0,0.267375353107181,0.26691730458546475,0.3148454272414679,0.3548776710990784
SriLanka,LK52K,,2024-11-11,2024-12-09,0,0.3336987340762334,0.26737191423153656,0.3953706555244533,0.3602557108599045
SriLanka,LK52K,,2024-11-18,2024-12-16,0,0.39460457871954696,0.2874666939518506,0.4610555500377755,0.3823145966308805
SriLanka,LK52K,,2024-11-25,2024-12-23,0,0.4210336630564459,0.256868115012205,0.4925694937237376,0.3479547608626732
SriLanka,LK52K,,2024-12-02,2024-12-30,1,0.42787228592026355,0.247427795067441,0.4925430210210354,0.3288084611214405
SriLanka,LK52K,,2024-12-09,2025-01-06,0,0.37284771217679874,0.2331571865811819,0.4204133888909579,0.29729874008482887
SriLanka,LK52K,,2024-12-16,2025-01-13,0,0.3173027491453637,0.20684927106155174,0.3492430910370096,0.254549540449031
SriLanka,LK52K,,2024-12-23,2025-01-20,0,0.3233705042997123,0.19372918117136004,0.33945665392214996,0.22641966090764593
SriLanka,LK52K,,2024-12-30,2025-01-27,0,0.4534459119044539,0.32252439551213974,0.4616117734027643,0.35881264356211157
SriLanka,LK52K,,2025-01-06,2025-02-03,0,0.2677451767572848,0.17816457126366197,0.2649353436999044,0.19664372281044587
SriLanka,LK52K,,2025-01-13,2025-02-10,0,0.38016554904091904,0.14621944413114335,0.3703216878533494,0.1579838445995113
SriLanka,LK52K,,2025-01-20,2025-02-17,0,0.26067995009246164,0.0977623131204836,0.25027618117079015,0.1045655462049754
SriLanka,LK52K,,2025-01-27,2025-02-24,0,0.18103733862058338,0.07995946955997489,0.16855581566041258,0.08301755480162147
SriLanka,LK52K,,2025-02-03,2025-03-03,0,0.18575662589306605,0.06569181786462354,0.17077910523989212,0.06694908986425967
SriLanka,LK52K,,2025-02-10,2025-03-10,0,0.16291133839905814,0.05960559187492773,0.14387340085357436,0.057900617781884926
SriLanka,LK52K,,2025-02-17,2025-03-17,0,0.14819064311394012,0.05047100465761237,0.12905922771501646,0.04810750323564955
SriLanka,LK52K,,2025-02-24,2025-03-24,0,0.19636583619057074,0.044132672382352016,0.17495962467325993,0.04239251876654544
SriLanka,LK52K,,2025-03-03,2025-03-31,0,0.1578746450874182,0.05233523328650262,0.13934363562660027,0.049667085832654084
SriLanka,LK52K,,2025-03-10,2025-04-07,0,0.1256819075994048,0.04923943561861745,0.11207894570800667,0.04726113747104965
SriLanka,LK52K,,2025-03-17,2025-04-14,0,0.11055384845572305,0.05054194987218173,0.09716554789939558,0.047921672066819444
SriLanka,LK52K,,2025-03-24,2025-04-21,0,0.12402637785685901,0.0598331885280626,0.10888073981861263,0.05668995831715835
SriLanka,LK52K,,2025-03-31,2025-04-28,0,0.1615055587436222,0.07276446231429404,0.14541095746669072,0.0706150522900128
SriLanka,LK52K,,2025-04-07,2025-05-05,0,0.2036244887144329,0.0949260652582542,0.18789552733383763,0.09414839698667021
SriLanka,LK52K,,2025-04-14,2025-05-12,0,0.20332557838606025,0.09982424543782015,0.19241493887594355,0.10184405866553058
SriLanka,LK52K,,2025-04-21,2025-05-19,0,0.24112402582495904,0.11837166374332761,0.23232279234604955,0.1228556989131325
SriLanka,LK52K,,2025-04-28,2025-05-26,0,0.23401529633391382,0.1469777610896775,0.2318008014292034,0.15722882192136423
SriLanka,LK52K,,2025-05-05,2025-06-02,0,0.23424644544236742,0.1774139291234021,0.24014316880783143,0.19702011747523235
SriLanka,LK52K,,2025-05-12,2025-06-09,0,0.1793325087278828,0.1878595233902994,0.18576000672344498,0.2115352338496493
SriLanka,LK52K,,2025-05-19,2025-06-16,0,0.17053138727515266,0.19411299426143197,0.1772846134458043,0.2207926706630045
SriLanka,LK52K,,2025-05-26,2025-06-23,0,0.1372066876156106,0.18774182605715642,0.14578512689376094,0.2191673745254035
SriLanka,LK52K,,2025-06-02,2025-06-30,0,0.11798242455802388,0.22004343365657866,0.12807198118959273,0.26093261026140163
SriLanka,LK52K,,2025-06-09,2025-07-07,0,0.1024712495675673,0.1890889964666121,0.1153079822794274,0.23354948932229566
SriLanka,LK52K,,2025-06-16,2025-07-14,0,0.09708951964667807,0.18112934833697059,0.11257565621151634,0.22940716373846357
SriLanka,LK52K,,2025-06-23,2025-07-21,0,0.07547763362185572,0.15856762972760607,0.09123432817640195,0.2080250575434018
SriLanka,LK52K,,2025-06-30,2025-07-28,0,0.05840064993337284,0.1660054064626584,0.0729813433364361,0.2212222261004269
SriLanka,LK52K,,2025-07-07,2025-08-04,0,0.04429502766926763,0.14612071584189817,0.057364057845851364,0.1992173520080711
SriLanka,LK52K,,2025-07-14,2025-08-11,0,0.04037603542623691,0.1230224065248985,0.05293565267427299,0.16935062178358007
SriLanka,LK52K,,2025-07-21,2025-08-18,0,0.042530066541084634,0.10283581769515575,0.0565833226041643,0.14364426138089123
SriLanka,LK52K,,2025-07-28,2025-08-25,0,0.041903920393496295,0.09619532040449445,0.056642882650255306,0.13594684517788397
SriLanka,LK52K,,2025-08-04,2025-09-01,0,0.05218187801275992,0.085974616968018,0.06932594990116031,0.11990151376962402
SriLanka,LK52K,,2025-08-11,2025-09-08,0,0.053370562330023665,0.08566953734404746,0.07049413311901129,0.11846242452086739
SriLanka,LK52K,,2025-08-18,2025-09-15,0,0.043660600879310466,0.07711962491822122,0.056468980261130855,0.10444813165832491
SriLanka,LK52K,,2025-08-25,2025-09-22,0,0.039783092897317955,0.08208523761036485,0.05000198453732255,0.10799503382077867
SriLanka,LK52K,,2025-09-01,2025-09-29,0,0.04103695555086308,0.08664287230353898,0.050773727803764074,0.11215532753125691
SriLanka,LK52K,,2025-09-08,2025-10-06,0,0.06536186292171327,0.11403747499347554,0.08042072890452719,0.14645503139776847
SriLanka,LK52K,,2025-09-15,2025-10-13,0,0.08046503276243334,0.1234885542678041,0.09882043676241978,0.15838315275475967
SriLanka,LK52K,,2025-09-22,2025-10-20,0,0.07064173732354814,0.12279495949696513,0.08696728615426687,0.15730130352843744
SriLanka,LK52K,,2025-09-29,2025-10-27,0,0.07796576068331285,0.14738277196273167,0.09587072713080526,0.18702407190864248
SriLanka,LK52K,,2025-10-06,2025-11-03,0,0.112390699569104,0.17482172201920948,0.13665498329814713,0.21879098916915418
SriLanka,LK52K,,2025-10-13,2025-11-10,0,0.14721562088446702,0.22001152887548744,0.17598247978325787,0.2685753820263187
SriLanka,LK52K,,2025-10-20,2025-11-17,0,0.1739013952828378,0.2430970270970129,0.20637857882260188,0.29340745780087274
SriLanka,LK52K,,2025-10-27,2025-11-24,0,0.20030343860263414,0.27579678139796915,0.2379507345759976,0.3311559627105539
SriLanka,LK52K,,2025-11-03,2025-12-01,0,0.17823981774390166,0.2663025738255893,0.21352109404377587,0.32102068957743796
SriLanka,LK52K,,2025-11-10,2025-12-08,0,0.29931579796738406,0.3117541354287998,0.34792300542729776,0.36966991544292643
SriLanka,LK52K,,2025-11-17,2025-12-15,0,0.3514087305563535,0.33110832139181917,0.40591940695242545,0.3929896100892081
SriLanka,LK53,,2023-01-02,2023-01-30,0,0.3639568907751863,0.23321969590063524,0.32377064020276575,0.20821715313587907
SriLanka,LK53,,2023-01-09,2023-02-06,1,0.3441461586174233,0.23387319210667173,0.3076925268543247,0.20869208364137798
SriLanka,LK53,,2023-01-16,2023-02-13,1,0.30188951374601025,0.248376918865634,0.2815285551604294,0.23191966281474524
SriLanka,LK53,,2023-01-23,2023-02-20,1,0.24495153714130155,0.200917189520383,0.23281826792279928,0.19102521255491275
SriLanka,LK53,,2023-01-30,2023-02-27,1,0.21177893598826156,0.13143274787227727,0.20749608572425335,0.128465192396429
SriLanka,LK53,,2023-02-06,2023-03-06,1,0.20543996093573133,0.13630955621863616,0.2040483617652463,0.13492286939883846
SriLanka,LK53,,2023-02-13,2023-03-13,1,0.3548541952217936,0.23982022770847447,0.36525935527580244,0.2463542230205473
SriLanka,LK53,,2023-02-20,2023-03-20,1,0.2155352865900686,0.13254991388795961,0.22880778008064345,0.13945753413168863
SriLanka,LK53,,2023-02-27,2023-03-27,1,0.3729009021403178,0.2543444511655333,0.39960435685866597,0.27168690309857735
SriLanka,LK53,,2023-03-06,2023-04-03,1,0.35221259204909616,0.2003172911119715,0.3884581408281607,0.22167169803415682
SriLanka,LK53,,2023-03-13,2023-04-10,1,0.29980287384963017,0.18605637799151606,0.338308835059424,0.20984696990962404
SriLanka,LK53,,2023-03-20,2023-04-17,1,0.43263596793214865,0.35627777070045014,0.48307885544169676,0.3979679138771007
SriLanka,LK53,,2023-03-27,2023-04-24,1,0.6280364816411204,0.6092365794143699,0.680958165019436,0.6580000189702652
SriLanka,LK53,,2023-04-03,2023-05-01,1,0.7192308247228891,0.7500015158435809,0.7684964452004909,0.7918951112895625
SriLanka,LK53,,2023-04-10,2023-05-08,1,0.5891757539902074,0.6371206182984156,0.6547623296880465,0.6950843690231242
SriLanka,LK53,,2023-04-17,2023-05-15,1,0.8365887035733109,0.9143217347793177,0.875321640550313,0.9349481045798892
SriLanka,LK53,,2023-04-24,2023-05-22,1,0.8298580695065313,0.9032744127758664,0.8717287567641228,0.9272601392740756
SriLanka,LK53,,2023-05-01,2023-05-29,1,0.8655182343243482,0.8796603960767426,0.9024667602937947,0.9112496964496822
SriLanka,LK53,,2023-05-08,2023-06-05,1,0.7299189567753712,0.7678696227001136,0.7996990279389807,0.8264510904427107
SriLanka,LK53,,2023-05-15,2023-06-12,1,0.7471966780933291,0.8355938985486745,0.8191308806683497,0.8833743075302829
SriLanka,LK53,,2023-05-22,2023-06-19,1,0.49539900511003115,0.6091800419985308,0.6128330696768064,0.7085751261134946
SriLanka,LK53,,2023-05-29,2023-06-26,1,0.5818926341757814,0.7581504898734162,0.7009676816773641,0.8354123864036002
SriLanka,LK53,,2023-06-05,2023-07-03,0,0.537770932832429,0.7504034956693968,0.6689577822615377,0.8355916553134178
SriLanka,LK53,,2023-06-12,2023-07-10,1,0.5237889174859712,0.7461564525999359,0.6625928910665959,0.8372456646068056
SriLanka,LK53,,2023-06-19,2023-07-17,0,0.4207507121201695,0.6062401158662651,0.5732564357444632,0.736602053160499
SriLanka,LK53,,2023-06-26,2023-07-24,0,0.32829705934570297,0.4683713154791722,0.4790753618667996,0.619228501930797
SriLanka,LK53,,2023-07-03,2023-07-31,0,0.2071102710685061,0.3328351569410535,0.33551881566172853,0.4855395575398504
SriLanka,LK53,,2023-07-10,2023-08-07,0,0.1380612649289678,0.295878374712404,0.23916069508372398,0.446682455999749
SriLanka,LK53,,2023-07-17,2023-08-14,0,0.0826021984259535,0.2001833820438519,0.15350775150050658,0.33031520807387743
SriLanka,LK53,,2023-07-24,2023-08-21,0,0.07207165900842373,0.17836491896240966,0.1359658914787809,0.3017544190871154
SriLanka,LK53,,2023-07-31,2023-08-28,0,0.0516936992335991,0.14256121880527592,0.09912364261850856,0.2496239180859454
SriLanka,LK53,,2023-08-07,2023-09-04,0,0.04519311517627267,0.11025894370168415,0.08676151905923418,0.19831408058802955
SriLanka,LK53,,2023-08-14,2023-09-11,0,0.04548897789564262,0.09864161024384466,0.08953318795663855,0.1833965339937798
SriLanka,LK53,,2023-08-21,2023-09-18,0,0.04307462456692213,0.10720660392454907,0.08508964031102857,0.19814498724968727
SriLanka,LK53,,2023-08-28,2023-09-25,0,0.04468715304524843,0.09328673946249905,0.08826890381896044,0.17529989705356283
SriLanka,LK53,,2023-09-04,2023-10-02,0,0.06575238252952666,0.10490441908545656,0.1280932855678279,0.19621249372531294
SriLanka,LK53,,2023-09-11,2023-10-09,0,0.06375304988498723,0.10253590009582397,0.12477541174118371,0.19217979588205833
SriLanka,LK53,,2023-09-18,2023-10-16,0,0.07416378664697953,0.11412878727659681,0.14504167177201988,0.21263030064053276
SriLanka,LK53,,2023-09-25,2023-10-23,0,0.0785572800767543,0.1282392160984137,0.15308547267780995,0.23481866589814832
SriLanka,LK53,,2023-10-02,2023-10-30,0,0.11654656928758883,0.16653680684687583,0.22020425394115775,0.29492451245122936
SriLanka,LK53,,2023-10-09,2023-11-06,0,0.1596075228484632,0.18905426906694364,0.29137949618823883,0.32960711477564886
SriLanka,LK53,,2023-10-16,2023-11-13,0,0.1932303636458314,0.2136994381273804,0.3440531849809552,0.3655991091322459
SriLanka,LK53,,2023-10-23,2023-11-20,0,0.26788694142718456,0.2521313784590276,0.4492714827551178,0.4200563045338914
SriLanka,LK53,,2023-10-30,2023-11-27,0,0.3889210973716453,0.3130755474125607,0.5864961457141968,0.4951597689736405
SriLanka,LK53,,2023-11-06,2023-12-04,0,0.3988484682247083,0.28191794014115057,0.599473985161246,0.4628342804514309
SriLanka,LK53,,2023-11-13,2023-12-11,0,0.4703638994205261,0.3032117695928525,0.6611410905451751,0.4847526427780472
SriLanka,LK53,,2023-11-20,2023-12-18,1,0.47720301886171107,0.30085692836671196,0.6638487040458391,0.4806853905519589
SriLanka,LK53,,2023-11-27,2023-12-25,0,0.5511653619388858,0.3813319569860433,0.7198040198967476,0.563473109937039
SriLanka,LK53,,2023-12-04,2024-01-01,1,0.545449055141687,0.37477157584366305,0.7204997594503959,0.5650500693528382
SriLanka,LK53,,2023-12-11,2024-01-08,1,0.6115426467189539,0.3649819185298702,0.781218831520592,0.569674665816529
SriLanka,LK53,,2023-12-18,2024-01-15,1,0.630258758847391,0.3634953741821089,0.8046766701018193,0.5848953542739996
SriLanka,LK53,,2023-12-25,2024-01-22,1,0.597115482642727,0.3135220473900487,0.7908159639551716,0.5439678419201242
SriLanka,LK53,,2024-01-01,2024-01-29,1,0.5704893261261224,0.34507616353624665,0.7778728049895124,0.588215076921858
SriLanka,LK53,,2024-01-08,2024-02-05,1,0.6319540264072627,0.35750852968128977,0.8237849932596691,0.6112357090725631
SriLanka,LK53,,2024-01-15,2024-02-12,1,0.5168338292306055,0.254598605593266,0.7437751089976286,0.4939285852554189
SriLanka,LK53,,2024-01-22,2024-02-19,0,0.4878137218889305,0.2309246348479035,0.7216035624039423,0.46498546899627397
SriLanka,LK53,,2024-01-29,2024-02-26,0,0.3668832188152836,0.16015876535315868,0.6153039127502345,0.36110519930254886
SriLanka,LK53,,2024-02-05,2024-03-04,0,0.2960431153401118,0.13854460036804012,0.5396651906226281,0.3269254016243371
SriLanka,LK53,,2024-02-12,2024-03-11,0,0.19125347429062708,0.11998633276475357,0.39928906759692145,0.2957889584440004
SriLanka,LK53,,2024-02-19,2024-03-18,0,0.15668900968747734,0.09982277366520646,0.3409187240896255,0.2560491593961034
SriLanka,LK53,,2024-02-26,2024-03-25,0,0.150349928265402,0.08994133671557424,0.3235391881747553,0.23302240538958657
SriLanka,LK53,,2024-03-04,2024-04-01,0,0.12382851153682907,0.06788943451679,0.26907052719086744,0.18003388199443024
SriLanka,LK53,,2024-03-11,2024-04-08,0,0.09850740090609678,0.08159071980123819,0.21845454323916927,0.21033729498311507
SriLanka,LK53,,2024-03-18,2024-04-15,0,0.10486914916226704,0.08644072214940746,0.22923046807856026,0.22075100923601537
SriLanka,LK53,,2024-03-25,2024-04-22,0,0.08181787529017337,0.08311123406798573,0.18085583040147737,0.2106320345258376
SriLanka,LK53,,2024-04-01,2024-04-29,0,0.06259790714685483,0.07973017621009347,0.13814740286594357,0.19886540265079525
SriLanka,LK53,,2024-04-08,2024-05-06,0,0.06871756038949783,0.09507035675733334,0.1467136741050578,0.226591571562167
SriLanka,LK53,,2024-04-15,2024-05-13,0,0.08210448775617414,0.13209126634708399,0.16769023149950418,0.29096372623747935
SriLanka,LK53,,2024-04-22,2024-05-20,0,0.07697803454853391,0.13857954753597623,0.15245013273194974,0.2939760322468422
SriLanka,LK53,,2024-04-29,2024-05-27,0,0.07365848590520492,0.18902599126988157,0.1436255860642331,0.3707552831170971
SriLanka,LK53,,2024-05-06,2024-06-03,0,0.08559464190602326,0.21918007658938973,0.16061249399533178,0.4069169245173147
SriLanka,LK53,,2024-05-13,2024-06-10,0,0.14745331485767346,0.2269026559167143,0.25421993406544485,0.40817051771496243
SriLanka,LK53,,2024-05-20,2024-06-17,0,0.19026054872672618,0.2092489416172979,0.3089791641387371,0.3750263063631551
SriLanka,LK53,,2024-05-27,2024-06-24,0,0.19948333579190208,0.2163229728423938,0.3109863663354101,0.3736126526665823
SriLanka,LK53,,2024-06-03,2024-07-01,0,0.2314332329151677,0.22810719547489788,0.3452798465490575,0.3780525435874784
SriLanka,LK53,,2024-06-10,2024-07-08,0,0.1856197236541023,0.21414425808617754,0.2766638052630468,0.3468131924865062
SriLanka,LK53,,2024-06-17,2024-07-15,0,0.17368019433515122,0.21917596283287338,0.24998042844727358,0.34033041082181603
SriLanka,LK53,,2024-06-24,2024-07-22,0,0.1321003247693614,0.201377604408881,0.1861523985173728,0.306165863598525
SriLanka,LK53,,2024-07-01,2024-07-29,0,0.10444723996600425,0.18923371423190802,0.14582962289749804,0.28580832817544893
SriLanka,LK53,,2024-07-08,2024-08-05,0,0.07977342336148836,0.1574341556908245,0.10863276892345897,0.23769672728658653
SriLanka,LK53,,2024-07-15,2024-08-12,0,0.06978733983077597,0.15988125882556772,0.09349120841638255,0.23923536269333015
SriLanka,LK53,,2024-07-22,2024-08-19,0,0.044350734799333234,0.13151961621452632,0.059553101280394885,0.20016221485581137
SriLanka,LK53,,2024-07-29,2024-08-26,0,0.047267955571263585,0.1280465880628411,0.06326943795248613,0.19503352077397246
SriLanka,LK53,,2024-08-05,2024-09-02,0,0.05950396601260026,0.11875272066370857,0.08002587569996199,0.18363989782491055
SriLanka,LK53,,2024-08-12,2024-09-09,0,0.08024516670615778,0.11200536236131438,0.10443526504329592,0.17054422648328638
SriLanka,LK53,,2024-08-19,2024-09-16,0,0.09031000602952251,0.09331219055460219,0.1179644695323798,0.14421953198279167
SriLanka,LK53,,2024-08-26,2024-09-23,0,0.10097553408786049,0.10117218608236947,0.13237046737949965,0.15594722513604461
SriLanka,LK53,,2024-09-02,2024-09-30,0,0.0850345197228955,0.09539980528306488,0.11205692015139243,0.1472041668020064
SriLanka,LK53,,2024-09-09,2024-10-07,0,0.07538883167233099,0.10997516814037246,0.0988901000212613,0.1669490212253761
SriLanka,LK53,,2024-09-16,2024-10-14,0,0.05876548574991167,0.11497000987406585,0.07780773926467544,0.17455790026131635
SriLanka,LK53,,2024-09-23,2024-10-21,0,0.06526466160648046,0.12957521367577074,0.08698923364137642,0.19693881211880218
SriLanka,LK53,,2024-09-30,2024-10-28,0,0.06866584612384326,0.1458974763743487,0.09143257355909848,0.21994227560885318
SriLanka,LK53,,2024-10-07,2024-11-04,0,0.11223912674778644,0.17997864697703278,0.1463401603870425,0.2649132175920745
SriLanka,LK53,,2024-10-14,2024-11-11,0,0.16123617880572905,0.20169159981874962,0.20536329503275022,0.29173274472584576
SriLanka,LK53,,2024-10-21,2024-11-18,0,0.21392773612961807,0.23137218880834345,0.26289121307093266,0.32401985309616665
SriLanka,LK53,,2024-10-28,2024-11-25,0,0.27612991009290244,0.2782105163070474,0.328378165652609,0.3745597056356842
SriLanka,LK53,,2024-11-04,2024-12-02,0,0.31794263519748167,0.3037484653620323,0.3698581396690673,0.39726878865184806
SriLanka,LK53,,2024-11-11,2024-12-09,0,0.4315310136441046,0.35845698352260585,0.4977760216368982,0.46298671430717686
SriLanka,LK53,,2024-11-18,2024-12-16,0,0.4962437718799833,0.3588430544512235,0.5638687967881937,0.4619723396080196
SriLanka,LK53,,2024-11-25,2024-12-23,1,0.7086642029986863,0.33529383650625216,0.764536270778891,0.4378066308975005
SriLanka,LK53,,2024-12-02,2024-12-30,1,0.6699467032328381,0.3333731938701306,0.7248506069186006,0.42698357779507834
SriLanka,LK53,,2024-12-09,2025-01-06,1,0.6380240759329514,0.34438397229067724,0.6825988738877995,0.42227446173514704
SriLanka,LK53,,2024-12-16,2025-01-13,1,0.5121325356390398,0.31376001527093567,0.5479439589835658,0.37447429008426036
SriLanka,LK53,,2024-12-23,2025-01-20,0,0.512562596989332,0.3250474564607069,0.5306788113655213,0.36973541391737924
SriLanka,LK53,,2024-12-30,2025-01-27,0,0.3952855240903775,0.2755099644652749,0.40317662682620853,0.30892052684507043
SriLanka,LK53,,2025-01-06,2025-02-03,1,0.35920636909113185,0.26181192950832727,0.3559032177039858,0.2859482792355059
SriLanka,LK53,,2025-01-13,2025-02-10,1,0.45020432259131743,0.2231105676961274,0.43983380227728935,0.23932725870783508
SriLanka,LK53,,2025-01-20,2025-02-17,1,0.32961026238971347,0.1575821406548906,0.3176374081661144,0.16777411441286638
SriLanka,LK53,,2025-01-27,2025-02-24,0,0.2183849380473872,0.12044620953514251,0.20396980865330053,0.12484261722584385
SriLanka,LK53,,2025-02-03,2025-03-03,0,0.22563609220531905,0.11293528172709495,0.20826554535787942,0.11498546490468695
SriLanka,LK53,,2025-02-10,2025-03-10,0,0.23131512766500215,0.10335351507172558,0.2062530720698712,0.10053093974218136
SriLanka,LK53,,2025-02-17,2025-03-17,0,0.2120985211008235,0.0966271682594165,0.18652323565567333,0.09231235813001126
SriLanka,LK53,,2025-02-24,2025-03-24,1,0.17168930668149154,0.08611292618234578,0.15246278587747208,0.08286097999838661
SriLanka,LK53,,2025-03-03,2025-03-31,1,0.12635314128930908,0.07299010932835322,0.11103422688520594,0.06934599363088846
SriLanka,LK53,,2025-03-10,2025-04-07,1,0.14298399507228018,0.08518292914403815,0.127782062397305,0.08188489993695693
SriLanka,LK53,,2025-03-17,2025-04-14,1,0.13092185596294056,0.09217335309602524,0.11538693794147535,0.08759387225885384
SriLanka,LK53,,2025-03-24,2025-04-21,1,0.1600427240442827,0.11592423753293127,0.14120789597385214,0.11017968573624826
SriLanka,LK53,,2025-03-31,2025-04-28,1,0.2318736272537582,0.15768049177489313,0.21052726277882902,0.15343780326393525
SriLanka,LK53,,2025-04-07,2025-05-05,1,0.2472465494032145,0.1881198036952297,0.22911743457477057,0.18673618056889982
SriLanka,LK53,,2025-04-14,2025-05-12,1,0.27410464264873385,0.26582614855976666,0.26063850231178065,0.27019660711253035
SriLanka,LK53,,2025-04-21,2025-05-19,1,0.2793453897100101,0.33229250261361987,0.269644756829893,0.3417389586449906
SriLanka,LK53,,2025-04-28,2025-05-26,1,0.4081804991488468,0.48998817125279065,0.4051896994867265,0.5098633165446027
SriLanka,LK53,,2025-05-05,2025-06-02,1,0.36323390875767464,0.510935636458507,0.37080532969768937,0.5430663332695286
SriLanka,LK53,,2025-05-12,2025-06-09,0,0.30161491876819074,0.49503543489160423,0.3107655341568184,0.5320618964624338
SriLanka,LK53,,2025-05-19,2025-06-16,0,0.31332745258763844,0.4844449194467331,0.3235299008922193,0.5250314716296416
SriLanka,LK53,,2025-05-26,2025-06-23,0,0.30322059537194634,0.475351614942633,0.31834877894728963,0.5238698033638818
SriLanka,LK53,,2025-06-02,2025-06-30,0,0.2721490843364383,0.4711214651490934,0.29107179142612677,0.5271341920099621
SriLanka,LK53,,2025-06-09,2025-07-07,0,0.19876946315089244,0.33040282856602854,0.22070321406671817,0.39202711004183527
SriLanka,LK53,,2025-06-16,2025-07-14,0,0.16301761841665852,0.28284196790739063,0.1868434518861771,0.34675022007834766
SriLanka,LK53,,2025-06-23,2025-07-21,0,0.11821748526652448,0.23129166040916405,0.1415306607427417,0.2954668224288471
SriLanka,LK53,,2025-06-30,2025-07-28,0,0.07626179750906682,0.19366569012731114,0.0948526097205521,0.25526686206293936
SriLanka,LK53,,2025-07-07,2025-08-04,0,0.05585514376392003,0.17034333813437405,0.0720776958092476,0.22987231936011163
SriLanka,LK53,,2025-07-14,2025-08-11,0,0.05607144785751219,0.1538465784442898,0.07314125314790908,0.2090160851916898
SriLanka,LK53,,2025-07-21,2025-08-18,0,0.06498140763732102,0.12833605455176494,0.08578858188276135,0.17726438486618648
SriLanka,LK53,,2025-07-28,2025-08-25,0,0.06259674973205676,0.11765690982017335,0.08397610991980647,0.16466140279921104
SriLanka,LK53,,2025-08-04,2025-09-01,0,0.06489425217178299,0.09954337359758655,0.08583666423003823,0.13801619832775597
SriLanka,LK53,,2025-08-11,2025-09-08,0,0.05966466881938503,0.088962272553054,0.07863989910272046,0.12284622096082254
SriLanka,LK53,,2025-08-18,2025-09-15,0,0.04987932886794323,0.08797102197466003,0.06438921855961142,0.11865050563148224
SriLanka,LK53,,2025-08-25,2025-09-22,0,0.04662324578296756,0.09070639152231254,0.05849210619604288,0.11898467339052929
SriLanka,LK53,,2025-09-01,2025-09-29,0,0.04380291198958775,0.09346087274830012,0.054158894193306245,0.12071558669489262
SriLanka,LK53,,2025-09-08,2025-10-06,0,0.0578088325705686,0.10505993033825485,0.07126021507811899,0.13531521218316978
SriLanka,LK53,,2025-09-15,2025-10-13,0,0.05843965229855398,0.11246872824666243,0.07216501370770141,0.14476370574006578
SriLanka,LK53,,2025-09-22,2025-10-20,0,0.07328534539546948,0.13745823761594134,0.0901625695643103,0.17526182001725968
SriLanka,LK53,,2025-09-29,2025-10-27,0,0.08963944613501267,0.16693181524562964,0.1099057349618327,0.21053283707807785
SriLanka,LK53,,2025-10-06,2025-11-03,0,0.12235587614746483,0.17431730028251527,0.1484118410126761,0.21819324676841134
SriLanka,LK53,,2025-10-13,2025-11-10,0,0.18702903276785038,0.2072641006293567,0.22155448311545078,0.2539302171960885
SriLanka,LK53,,2025-10-20,2025-11-17,0,0.2502586050588186,0.24498770360846311,0.2919562044420331,0.2955366414078788
SriLanka,LK53,,2025-10-27,2025-11-24,0,0.31648562201020386,0.3142873822542044,0.3659761317458329,0.37338914887310376
SriLanka,LK53,,2025-11-03,2025-12-01,0,0.33194476771934905,0.33144883363865707,0.3834538592297575,0.39239381009897395
SriLanka,LK53,,2025-11-10,2025-12-08,0,0.37474025123474564,0.34378380317379176,0.4281122301298541,0.40415570387026006
SriLanka,LK53,,2025-11-17,2025-12-15,0,0.4296974598481908,0.3858842855148562,0.48722946450270815,0.45109881839309934
SriLanka,LK61,,2023-01-02,2023-01-30,1,0.21085115073198282,0.28749291050433795,0.18271376938069608,0.2586345020940431
SriLanka,LK61,,2023-01-09,2023-02-06,0,0.19739640301072556,0.2629427737836514,0.17240112434858956,0.23559423784367264
SriLanka,LK61,,2023-01-16,2023-02-13,0,0.15432752643205822,0.23024731423338254,0.1418960132260052,0.21464825784550748
SriLanka,LK61,,2023-01-23,2023-02-20,0,0.1238184800109491,0.17023378641445835,0.1167575023511078,0.16154707369404428
SriLanka,LK61,,2023-01-30,2023-02-27,0,0.10032883320114903,0.14886609972854967,0.09801957983841944,0.14557089527885053
SriLanka,LK61,,2023-02-06,2023-03-06,0,0.0947349696988306,0.11889258860088305,0.0940045391998645,0.11765894837769227
SriLanka,LK61,,2023-02-13,2023-03-13,0,0.09006446210887882,0.09478044748106093,0.09383465371162683,0.09787154618754167
SriLanka,LK61,,2023-02-20,2023-03-20,0,0.08369052491980018,0.08580345668865742,0.08977323884593837,0.09052920122144814
SriLanka,LK61,,2023-02-27,2023-03-27,0,0.08755715639597353,0.08276301717228657,0.09698737920046627,0.08981540049811117
SriLanka,LK61,,2023-03-06,2023-04-03,0,0.08274361086064282,0.08258307946561992,0.09533992563897542,0.09284383598259108
SriLanka,LK61,,2023-03-13,2023-04-10,0,0.07435974399007733,0.09295504893713903,0.0875299732464554,0.10639714537431977
SriLanka,LK61,,2023-03-20,2023-04-17,1,0.0682990775410857,0.10364872249206007,0.08243437629521093,0.12135001112924357
SriLanka,LK61,,2023-03-27,2023-04-24,0,0.06708258344731116,0.11130981556243898,0.08332410579894971,0.13387284430093907
SriLanka,LK61,,2023-04-03,2023-05-01,0,0.07980831174125541,0.12095401703032585,0.10103627331576087,0.1485953834379306
SriLanka,LK61,,2023-04-10,2023-05-08,0,0.10241911216051791,0.14395796269043631,0.13111343639557346,0.1792130089092052
SriLanka,LK61,,2023-04-17,2023-05-15,1,0.13634257058575222,0.19043868853525167,0.17796241995229162,0.24059140825443004
SriLanka,LK61,,2023-04-24,2023-05-22,1,0.18216786022051062,0.22435922189117483,0.2368515425467207,0.28307794090725324
SriLanka,LK61,,2023-05-01,2023-05-29,1,0.4102914076343235,0.2368210394192767,0.5000694872721022,0.3035571493691226
SriLanka,LK61,,2023-05-08,2023-06-05,1,0.42494469661636447,0.280384310785205,0.521909892518701,0.3593478926163521
SriLanka,LK61,,2023-05-15,2023-06-12,1,0.47372655242412876,0.34566566625416123,0.5797050925494338,0.44049087097156814
SriLanka,LK61,,2023-05-22,2023-06-19,1,0.47664543908084034,0.3758120223752295,0.5948748138199187,0.4843162660180223
SriLanka,LK61,,2023-05-29,2023-06-26,1,0.48652301507225765,0.403646562944192,0.6147779984582601,0.5228895801539701
SriLanka,LK61,,2023-06-05,2023-07-03,1,0.5432491478498664,0.47190867476971327,0.6738242380198973,0.6016961977364509
SriLanka,LK61,,2023-06-12,2023-07-10,1,0.524854847584241,0.4961031652999207,0.663547699818453,0.6327588762093038
SriLanka,LK61,,2023-06-19,2023-07-17,1,0.5678729279316369,0.48740187184777445,0.7084814544303237,0.6333101256524456
SriLanka,LK61,,2023-06-26,2023-07-24,1,0.5191249865256655,0.43655438733492846,0.6701110016987277,0.5885080013039518
SriLanka,LK61,,2023-07-03,2023-07-31,0,0.4200862007882644,0.38276530216814053,0.5833849799424425,0.5398415005596485
SriLanka,LK61,,2023-07-10,2023-08-07,0,0.34247996889904725,0.3055932110053677,0.5054843099115122,0.45812716047092744
SriLanka,LK61,,2023-07-17,2023-08-14,0,0.33029062894362093,0.26864353801594465,0.4983210130408128,0.41991392113046266
SriLanka,LK61,,2023-07-24,2023-08-21,0,0.3147532250853462,0.23691010338604326,0.4820315722673712,0.3819717160846113
SriLanka,LK61,,2023-07-31,2023-08-28,0,0.27325106378501884,0.2142695576741406,0.4314718789035539,0.35301336000298394
SriLanka,LK61,,2023-08-07,2023-09-04,0,0.2470292942744838,0.1968288205249487,0.3970459672351964,0.3284950811126288
SriLanka,LK61,,2023-08-14,2023-09-11,0,0.19683455696548263,0.17423109801796327,0.3358560887569664,0.3021615996859724
SriLanka,LK61,,2023-08-21,2023-09-18,0,0.17209080302176194,0.1781875521425162,0.3004384914305889,0.30852865492516207
SriLanka,LK61,,2023-08-28,2023-09-25,0,0.1485931319139403,0.16507846710295987,0.2653620633897614,0.29001933522560686
SriLanka,LK61,,2023-09-04,2023-10-02,0,0.18181415229647818,0.17490732356363503,0.3168723947283063,0.30629559450272115
SriLanka,LK61,,2023-09-11,2023-10-09,0,0.20127533337482803,0.1882184550921617,0.34537192776466397,0.32559512070609875
SriLanka,LK61,,2023-09-18,2023-10-16,0,0.21911961115408576,0.19651989685222457,0.3727553126098037,0.33892519189724124
SriLanka,LK61,,2023-09-25,2023-10-23,0,0.23743390379996934,0.20935673557429882,0.3976441926036657,0.35583476056039537
SriLanka,LK61,,2023-10-02,2023-10-30,0,0.2751386719274072,0.26408742422543807,0.44827719863595517,0.4289727900084995
SriLanka,LK61,,2023-10-09,2023-11-06,0,0.29708408185284246,0.2861225507612262,0.4778234392615182,0.4580770035705185
SriLanka,LK61,,2023-10-16,2023-11-13,0,0.2930461941706039,0.2975839573575531,0.47582800055654134,0.473224494366249
SriLanka,LK61,,2023-10-23,2023-11-20,0,0.28816118095556653,0.31313807736094357,0.47437840149838173,0.4948116151729674
SriLanka,LK61,,2023-10-30,2023-11-27,1,0.39049345877085134,0.3419938835738393,0.5880985459040311,0.527969992028554
SriLanka,LK61,,2023-11-06,2023-12-04,1,0.43747678277591473,0.36017290303796345,0.6369453665485203,0.5526581215705969
SriLanka,LK61,,2023-11-13,2023-12-11,1,0.5094023516832524,0.43655013588699015,0.6952290401778223,0.6261807297595758
SriLanka,LK61,,2023-11-20,2023-12-18,1,0.5306697804774815,0.46246433945936605,0.7098338928914928,0.6491939516729509
SriLanka,LK61,,2023-11-27,2023-12-25,1,0.6531884369138764,0.5813442315833519,0.7975728999681119,0.7441140057469698
SriLanka,LK61,,2023-12-04,2024-01-01,1,0.7035253841576772,0.6345210441914291,0.836003110454136,0.790036514368415
SriLanka,LK61,,2023-12-11,2024-01-08,1,0.7007157071084807,0.6346468450043814,0.8415345283557605,0.8000383142551216
SriLanka,LK61,,2023-12-18,2024-01-15,1,0.7080845898932396,0.6227538530382798,0.8542780909680421,0.8028781469754588
SriLanka,LK61,,2023-12-25,2024-01-22,1,0.6831005895287907,0.581969111425931,0.8461147777862422,0.7842983466874359
SriLanka,LK61,,2024-01-01,2024-01-29,1,0.559740354168642,0.5042294778364231,0.7702234499326804,0.7338537099727734
SriLanka,LK61,,2024-01-08,2024-02-05,1,0.40497075760944773,0.3984268696944268,0.6494904561884685,0.6517361944909648
SriLanka,LK61,,2024-01-15,2024-02-12,0,0.30522084466616173,0.2554420084399982,0.5438282169295047,0.49503827898161185
SriLanka,LK61,,2024-01-22,2024-02-19,1,0.30796256017836965,0.26335170662984403,0.5477348510166823,0.5085465869569861
SriLanka,LK61,,2024-01-29,2024-02-26,1,0.24663498141898643,0.20490250000811677,0.47468006377595845,0.4330412122556056
SriLanka,LK61,,2024-02-05,2024-03-04,1,0.20525301693398929,0.1804657722723572,0.4185877552717676,0.3994185995282761
SriLanka,LK61,,2024-02-12,2024-03-11,0,0.10838521909442475,0.10207289170887342,0.25466501437475486,0.2593645409706696
SriLanka,LK61,,2024-02-19,2024-03-18,0,0.08104570849063009,0.10340704397189532,0.1971262560661304,0.26360030342821844
SriLanka,LK61,,2024-02-26,2024-03-25,0,0.06622968946396166,0.09539270452195818,0.16086625944697477,0.24481306790094842
SriLanka,LK61,,2024-03-04,2024-04-01,0,0.06132737937254423,0.10327964216600602,0.14542800106663736,0.25772040079870734
SriLanka,LK61,,2024-03-11,2024-04-08,0,0.04462560729961975,0.09640043898507962,0.10673152038853308,0.24234947573402407
SriLanka,LK61,,2024-03-18,2024-04-15,0,0.04371773532190643,0.09490338268521664,0.10398558403999643,0.2389239146235739
SriLanka,LK61,,2024-03-25,2024-04-22,0,0.038295745074462144,0.09750190767497961,0.08980419449080693,0.2412921712821707
SriLanka,LK61,,2024-04-01,2024-04-29,0,0.04456981310285735,0.11440231980996902,0.10069850122806573,0.2701378354478869
SriLanka,LK61,,2024-04-08,2024-05-06,0,0.04661714387082431,0.12153015245619851,0.10228380421929195,0.27839492051654857
SriLanka,LK61,,2024-04-15,2024-05-13,0,0.06718715280203166,0.14977531938647398,0.13958778308121794,0.3220254968924259
SriLanka,LK61,,2024-04-22,2024-05-20,0,0.07743608720288235,0.1760453420407004,0.15328269814340775,0.35608743247015123
SriLanka,LK61,,2024-04-29,2024-05-27,0,0.09889355084644218,0.20599550135222355,0.1879671448749886,0.39607143747917173
SriLanka,LK61,,2024-05-06,2024-06-03,0,0.13901589091976932,0.24661366709799773,0.24814795689282798,0.4444725595033426
SriLanka,LK61,,2024-05-13,2024-06-10,0,0.2880588760506741,0.29048571862970457,0.44365411999793675,0.4903322371949593
SriLanka,LK61,,2024-05-20,2024-06-17,0,0.37835886384379624,0.3111922604238177,0.5366596225020713,0.5060481792126938
SriLanka,LK61,,2024-05-27,2024-06-24,0,0.43792292704948227,0.32353777053169613,0.5852634551080341,0.5082278375109907
SriLanka,LK61,,2024-06-03,2024-07-01,0,0.4674065602423773,0.3258000728489521,0.6058317501787529,0.4984912079080508
SriLanka,LK61,,2024-06-10,2024-07-08,0,0.4577043913842595,0.3201890232932456,0.586149137436034,0.4785489767951684
SriLanka,LK61,,2024-06-17,2024-07-15,0,0.44202346237795426,0.288431560873313,0.5567779457601008,0.4269365626563116
SriLanka,LK61,,2024-06-24,2024-07-22,0,0.4432371134029308,0.29503919463303613,0.5446984604851806,0.4227648826207425
SriLanka,LK61,,2024-07-01,2024-07-29,1,0.4286940173916628,0.26960412306398684,0.5234542366155495,0.3875873722480223
SriLanka,LK61,,2024-07-08,2024-08-05,0,0.36158500768067114,0.2400380923471563,0.44328383642635344,0.34516176444581126
SriLanka,LK61,,2024-07-15,2024-08-12,0,0.2787515984576805,0.21838888537015902,0.3469585558327961,0.31586414473692254
SriLanka,LK61,,2024-07-22,2024-08-19,0,0.22991463521774325,0.19164656338234104,0.28945788588772847,0.28149896704266003
SriLanka,LK61,,2024-07-29,2024-08-26,0,0.24696429172338824,0.20228721059593435,0.30866646966752637,0.2949740011376263
SriLanka,LK61,,2024-08-05,2024-09-02,0,0.2019794035238866,0.17732079851562163,0.2581512501377086,0.26460109246517266
SriLanka,LK61,,2024-08-12,2024-09-09,0,0.1894254920135047,0.16291827457211064,0.2380112255242456,0.24084924292794782
SriLanka,LK61,,2024-08-19,2024-09-16,0,0.1826597782020417,0.1473813866163487,0.23139990410313915,0.22060943263742525
SriLanka,LK61,,2024-08-26,2024-09-23,0,0.19939773800884425,0.14951309348376482,0.25278927275637775,0.2239394555233909
SriLanka,LK61,,2024-09-02,2024-09-30,0,0.20884096168135638,0.15506911191227993,0.2638607828613963,0.2310011023521163
SriLanka,LK61,,2024-09-09,2024-10-07,0,0.22256462334066862,0.171732249508026,0.27814394780849666,0.25165378229277735
SriLanka,LK61,,2024-09-16,2024-10-14,0,0.23105435987915293,0.1877287149274419,0.28879523536853136,0.27337841180397626
SriLanka,LK61,,2024-09-23,2024-10-21,0,0.22578369064506934,0.21754555737857323,0.28466773390229116,0.31413771136528
SriLanka,LK61,,2024-09-30,2024-10-28,0,0.19817412387871502,0.23773670567114263,0.2522502872386117,0.33984523906714637
SriLanka,LK61,,2024-10-07,2024-11-04,0,0.2221605618123594,0.26793320675542626,0.27915679899308277,0.3753744839697146
SriLanka,LK61,,2024-10-14,2024-11-11,0,0.2786987890899882,0.30020194475403905,0.3418702648768972,0.41154923812940747
SriLanka,LK61,,2024-10-21,2024-11-18,0,0.3025380707122769,0.3414536614961314,0.36243166026445905,0.452245359471825
SriLanka,LK61,,2024-10-28,2024-11-25,0,0.34263543720098916,0.38466093687357045,0.4005051432651325,0.4927104196489647
SriLanka,LK61,,2024-11-04,2024-12-02,0,0.36627225453728524,0.39983794417391294,0.42120586246781866,0.5016280999407224
SriLanka,LK61,,2024-11-11,2024-12-09,0,0.3953125111674769,0.4039775223184608,0.46050153425660356,0.5112041134616362
SriLanka,LK61,,2024-11-18,2024-12-16,0,0.42000747993575926,0.41887701895550333,0.48729298185981296,0.525128601247431
SriLanka,LK61,,2024-11-25,2024-12-23,0,0.41927870551741314,0.4087169644950579,0.49076911326792827,0.5162436230791012
SriLanka,LK61,,2024-12-02,2024-12-30,0,0.4290665964883073,0.38398752665700353,0.4937620570108792,0.4815438509575335
SriLanka,LK61,,2024-12-09,2025-01-06,0,0.34554202856647015,0.347528412366807,0.391800451727516,0.42566834078308957
SriLanka,LK61,,2024-12-16,2025-01-13,0,0.37290200120755396,0.323791974227885,0.4071016684372447,0.38535738710275247
SriLanka,LK61,,2024-12-23,2025-01-20,0,0.35467797991108857,0.28522402855359064,0.37146652332093927,0.32709024927648883
SriLanka,LK61,,2024-12-30,2025-01-27,0,0.25822765631243416,0.23515457858476332,0.2645797849082357,0.2654644933266627
SriLanka,LK61,,2025-01-06,2025-02-03,0,0.1985771425648749,0.20597817564002172,0.19629859917787246,0.2265469148539573
SriLanka,LK61,,2025-01-13,2025-02-10,0,0.149424196807849,0.16625262352569126,0.14416541989280282,0.17929036267184986
SriLanka,LK61,,2025-01-20,2025-02-17,0,0.12068691049265115,0.1389456924027416,0.11500120172698888,0.14814428133669663
SriLanka,LK61,,2025-01-27,2025-02-24,0,0.09415687442535157,0.10686303131063385,0.08702874691309814,0.11082611141786894
SriLanka,LK61,,2025-02-03,2025-03-03,0,0.1007311551488113,0.0940028966394432,0.091836001127643,0.09574648541435986
SriLanka,LK61,,2025-02-10,2025-03-10,0,0.09701964960595015,0.08267176211420771,0.08490088265305878,0.08036338100739777
SriLanka,LK61,,2025-02-17,2025-03-17,0,0.09653807844367199,0.0740112559105689,0.08342194575724565,0.07062738599396524
SriLanka,LK61,,2025-02-24,2025-03-24,0,0.07369734916206071,0.07161787934683174,0.06458871730293778,0.0688720683280059
SriLanka,LK61,,2025-03-03,2025-03-31,0,0.05801217118707038,0.0697722868681126,0.05049990377726928,0.06627733862613439
SriLanka,LK61,,2025-03-10,2025-04-07,0,0.052513449850211974,0.07525111156188698,0.04640938863831368,0.07230721942453021
SriLanka,LK61,,2025-03-17,2025-04-14,0,0.05184757354591779,0.08173516128330435,0.045207376669306285,0.07762993795297228
SriLanka,LK61,,2025-03-24,2025-04-21,0,0.06555078437727782,0.09231662631064066,0.0570806534791622,0.08762598289498814
SriLanka,LK61,,2025-03-31,2025-04-28,0,0.0995333274980799,0.10655520083192017,0.08895926811575242,0.10351907325058704
SriLanka,LK61,,2025-04-07,2025-05-05,0,0.1514080926194337,0.12491458640525403,0.13900853845969427,0.12392488008245796
SriLanka,LK61,,2025-04-14,2025-05-12,0,0.19208695344652954,0.14484922864042205,0.1816418877918444,0.14763065418088148
SriLanka,LK61,,2025-04-21,2025-05-19,0,0.2333484652571112,0.2033496028595051,0.22474699250277433,0.2102848827474448
SriLanka,LK61,,2025-04-28,2025-05-26,1,0.2680456266167808,0.22746579654914703,0.2656207720313569,0.24173967335749633
SriLanka,LK61,,2025-05-05,2025-06-02,0,0.2622422642695268,0.2531638444865734,0.2685965343839414,0.2783089685066821
SriLanka,LK61,,2025-05-12,2025-06-09,1,0.2887838936760353,0.28975865388436933,0.29771117501372757,0.32119755283180446
SriLanka,LK61,,2025-05-19,2025-06-16,1,0.3490007300874234,0.32342648883012737,0.3597561921433089,0.35994124050421383
SriLanka,LK61,,2025-05-26,2025-06-23,1,0.3940745764664257,0.35383473807347166,0.41106148115347635,0.39939178974352824
SriLanka,LK61,,2025-06-02,2025-06-30,0,0.34854407481066096,0.3411759187671736,0.3700777800558756,0.39322598157736116
SriLanka,LK61,,2025-06-09,2025-07-07,0,0.41237114371915046,0.3657817001014419,0.44479057941744893,0.4297693856285972
SriLanka,LK61,,2025-06-16,2025-07-14,0,0.47149169369608934,0.3708182752260177,0.5127810061417847,0.4423438627070039
SriLanka,LK61,,2025-06-23,2025-07-21,1,0.45922888312284427,0.3517152003864962,0.51083266929674,0.430587369479296
SriLanka,LK61,,2025-06-30,2025-07-28,0,0.39627568783125167,0.3008713684490905,0.45449513528097485,0.38048189105441876
SriLanka,LK61,,2025-07-07,2025-08-04,0,0.3283899178532317,0.2696274761602513,0.39098787266362145,0.34924721438360257
SriLanka,LK61,,2025-07-14,2025-08-11,0,0.29535178024038666,0.24177105074494243,0.35766424555291426,0.3166704146588022
SriLanka,LK61,,2025-07-21,2025-08-18,0,0.3112079313116188,0.2541859938627652,0.37890727340322816,0.3327771927423779
SriLanka,LK61,,2025-07-28,2025-08-25,0,0.23118421313509407,0.1998555429598775,0.29219516741110924,0.26966257004272126
SriLanka,LK61,,2025-08-04,2025-09-01,0,0.20359955977969998,0.1782151876796293,0.2570020052851165,0.2390229323237168
SriLanka,LK61,,2025-08-11,2025-09-08,0,0.18478617739829054,0.15425032279616066,0.23366582799332083,0.20734175801999913
SriLanka,LK61,,2025-08-18,2025-09-15,0,0.16983043908702306,0.1522822577848743,0.21146780562891,0.20046034617548214
SriLanka,LK61,,2025-08-25,2025-09-22,0,0.1664626546656404,0.15026655011225093,0.20236347727245144,0.19316848078346208
SriLanka,LK61,,2025-09-01,2025-09-29,0,0.14842739438516536,0.14657425995272022,0.17889125022951274,0.18613744079636252
SriLanka,LK61,,2025-09-08,2025-10-06,0,0.13337871680890812,0.16256581254055494,0.161402000943095,0.2055775516285068
SriLanka,LK61,,2025-09-15,2025-10-13,0,0.14069678088295676,0.1783522523232099,0.17024816345000682,0.22477425417447025
SriLanka,LK61,,2025-09-22,2025-10-20,0,0.184980267446218,0.20600358800789334,0.2214339129517619,0.25704067826971155
SriLanka,LK61,,2025-09-29,2025-10-27,0,0.18756023197268257,0.22317689139516245,0.22450547743409538,0.2765910718478578
SriLanka,LK61,,2025-10-06,2025-11-03,0,0.19585006289527127,0.261073391863375,0.2333947277340911,0.3183662254682596
SriLanka,LK61,,2025-10-13,2025-11-10,0,0.34672141872445994,0.3063080993409231,0.396353813955835,0.3650064525663847
SriLanka,LK61,,2025-10-20,2025-11-17,0,0.375900603390876,0.337522209766519,0.4266203644132752,0.3971215502541382
SriLanka,LK61,,2025-10-27,2025-11-24,0,0.41969580559437114,0.3630146210413839,0.4741304042821058,0.42559236822858526
SriLanka,LK61,,2025-11-03,2025-12-01,0,0.42213495641367943,0.382796638576723,0.4776332143166878,0.446872254329779
SriLanka,LK61,,2025-11-10,2025-12-08,0,0.4350564422080728,0.40671354912472524,0.49028287382922525,0.47021778129892167
SriLanka,LK61,,2025-11-17,2025-12-15,0,0.43628639595932134,0.41591565696658617,0.4939365296916779,0.48222022920474034
SriLanka,LK62,,2023-01-02,2023-01-30,1,0.6316346203517301,0.729605392011364,0.5892751604958956,0.6999658423976745
SriLanka,LK62,,2023-01-09,2023-02-06,1,0.7343953754156234,0.8206842033559577,0.7007728975097599,0.7981434860245125
SriLanka,LK62,,2023-01-16,2023-02-13,1,0.7438723994528784,0.846941726105804,0.7246444505588691,0.8348775041816998
SriLanka,LK62,,2023-01-23,2023-02-20,1,0.46869071228355225,0.5570349072428594,0.45211094682058034,0.5414909594071547
SriLanka,LK62,,2023-01-30,2023-02-27,1,0.5481273342268552,0.6871550197497488,0.5417172507842193,0.6814848595875964
SriLanka,LK62,,2023-02-06,2023-03-06,1,0.3603451931804681,0.46107354427826125,0.35837757501258166,0.4581355012294323
SriLanka,LK62,,2023-02-13,2023-03-13,1,0.37431810427265044,0.4378347010769352,0.38495344324925135,0.44659420713989456
SriLanka,LK62,,2023-02-20,2023-03-20,1,0.3834901287305253,0.42797427278006467,0.40180764344377534,0.44242525783453257
SriLanka,LK62,,2023-02-27,2023-03-27,0,0.2552066412883762,0.2593746195464315,0.2772076210614724,0.2769326714276184
SriLanka,LK62,,2023-03-06,2023-04-03,0,0.14027484645772373,0.13923586590418344,0.16010064378757863,0.15534370912219173
SriLanka,LK62,,2023-03-13,2023-04-10,0,0.11714594529373008,0.14175741794962302,0.13677450181595652,0.16100406691005698
SriLanka,LK62,,2023-03-20,2023-04-17,0,0.09377157409729645,0.14553862793207142,0.11254191143320183,0.16904474723485735
SriLanka,LK62,,2023-03-27,2023-04-24,0,0.06357407308922307,0.10600068567132893,0.0790381086737524,0.12764210054940855
SriLanka,LK62,,2023-04-03,2023-05-01,0,0.06942865540096087,0.1089796620891693,0.08816027222392082,0.13430263913396395
SriLanka,LK62,,2023-04-10,2023-05-08,0,0.08851686763744386,0.12342259730744677,0.11381012335914076,0.15455655802738186
SriLanka,LK62,,2023-04-17,2023-05-15,1,0.11774908943976854,0.15781959215056526,0.1547098353557493,0.2015203119664562
SriLanka,LK62,,2023-04-24,2023-05-22,1,0.11497629126948733,0.13412506745557237,0.15327023429122116,0.17454220305889936
SriLanka,LK62,,2023-05-01,2023-05-29,1,0.3402962376253735,0.18759932067241758,0.42581771283553066,0.24491607708798713
SriLanka,LK62,,2023-05-08,2023-06-05,1,0.3245104020101825,0.2194347808664401,0.4151010149984149,0.28810555477218197
SriLanka,LK62,,2023-05-15,2023-06-12,1,0.36360076550445325,0.2803306656559263,0.4667949294430061,0.3672934270477709
SriLanka,LK62,,2023-05-22,2023-06-19,1,0.3831911075818765,0.32434240583478613,0.5004039342476692,0.4281802184451316
SriLanka,LK62,,2023-05-29,2023-06-26,0,0.4141998696677291,0.3598697771523851,0.5435722977659692,0.47651400191632765
SriLanka,LK62,,2023-06-05,2023-07-03,0,0.4159317321987725,0.3888409215187407,0.5529522400573974,0.5182005581799559
SriLanka,LK62,,2023-06-12,2023-07-10,0,0.3738249200370138,0.3704381340959494,0.5159447170549599,0.5073296651810786
SriLanka,LK62,,2023-06-19,2023-07-17,0,0.4249657101240135,0.33907846098862426,0.5774761105109408,0.482368150897163
SriLanka,LK62,,2023-06-26,2023-07-24,0,0.39697092893490166,0.3012074122286594,0.5533084973529137,0.4430985536000568
SriLanka,LK62,,2023-07-03,2023-07-31,0,0.3095578343424795,0.2749620805604538,0.4642901514080289,0.41773975815081477
SriLanka,LK62,,2023-07-10,2023-08-07,0,0.258047177597196,0.22957616178751133,0.40565834149060065,0.36405955729752537
SriLanka,LK62,,2023-07-17,2023-08-14,0,0.2273571216765379,0.2014828873997856,0.3721182826035458,0.33210870310456636
SriLanka,LK62,,2023-07-24,2023-08-21,0,0.21996459717187616,0.19061860676768821,0.3635966847042057,0.31919185153873514
SriLanka,LK62,,2023-07-31,2023-08-28,0,0.17140074834041405,0.15577253423518225,0.2945492708188165,0.26963682827673374
SriLanka,LK62,,2023-08-07,2023-09-04,0,0.16785318385072773,0.16126482045659357,0.2881904785867024,0.2773563288477098
SriLanka,LK62,,2023-08-14,2023-09-11,0,0.13599588474156854,0.13357408217432193,0.2451642384413864,0.24034051416682817
SriLanka,LK62,,2023-08-21,2023-09-18,0,0.11541820132830623,0.12471436844715902,0.21233922747955727,0.22673223559710975
SriLanka,LK62,,2023-08-28,2023-09-25,0,0.13334308917581025,0.1315657026943124,0.24152769300503235,0.2383841440949412
SriLanka,LK62,,2023-09-04,2023-10-02,0,0.16416335397093595,0.13791258782889906,0.29076960001758784,0.2499287250175245
SriLanka,LK62,,2023-09-11,2023-10-09,0,0.16578009134232494,0.13097032790241456,0.2938127549663717,0.23885731298199606
SriLanka,LK62,,2023-09-18,2023-10-16,1,0.1914240725455299,0.14736536176660295,0.33394551686599494,0.2659409798379533
SriLanka,LK62,,2023-09-25,2023-10-23,1,0.20205179777365215,0.1539232552588775,0.3493243579663951,0.2751122665299289
SriLanka,LK62,,2023-10-02,2023-10-30,1,0.2063703608403288,0.17482575863248873,0.3575822682056463,0.3072479650218768
SriLanka,LK62,,2023-10-09,2023-11-06,0,0.22439290076867296,0.20718964093431017,0.385139468021767,0.3553177582158144
SriLanka,LK62,,2023-10-16,2023-11-13,0,0.33133818622779937,0.3541577508398819,0.5204218286102154,0.5376317187116991
SriLanka,LK62,,2023-10-23,2023-11-20,0,0.4309126393728291,0.4916105029210177,0.6279954202118934,0.6750627644693478
SriLanka,LK62,,2023-10-30,2023-11-27,1,0.5902345518367724,0.5947541620469189,0.7624726646378646,0.7595241627877957
SriLanka,LK62,,2023-11-06,2023-12-04,1,0.4600087100977148,0.4270356832001885,0.6577383586602282,0.6205949783894238
SriLanka,LK62,,2023-11-13,2023-12-11,1,0.4800803135171747,0.4477796098228551,0.6698144624302477,0.6367754083908936
SriLanka,LK62,,2023-11-20,2023-12-18,1,0.45797381350980415,0.43201956130675156,0.6463976298367589,0.6206498833749143
SriLanka,LK62,,2023-11-27,2023-12-25,1,0.6746982529870401,0.6542872484794469,0.8126956271949674,0.7985258815937069
SriLanka,LK62,,2023-12-04,2024-01-01,1,0.6865254384998659,0.6401292740067032,0.8247067499397647,0.7940329982247681
SriLanka,LK62,,2023-12-11,2024-01-08,1,0.7288646661276228,0.6866955758593297,0.8591020674554258,0.8346634278394475
SriLanka,LK62,,2023-12-18,2024-01-15,1,0.7068063005949005,0.627296329081546,0.8535075354570125,0.8059276277782419
SriLanka,LK62,,2023-12-25,2024-01-22,1,0.638644722314625,0.5012906858696736,0.8184493708372005,0.724160520689815
SriLanka,LK62,,2024-01-01,2024-01-29,1,0.5680562551728076,0.47540820521051824,0.7761535557125654,0.710723123624331
SriLanka,LK62,,2024-01-08,2024-02-05,0,0.47277019777770524,0.4369391328073362,0.7094200015418249,0.686780373028738
SriLanka,LK62,,2024-01-15,2024-02-12,1,0.5500466222859648,0.4941721459870198,0.7683791397470636,0.736263063415377
SriLanka,LK62,,2024-01-22,2024-02-19,0,0.3807775776960843,0.3127303108567198,0.6259627391148921,0.5684240584522169
SriLanka,LK62,,2024-01-29,2024-02-26,0,0.24016059173522655,0.20118343380194978,0.4659215915007826,0.42740724042177786
SriLanka,LK62,,2024-02-05,2024-03-04,0,0.14191830185614826,0.12350121882124834,0.3155624302634802,0.2985153932843315
SriLanka,LK62,,2024-02-12,2024-03-11,0,0.1771617997091324,0.20908199697273003,0.37701477113355353,0.4488446032152287
SriLanka,LK62,,2024-02-19,2024-03-18,0,0.07767261131140935,0.10316426416430474,0.1899203947905468,0.2630917824898209
SriLanka,LK62,,2024-02-26,2024-03-25,0,0.04972174595057864,0.0773593711772814,0.12389976886754069,0.20493196466812724
SriLanka,LK62,,2024-03-04,2024-04-01,0,0.03796265356408601,0.06021478314342195,0.09320376534581583,0.1618834691066592
SriLanka,LK62,,2024-03-11,2024-04-08,0,0.03354189298096896,0.0628251899281903,0.08153900311939714,0.16735645857515385
SriLanka,LK62,,2024-03-18,2024-04-15,0,0.03481757872322472,0.063384676919326,0.08389233152774479,0.1684774721069399
SriLanka,LK62,,2024-03-25,2024-04-22,0,0.031718651862147264,0.06920739713137501,0.07507134461412455,0.1795731169055423
SriLanka,LK62,,2024-04-01,2024-04-29,0,0.04136575718946658,0.08831604115872456,0.09385581462147945,0.21725186972663793
SriLanka,LK62,,2024-04-08,2024-05-06,0,0.04122140768503292,0.0956579971060986,0.09106029508035983,0.22778752520631285
SriLanka,LK62,,2024-04-15,2024-05-13,0,0.05733650141899085,0.12673905544828284,0.12049326954323855,0.2812602897614696
SriLanka,LK62,,2024-04-22,2024-05-20,0,0.06335701377210202,0.13442421915113364,0.1273166156772073,0.28671199672709663
SriLanka,LK62,,2024-04-29,2024-05-27,0,0.07187268876464309,0.15571713955595975,0.14040058614687242,0.3179794664481351
SriLanka,LK62,,2024-05-06,2024-06-03,0,0.08832535021822072,0.1730645176706905,0.1653038306599395,0.33842143842754446
SriLanka,LK62,,2024-05-13,2024-06-10,0,0.18359503848884595,0.20696663834190998,0.3071041700331268,0.3801392228793885
SriLanka,LK62,,2024-05-20,2024-06-17,0,0.24688417407048263,0.2202304770893274,0.38417189410234076,0.3904125046145946
SriLanka,LK62,,2024-05-27,2024-06-24,0,0.2889651796754696,0.23095121991834272,0.42399356704526553,0.39353600231522856
SriLanka,LK62,,2024-06-03,2024-07-01,0,0.331277928212448,0.22462776840705798,0.4645526932112623,0.37339232396404476
SriLanka,LK62,,2024-06-10,2024-07-08,0,0.31610488497543854,0.2258576165944359,0.43682095649665054,0.36243650810909483
SriLanka,LK62,,2024-06-17,2024-07-15,0,0.31774045154797226,0.21389571556256212,0.42479354830048255,0.3333775769898207
SriLanka,LK62,,2024-06-24,2024-07-22,0,0.3490552223392393,0.23724168591931394,0.44623673791143403,0.3524559186780203
SriLanka,LK62,,2024-07-01,2024-07-29,0,0.34008770408427885,0.21549861612235108,0.43000370517888165,0.3201838961745487
SriLanka,LK62,,2024-07-08,2024-08-05,0,0.27299362529234633,0.1825899573685057,0.34550865035268225,0.2715441549134785
SriLanka,LK62,,2024-07-15,2024-08-12,0,0.22558547657066147,0.18450121939782857,0.28594084351999377,0.27211699966193464
SriLanka,LK62,,2024-07-22,2024-08-19,0,0.1835024561576274,0.1690541600912253,0.2346890143792593,0.2516112506313432
SriLanka,LK62,,2024-07-29,2024-08-26,0,0.17469373793188328,0.14743607431640018,0.22370361471286843,0.221984158100385
SriLanka,LK62,,2024-08-05,2024-09-02,0,0.15653216481259513,0.14022924392577987,0.2032844793335563,0.2140016220759979
SriLanka,LK62,,2024-08-12,2024-09-09,0,0.15466126889460968,0.12629096924261868,0.19649182470798635,0.19069276270795976
SriLanka,LK62,,2024-08-19,2024-09-16,0,0.14948156531687568,0.11284442328642617,0.19144219502483498,0.1723818129053848
SriLanka,LK62,,2024-08-26,2024-09-23,0,0.16374410271570708,0.1202504663238397,0.21009413949639463,0.18324872563736985
SriLanka,LK62,,2024-09-02,2024-09-30,0,0.15325255088952175,0.12136170633896892,0.19727921262815,0.18439032784350817
SriLanka,LK62,,2024-09-09,2024-10-07,0,0.15353689434580117,0.1300253680202913,0.1962293767843319,0.19510938267685832
SriLanka,LK62,,2024-09-16,2024-10-14,0,0.15796620597334982,0.15036875581393025,0.20224620527123174,0.22366683165672727
SriLanka,LK62,,2024-09-23,2024-10-21,0,0.1550193059202381,0.175229800021165,0.2002208338391591,0.2592587963178381
SriLanka,LK62,,2024-09-30,2024-10-28,0,0.1580359574655719,0.21549764467611943,0.20394534188634436,0.3119635827389095
SriLanka,LK62,,2024-10-07,2024-11-04,0,0.18471750691236313,0.22506375968589845,0.23500989840774283,0.3228967576489544
SriLanka,LK62,,2024-10-14,2024-11-11,0,0.27789723179524145,0.2930328263282028,0.3409729082468197,0.40325331301829587
SriLanka,LK62,,2024-10-21,2024-11-18,0,0.2915681530243284,0.3014199086092926,0.3503810208147793,0.4072549012810534
SriLanka,LK62,,2024-10-28,2024-11-25,0,0.32383008235400274,0.34520060196495655,0.3803614099069329,0.45027678479064104
SriLanka,LK62,,2024-11-04,2024-12-02,0,0.35800668278439873,0.3842377401060911,0.412507548707991,0.48526760007464165
SriLanka,LK62,,2024-11-11,2024-12-09,0,0.37659857221181403,0.386765171224692,0.44095197104795425,0.4932036365391822
SriLanka,LK62,,2024-11-18,2024-12-16,1,0.40801730970874794,0.4136829527716167,0.4749549455293548,0.5197954938750838
SriLanka,LK62,,2024-11-25,2024-12-23,0,0.4142650735053823,0.3928820272939695,0.4856154784474352,0.49976388384473
SriLanka,LK62,,2024-12-02,2024-12-30,0,0.43411254218333284,0.3890551656761867,0.49890399051920986,0.486881379053879
SriLanka,LK62,,2024-12-09,2025-01-06,1,0.37345333425734256,0.36632026307005666,0.4210444023041434,0.44579855611792524
SriLanka,LK62,,2024-12-16,2025-01-13,0,0.4245505308230547,0.358340010022786,0.460012284297967,0.4223712819255289
SriLanka,LK62,,2024-12-23,2025-01-20,0,0.37308142953965134,0.27819088280854176,0.3902143427607584,0.3194861866126701
SriLanka,LK62,,2024-12-30,2025-01-27,0,0.29861916221134094,0.235825586231743,0.3055555940188779,0.26619188862088666
SriLanka,LK62,,2025-01-06,2025-02-03,0,0.2633775477225733,0.22540587422834407,0.2605972382567128,0.2473103891461813
SriLanka,LK62,,2025-01-13,2025-02-10,0,0.1677995053247439,0.14962016347194804,0.16201721678265804,0.16160638592733598
SriLanka,LK62,,2025-01-20,2025-02-17,0,0.12383975381593408,0.1112923621816066,0.11802544768466795,0.11891305068110836
SriLanka,LK62,,2025-01-27,2025-02-24,0,0.09250165429837962,0.09446168637106142,0.08548700921245019,0.09801532705458324
SriLanka,LK62,,2025-02-03,2025-03-03,0,0.0877944844778423,0.0779926307998817,0.07994016282893318,0.07946530390271722
SriLanka,LK62,,2025-02-10,2025-03-10,0,0.07756665080750601,0.06567849960954755,0.06769560041208954,0.06381160183389317
SriLanka,LK62,,2025-02-17,2025-03-17,0,0.0822017483098704,0.06529502566568143,0.07088060528872785,0.062282866178795575
SriLanka,LK62,,2025-02-24,2025-03-24,0,0.06630813024954536,0.06431595468687668,0.058055530904332235,0.06183145228279184
SriLanka,LK62,,2025-03-03,2025-03-31,0,0.05599143258328803,0.06578923571205607,0.04872730410494079,0.06248040088523713
SriLanka,LK62,,2025-03-10,2025-04-07,0,0.04821313816161557,0.06275236310238247,0.04258646972004056,0.06026556789293225
SriLanka,LK62,,2025-03-17,2025-04-14,0,0.04376868236835615,0.06392574828393556,0.03812156092790697,0.06065593327475664
SriLanka,LK62,,2025-03-24,2025-04-21,0,0.060609327594914324,0.07361682863906968,0.05274166761150334,0.06980326057031964
SriLanka,LK62,,2025-03-31,2025-04-28,0,0.08148578871504082,0.08371536860399303,0.07267429369845134,0.08127082937641925
SriLanka,LK62,,2025-04-07,2025-05-05,0,0.11894629137281787,0.09483017920060186,0.108864145885283,0.0940532148311096
SriLanka,LK62,,2025-04-14,2025-05-12,0,0.14545761993411233,0.1097231216769585,0.13711777620288296,0.1119183236949325
SriLanka,LK62,,2025-04-21,2025-05-19,0,0.15206269596037514,0.13414896453837444,0.1458873363001748,0.13913633826683466
SriLanka,LK62,,2025-04-28,2025-05-26,0,0.17323143997752066,0.15610122985585984,0.17146338807757966,0.16686413869120081
SriLanka,LK62,,2025-05-05,2025-06-02,0,0.17390236748091967,0.18382456705712738,0.17863440277829964,0.2039635393034717
SriLanka,LK62,,2025-05-12,2025-06-09,0,0.1615936913540347,0.19801604081661522,0.16751518433205728,0.22262089244418706
SriLanka,LK62,,2025-05-19,2025-06-16,0,0.19381709713831585,0.22337074498527587,0.20126870743802905,0.25281022486433447
SriLanka,LK62,,2025-05-26,2025-06-23,0,0.2162466250869502,0.2309050134011068,0.22845828284315148,0.2671789886717559
SriLanka,LK62,,2025-06-02,2025-06-30,0,0.21965360518673804,0.24836238882134926,0.23611031879182554,0.2925401341757394
SriLanka,LK62,,2025-06-09,2025-07-07,0,0.25066137048682385,0.2311100739167142,0.27634631005075383,0.2820148176755351
SriLanka,LK62,,2025-06-16,2025-07-14,0,0.2905195168704756,0.21947344063699623,0.3257281940055263,0.27454486969402075
SriLanka,LK62,,2025-06-23,2025-07-21,0,0.2641847118008483,0.19628882860830066,0.3062848743535968,0.2539605515333658
SriLanka,LK62,,2025-06-30,2025-07-28,0,0.22984760530359277,0.18802316168652267,0.2747432084735277,0.24838241923737656
SriLanka,LK62,,2025-07-07,2025-08-04,0,0.17706501183499873,0.16184543213722674,0.22027824799698026,0.219189273282353
SriLanka,LK62,,2025-07-14,2025-08-11,0,0.1642760128008568,0.15173005935631648,0.20706060459929268,0.20632565131023956
SriLanka,LK62,,2025-07-21,2025-08-18,0,0.1687974897383129,0.13728317971715864,0.2151960507442958,0.18888345338457047
SriLanka,LK62,,2025-07-28,2025-08-25,0,0.15607045781613524,0.13099773220357472,0.20247910359505739,0.18223119421443854
SriLanka,LK62,,2025-08-04,2025-09-01,0,0.15824512960722206,0.12498387686907288,0.2027804869870751,0.17141747877953933
SriLanka,LK62,,2025-08-11,2025-09-08,0,0.14501644305915248,0.11390043223690617,0.18577350758477196,0.15565992175780685
SriLanka,LK62,,2025-08-18,2025-09-15,0,0.11843018042070197,0.10231607166018403,0.14973873911328084,0.13724548931160044
SriLanka,LK62,,2025-08-25,2025-09-22,0,0.1136395761188529,0.10695491054532841,0.14006239206707335,0.13952150998015442
SriLanka,LK62,,2025-09-01,2025-09-29,0,0.10392385788884523,0.10887166938991999,0.12661167795216105,0.13992675573945915
SriLanka,LK62,,2025-09-08,2025-10-06,0,0.09309534138229973,0.12368458468098088,0.11376603327204776,0.15835436780273224
SriLanka,LK62,,2025-09-15,2025-10-13,0,0.10189611808139643,0.13279943464476548,0.12447850645929459,0.16981531007361142
SriLanka,LK62,,2025-09-22,2025-10-20,0,0.12660880420026516,0.14851140929579992,0.153729037832517,0.1886898267450526
SriLanka,LK62,,2025-09-29,2025-10-27,0,0.1379956296016926,0.17013476682622433,0.1671868314791565,0.21435710856327586
SriLanka,LK62,,2025-10-06,2025-11-03,0,0.1443557902273308,0.19754727859315904,0.1741669705636478,0.24553153120850157
SriLanka,LK62,,2025-10-13,2025-11-10,0,0.21805273405918757,0.2410045159988538,0.25649824498710205,0.29246470915021966
SriLanka,LK62,,2025-10-20,2025-11-17,0,0.2664004148023392,0.2590913429907131,0.3096766405576651,0.31135028492765027
SriLanka,LK62,,2025-10-27,2025-11-24,0,0.31970426182810774,0.29837170017235715,0.36942605496106073,0.356034513370949
SriLanka,LK62,,2025-11-03,2025-12-01,0,0.37516897820627365,0.3546512143661042,0.4290774018823101,0.4172001744137532
SriLanka,LK62,,2025-11-10,2025-12-08,0,0.40220324717297307,0.37536861724001186,0.4566301091199222,0.4375884503982653
SriLanka,LK62,,2025-11-17,2025-12-15,0,0.404305912677299,0.3737347278031634,0.4611874652107708,0.4383616320145111
SriLanka,LK71,,2023-01-02,2023-01-30,0,0.24565410264720922,0.2377541003738382,0.2141326074335141,0.2124000975496476
SriLanka,LK71,,2023-01-09,2023-02-06,0,0.20849169677669388,0.21254684558914583,0.18241078475354014,0.18909519428915575
SriLanka,LK71,,2023-01-16,2023-02-13,0,0.15911531426765294,0.17745573598596567,0.14636488121536417,0.16466814823347692
SriLanka,LK71,,2023-01-23,2023-02-20,0,0.13071490519878484,0.14830472733166103,0.12331599756215786,0.14054747530167871
SriLanka,LK71,,2023-01-30,2023-02-27,0,0.11048152694306662,0.11451090134843883,0.10796663412819076,0.11187620322626685
SriLanka,LK71,,2023-02-06,2023-03-06,0,0.10682291611635375,0.0982651272112881,0.1060101987308196,0.09722190292885574
SriLanka,LK71,,2023-02-13,2023-03-13,1,0.1099561158073835,0.08784869772154859,0.11445425513073253,0.09073638976294625
SriLanka,LK71,,2023-02-20,2023-03-20,0,0.09980463185382799,0.0791914287024748,0.1069218724992116,0.08358630288916041
SriLanka,LK71,,2023-02-27,2023-03-27,0,0.10052577396790618,0.07080282116120294,0.11118256562767961,0.07692152312653264
SriLanka,LK71,,2023-03-06,2023-04-03,0,0.12224139415365744,0.07790469783462957,0.1399332768408782,0.08763970503820984
SriLanka,LK71,,2023-03-13,2023-04-10,0,0.1217155997191382,0.08592233674692173,0.14198669008597903,0.09845783493839348
SriLanka,LK71,,2023-03-20,2023-04-17,0,0.10100884171737344,0.089814604173481,0.12103438450884267,0.10543117735230935
SriLanka,LK71,,2023-03-27,2023-04-24,0,0.09071422102490602,0.0948701181007331,0.11199042608264127,0.11453020665910135
SriLanka,LK71,,2023-04-03,2023-05-01,0,0.09929596373663972,0.1163891915371467,0.12500323862987203,0.1431572569656523
SriLanka,LK71,,2023-04-10,2023-05-08,1,0.1054217859728363,0.13427239653686004,0.13483098784841277,0.16761991734185547
SriLanka,LK71,,2023-04-17,2023-05-15,1,0.10907686138839447,0.15914944873716688,0.14375901051705675,0.20312959193333585
SriLanka,LK71,,2023-04-24,2023-05-22,1,0.13040284627465545,0.17486038343942914,0.17283138573212065,0.224371839541605
SriLanka,LK71,,2023-05-01,2023-05-29,1,0.27799570799158807,0.2078328634301665,0.3563167640375362,0.26928243885460895
SriLanka,LK71,,2023-05-08,2023-06-05,1,0.31383109014887556,0.2589409427422397,0.40322005243124204,0.3346740944684336
SriLanka,LK71,,2023-05-15,2023-06-12,1,0.33702465337147325,0.301460739515901,0.4378657962690492,0.3914133098508098
SriLanka,LK71,,2023-05-22,2023-06-19,1,0.3716909172887702,0.35069533675421743,0.48817009876150147,0.4572602515288496
SriLanka,LK71,,2023-05-29,2023-06-26,1,0.3920408199327359,0.4193180984028287,0.5206434220300741,0.5390063115318241
SriLanka,LK71,,2023-06-05,2023-07-03,1,0.4010962172724828,0.4477974082926852,0.5377289750185426,0.578214325892077
SriLanka,LK71,,2023-06-12,2023-07-10,1,0.4054206237350999,0.4432737204600061,0.5490204843642823,0.5821905165370442
SriLanka,LK71,,2023-06-19,2023-07-17,0,0.4287408923879896,0.41936059462321684,0.5812366794582651,0.5674483986582108
SriLanka,LK71,,2023-06-26,2023-07-24,0,0.4039031304274773,0.37600347549029944,0.56043354083629,0.526578019992909
SriLanka,LK71,,2023-07-03,2023-07-31,0,0.3102147767544255,0.3213543395286048,0.46505428764756523,0.47252199991481614
SriLanka,LK71,,2023-07-10,2023-08-07,1,0.22865581870798946,0.278640940637451,0.36778834605949506,0.4259744628596502
SriLanka,LK71,,2023-07-17,2023-08-14,0,0.17736581855324077,0.2345495336954965,0.302769910068628,0.3765051313783421
SriLanka,LK71,,2023-07-24,2023-08-21,0,0.1515666108536408,0.2052843587099226,0.2657524611929943,0.339599204091468
SriLanka,LK71,,2023-07-31,2023-08-28,0,0.11574558486113372,0.18621737060812893,0.2089925705165356,0.3140571295616267
SriLanka,LK71,,2023-08-07,2023-09-04,0,0.10804479362235848,0.1799002315307857,0.19558196533639058,0.30453607149166145
SriLanka,LK71,,2023-08-14,2023-09-11,0,0.10348981570455514,0.1572000900294148,0.19237435787922247,0.276817469174087
SriLanka,LK71,,2023-08-21,2023-09-18,0,0.08583941640799787,0.14976476803682318,0.16248446636778438,0.2660457035757888
SriLanka,LK71,,2023-08-28,2023-09-25,0,0.09820990697308178,0.1459921702227506,0.18393987742287507,0.26100324596915236
SriLanka,LK71,,2023-09-04,2023-10-02,0,0.14140922007258175,0.16125106118666635,0.2558383475135667,0.2859359691642549
SriLanka,LK71,,2023-09-11,2023-10-09,0,0.1627750242666687,0.1750506834605441,0.28929168045286086,0.30644454227091794
SriLanka,LK71,,2023-09-18,2023-10-16,1,0.18665620815301956,0.19910744886743295,0.32706370561614534,0.3425882987503782
SriLanka,LK71,,2023-09-25,2023-10-23,1,0.20362058734754004,0.21430878502539558,0.35153286502124115,0.36266229844341213
SriLanka,LK71,,2023-10-02,2023-10-30,1,0.2317022964681747,0.24845857472718413,0.39230040718612863,0.40900928621413135
SriLanka,LK71,,2023-10-09,2023-11-06,0,0.258756231434613,0.2742861179811198,0.4304573264894383,0.44354684285708856
SriLanka,LK71,,2023-10-16,2023-11-13,0,0.30539345560829806,0.33652443244680025,0.490532892337809,0.5181928732843654
SriLanka,LK71,,2023-10-23,2023-11-20,0,0.380793724284128,0.4090900613425886,0.578245384115701,0.5979682227047335
SriLanka,LK71,,2023-10-30,2023-11-27,0,0.5456828194536989,0.5074880489597947,0.7280182524649869,0.6891980319871416
SriLanka,LK71,,2023-11-06,2023-12-04,1,0.5109248272606426,0.4355848529899655,0.7020848588959442,0.628766750372734
SriLanka,LK71,,2023-11-13,2023-12-11,1,0.526722503340987,0.43429645556535096,0.7097270808807921,0.624032308162041
SriLanka,LK71,,2023-11-20,2023-12-18,1,0.5112821469991942,0.41322204535223467,0.6935737270577975,0.602349001536589
SriLanka,LK71,,2023-11-27,2023-12-25,1,0.5504960754898289,0.44150182252811715,0.7192581135930467,0.6234221276445162
SriLanka,LK71,,2023-12-04,2024-01-01,1,0.6098490024688832,0.4857058858740375,0.770532436528453,0.6717899096946696
SriLanka,LK71,,2023-12-11,2024-01-08,1,0.6022739966904092,0.4574639875413838,0.7745058773886195,0.660107493810944
SriLanka,LK71,,2023-12-18,2024-01-15,1,0.5966594424432058,0.39758198100314973,0.781430547031354,0.6195354657064216
SriLanka,LK71,,2023-12-25,2024-01-22,1,0.6172191014654137,0.3940216582882492,0.8044199340148592,0.6293881478075528
SriLanka,LK71,,2024-01-01,2024-01-29,0,0.4956447908254717,0.31646317948347985,0.7215259986245673,0.556574601943635
SriLanka,LK71,,2024-01-08,2024-02-05,1,0.4011027502731559,0.26202568830976203,0.6458218094510516,0.5008093208922337
SriLanka,LK71,,2024-01-15,2024-02-12,1,0.506844206285477,0.3519882620314371,0.7360815841639302,0.6081724873823622
SriLanka,LK71,,2024-01-22,2024-02-19,1,0.36492253444521827,0.22431518395793545,0.6099549015686844,0.45564581534592635
SriLanka,LK71,,2024-01-29,2024-02-26,1,0.2550635446250222,0.14274441899159368,0.48587569974163497,0.3304382539367726
SriLanka,LK71,,2024-02-05,2024-03-04,1,0.2670264302112949,0.1771514029096036,0.5038611395855185,0.3940163414726318
SriLanka,LK71,,2024-02-12,2024-03-11,1,0.1655704595057413,0.13397027320893967,0.3580371325054061,0.3227475697172246
SriLanka,LK71,,2024-02-19,2024-03-18,1,0.16103231210070343,0.14061201102580442,0.3482598325591964,0.33679129715142925
SriLanka,LK71,,2024-02-26,2024-03-25,0,0.1481685369381853,0.1304217128913185,0.31979078686240187,0.31556979821687786
SriLanka,LK71,,2024-03-04,2024-04-01,0,0.14458416128914145,0.13271108223466643,0.30567765578721773,0.31566962254148273
SriLanka,LK71,,2024-03-11,2024-04-08,0,0.09453490273714354,0.12030148704911782,0.21077589891854043,0.2907912712960814
SriLanka,LK71,,2024-03-18,2024-04-15,0,0.08685329430333252,0.11316405940819274,0.19449215800869385,0.2764324900253494
SriLanka,LK71,,2024-03-25,2024-04-22,0,0.06395165835612712,0.11324722178629808,0.14477304789247042,0.2732279215626465
SriLanka,LK71,,2024-04-01,2024-04-29,0,0.049966627368263836,0.1184707662204918,0.11209437451816855,0.2780060469500658
SriLanka,LK71,,2024-04-08,2024-05-06,0,0.058691128996932046,0.13486037459161895,0.12685718883631855,0.3029965226988933
SriLanka,LK71,,2024-04-15,2024-05-13,0,0.06546193590566687,0.15476760818807572,0.13627507373135356,0.33052721112923034
SriLanka,LK71,,2024-04-22,2024-05-20,0,0.06861013206593611,0.17903071932297412,0.1370966017700692,0.3607890643310165
SriLanka,LK71,,2024-04-29,2024-05-27,0,0.07454248756352128,0.2075096476533426,0.14521765242372295,0.398281897790763
SriLanka,LK71,,2024-05-06,2024-06-03,0,0.09558065215243165,0.23764950544642674,0.17765021462765282,0.4324446252101239
SriLanka,LK71,,2024-05-13,2024-06-10,0,0.19370912079858685,0.2672970014976402,0.3213441412755821,0.4615685305784964
SriLanka,LK71,,2024-05-20,2024-06-17,0,0.29131430043478124,0.28173519218667176,0.4389098828323507,0.47075203991788694
SriLanka,LK71,,2024-05-27,2024-06-24,0,0.34447374260378644,0.294603170103832,0.48765105440650364,0.47435846743649224
SriLanka,LK71,,2024-06-03,2024-07-01,0,0.4255728794114558,0.3180201249639258,0.5647460084967398,0.48958203461186556
SriLanka,LK71,,2024-06-10,2024-07-08,0,0.3859563061517261,0.30669885157543586,0.513325437955165,0.46293022872142636
SriLanka,LK71,,2024-06-17,2024-07-15,0,0.35503014243634473,0.2862892351470144,0.46606441899875267,0.42437903447162106
SriLanka,LK71,,2024-06-24,2024-07-22,1,0.30464667991941174,0.26095563840496067,0.39700491204053506,0.3819199371853115
SriLanka,LK71,,2024-07-01,2024-07-29,0,0.2640964399954163,0.2437755298577781,0.3444067070280741,0.3559643768051488
SriLanka,LK71,,2024-07-08,2024-08-05,0,0.21280087689119048,0.2227456269496049,0.27538342763727874,0.32352007462188764
SriLanka,LK71,,2024-07-15,2024-08-12,1,0.16615064486833978,0.2103582217845842,0.2150194259674705,0.3056507746578467
SriLanka,LK71,,2024-07-22,2024-08-19,0,0.13977457104658617,0.21343005696451037,0.181474606571132,0.30958411585676093
SriLanka,LK71,,2024-07-29,2024-08-26,0,0.1243129111867276,0.17503293010194307,0.16196234745192273,0.2592910285579718
SriLanka,LK71,,2024-08-05,2024-09-02,0,0.12326059588762416,0.16548553158679502,0.16198393964632207,0.2487014001277024
SriLanka,LK71,,2024-08-12,2024-09-09,0,0.1554615508620514,0.165927270474495,0.19745799636552028,0.24487651652186646
SriLanka,LK71,,2024-08-19,2024-09-16,0,0.17423909039222352,0.1565324154477347,0.22134076218419305,0.2330643794007862
SriLanka,LK71,,2024-08-26,2024-09-23,0,0.1867653558183417,0.15560612516534741,0.2377789956202323,0.2322373278048261
SriLanka,LK71,,2024-09-02,2024-09-30,0,0.1801026900688507,0.16153798411134535,0.2297499699225934,0.23973879492964645
SriLanka,LK71,,2024-09-09,2024-10-07,0,0.17282444674309305,0.17736103576152557,0.21948936686133466,0.2590827215497017
SriLanka,LK71,,2024-09-16,2024-10-14,0,0.15316053280481276,0.18744652941329626,0.19640765361204207,0.27301075359958754
SriLanka,LK71,,2024-09-23,2024-10-21,0,0.1540756770382313,0.22030144634647447,0.1990668773212001,0.3176205294978265
SriLanka,LK71,,2024-09-30,2024-10-28,0,0.14129193616868185,0.24297969184473836,0.18339669455777652,0.34631701264030795
SriLanka,LK71,,2024-10-07,2024-11-04,0,0.19110880871756272,0.2885316971478896,0.24262348255333396,0.3997228517903106
SriLanka,LK71,,2024-10-14,2024-11-11,0,0.2539447725601163,0.3150357281595136,0.3139475082118829,0.428515902354893
SriLanka,LK71,,2024-10-21,2024-11-18,1,0.3106660355397296,0.3526591796778254,0.3713120770970726,0.46452209365452013
SriLanka,LK71,,2024-10-28,2024-11-25,0,0.357670010504698,0.3887683171215746,0.41647024654936216,0.49703960818774356
SriLanka,LK71,,2024-11-04,2024-12-02,0,0.41450992418204624,0.4275776872883762,0.471297847789423,0.530191171343523
SriLanka,LK71,,2024-11-11,2024-12-09,1,0.4753565867166068,0.4454386199290063,0.541915846566487,0.5534512421361893
SriLanka,LK71,,2024-11-18,2024-12-16,1,0.5097390425321321,0.4640426448835216,0.5770963263506652,0.5705035847523147
SriLanka,LK71,,2024-11-25,2024-12-23,0,0.5860506484517469,0.44515819153988856,0.653955046263428,0.5533006970228886
SriLanka,LK71,,2024-12-02,2024-12-30,1,0.5685258321160725,0.41091278353638383,0.6310086735120757,0.5096502335793602
SriLanka,LK71,,2024-12-09,2025-01-06,1,0.5239573478827709,0.4017993372529588,0.5731819856656406,0.48310672913584807
SriLanka,LK71,,2024-12-16,2025-01-13,1,0.48771230641089,0.37959374548724506,0.5236489705207437,0.44479023259690126
SriLanka,LK71,,2024-12-23,2025-01-20,1,0.44095749114963034,0.3157667198238352,0.4589256688540397,0.3598590255437324
SriLanka,LK71,,2024-12-30,2025-01-27,1,0.3359174019316918,0.28486290171509926,0.3432961558313178,0.31890841528998015
SriLanka,LK71,,2025-01-06,2025-02-03,1,0.26181570858340675,0.23317458517914247,0.2590460884002485,0.2555849459726667
SriLanka,LK71,,2025-01-13,2025-02-10,1,0.2531746664700323,0.20859685190767516,0.2453176360396259,0.22406287059887278
SriLanka,LK71,,2025-01-20,2025-02-17,1,0.19014856199554386,0.15556315972642573,0.18186726086235183,0.16565022864319312
SriLanka,LK71,,2025-01-27,2025-02-24,1,0.1666827082310735,0.13604438471371352,0.15500354417251722,0.1409189224282167
SriLanka,LK71,,2025-02-03,2025-03-03,1,0.1888028065518133,0.13466995132306617,0.17363204829239887,0.1370537363004917
SriLanka,LK71,,2025-02-10,2025-03-10,0,0.1965048565777962,0.12738439776378233,0.17435886102722367,0.12399629760534535
SriLanka,LK71,,2025-02-17,2025-03-17,0,0.1789154827445836,0.10367206554517865,0.15654647187793244,0.09907717302689531
SriLanka,LK71,,2025-02-24,2025-03-24,0,0.13735588446941696,0.09105077183227228,0.12141061360073267,0.08763023439239861
SriLanka,LK71,,2025-03-03,2025-03-31,0,0.11747659474860785,0.09586994507363288,0.10310685307505273,0.0911959026870606
SriLanka,LK71,,2025-03-10,2025-04-07,0,0.10155141817198843,0.09048232474510677,0.09029046629933639,0.0869986309387659
SriLanka,LK71,,2025-03-17,2025-04-14,0,0.09320643332092603,0.09165729657431367,0.08172591001539047,0.08710099519166534
SriLanka,LK71,,2025-03-24,2025-04-21,0,0.10214198673360493,0.10124406876994042,0.08939605729303399,0.09614786760980529
SriLanka,LK71,,2025-03-31,2025-04-28,0,0.12301819352381908,0.11502152825583663,0.11025467277926025,0.11177434530929216
SriLanka,LK71,,2025-04-07,2025-05-05,0,0.15783231871217113,0.12958573452002975,0.14499654826332425,0.12856445573964528
SriLanka,LK71,,2025-04-14,2025-05-12,0,0.16710161418951053,0.1525279020694313,0.1577498911841398,0.15542997544647785
SriLanka,LK71,,2025-04-21,2025-05-19,0,0.1647846136475173,0.18573208665159668,0.15818899302023126,0.192211487126372
SriLanka,LK71,,2025-04-28,2025-05-26,0,0.20175355388516186,0.220538069355519,0.1997647339250311,0.23450918415757038
SriLanka,LK71,,2025-05-05,2025-06-02,0,0.19753936853272294,0.2533920784760086,0.20275672485608642,0.27855141652165866
SriLanka,LK71,,2025-05-12,2025-06-09,0,0.19761059626997846,0.28080107322622977,0.20452993458817623,0.31169459750834666
SriLanka,LK71,,2025-05-19,2025-06-16,0,0.25987471719520755,0.30641717269797863,0.26901853876171383,0.34198224012408374
SriLanka,LK71,,2025-05-26,2025-06-23,1,0.2987724624234252,0.3161676335751281,0.313778659950662,0.35957370129514227
SriLanka,LK71,,2025-06-02,2025-06-30,0,0.27498286274846334,0.3171475107220595,0.29402301018581917,0.36757703278921044
SriLanka,LK71,,2025-06-09,2025-07-07,0,0.30681326971368167,0.30433573448770707,0.3356745368972347,0.3637392290819892
SriLanka,LK71,,2025-06-16,2025-07-14,0,0.3066394626779308,0.2924002316785622,0.3428576646562307,0.35739190548672617
SriLanka,LK71,,2025-06-23,2025-07-21,0,0.2769133686577809,0.29241838415229776,0.32015937081871276,0.365489997478651
SriLanka,LK71,,2025-06-30,2025-07-28,0,0.19841660950054296,0.2576263219305674,0.23907870762295938,0.3312152081487931
SriLanka,LK71,,2025-07-07,2025-08-04,0,0.14084790998707417,0.23145319916963206,0.17712469764762537,0.30449995206869473
SriLanka,LK71,,2025-07-14,2025-08-11,0,0.1290540212982072,0.21409126451814842,0.16447059346738535,0.2836231633255495
SriLanka,LK71,,2025-07-21,2025-08-18,0,0.1469721730075387,0.1961879657400281,0.1887336569363264,0.26317462964223515
SriLanka,LK71,,2025-07-28,2025-08-25,0,0.13013889899534428,0.16713862633941626,0.17039348834868068,0.22878554523233793
SriLanka,LK71,,2025-08-04,2025-09-01,0,0.1362939264597765,0.15646581717627409,0.17594277191584248,0.21176489149729105
SriLanka,LK71,,2025-08-11,2025-09-08,0,0.14483209959822896,0.15653409935926835,0.18554859795342005,0.21021620957099854
SriLanka,LK71,,2025-08-18,2025-09-15,0,0.1175281422771953,0.15025285632587573,0.14863844230023107,0.19793881161475468
SriLanka,LK71,,2025-08-25,2025-09-22,0,0.10932199615576166,0.15492285265486727,0.13489369506579296,0.19884309525888158
SriLanka,LK71,,2025-09-01,2025-09-29,0,0.09423561033448151,0.15406953078260374,0.11508000014611205,0.19519310642307722
SriLanka,LK71,,2025-09-08,2025-10-06,0,0.10594879100365003,0.1712562316150781,0.12906727170514276,0.21597429244311725
SriLanka,LK71,,2025-09-15,2025-10-13,0,0.1186361760396739,0.18494032764780471,0.14433230462160046,0.23259167735781225
SriLanka,LK71,,2025-09-22,2025-10-20,0,0.1491537332735328,0.2075298566092744,0.18010733631310935,0.25882181705995566
SriLanka,LK71,,2025-09-29,2025-10-27,0,0.1594515848779427,0.23033809282756387,0.19216968285244393,0.28483775689235385
SriLanka,LK71,,2025-10-06,2025-11-03,0,0.1972038144783608,0.276580313629901,0.2349321775181797,0.3357300058832052
SriLanka,LK71,,2025-10-13,2025-11-10,0,0.24511370381308958,0.3202021375192606,0.28658178033774023,0.3801041081209677
SriLanka,LK71,,2025-10-20,2025-11-17,0,0.30335774909630975,0.3476035049624574,0.3497751249542987,0.40788695691628213
SriLanka,LK71,,2025-10-27,2025-11-24,0,0.3677900813839816,0.3872508681928202,0.42036925555687016,0.45104816098230993
SriLanka,LK71,,2025-11-03,2025-12-01,0,0.4094182731800732,0.40036397344748104,0.4645888025210443,0.4651639558273805
SriLanka,LK71,,2025-11-10,2025-12-08,0,0.4448551286707334,0.4254181113234428,0.5002240552015604,0.4894335727345331
SriLanka,LK71,,2025-11-17,2025-12-15,0,0.455430613224024,0.43434105516204546,0.5133069485338771,0.5010631390067972
SriLanka,LK72,,2023-01-02,2023-01-30,1,0.41060382053628863,0.3037878171710953,0.3682490421084871,0.27392256699048767
SriLanka,LK72,,2023-01-09,2023-02-06,1,0.39862353231309194,0.330613228102279,0.35956299554655463,0.29908234645792536
SriLanka,LK72,,2023-01-16,2023-02-13,1,0.29652567410935754,0.27934141960787146,0.27638325679205983,0.2615464159307157
SriLanka,LK72,,2023-01-23,2023-02-20,1,0.20353389216349682,0.19545335882252063,0.19292796973621248,0.1857678509287351
SriLanka,LK72,,2023-01-30,2023-02-27,1,0.21216532438497554,0.1746770905258945,0.20787672088848252,0.17092528653583727
SriLanka,LK72,,2023-02-06,2023-03-06,1,0.20511705290354984,0.15083568023943006,0.20372708020315042,0.14932676756554758
SriLanka,LK72,,2023-02-13,2023-03-13,0,0.1936877502899237,0.1164262057790867,0.2008382983524476,0.12012955962438178
SriLanka,LK72,,2023-02-20,2023-03-20,1,0.17275649632191864,0.11713939813705287,0.18401263210206545,0.12335813090046087
SriLanka,LK72,,2023-02-27,2023-03-27,0,0.17024299491578382,0.11545516592150737,0.18675601822559784,0.12491392696832306
SriLanka,LK72,,2023-03-06,2023-04-03,0,0.20602239347938006,0.11339518163962053,0.23262627262915125,0.12695449613669124
SriLanka,LK72,,2023-03-13,2023-04-10,1,0.1636135269229237,0.0946044157755464,0.18935806560488294,0.10825655811666844
SriLanka,LK72,,2023-03-20,2023-04-17,1,0.17706045404778348,0.11810267018312581,0.20866397919093002,0.13789268275842667
SriLanka,LK72,,2023-03-27,2023-04-24,0,0.1701402533138712,0.11418593843429736,0.20582828800679562,0.1372419366858654
SriLanka,LK72,,2023-04-03,2023-05-01,0,0.1713436831255695,0.12842323977470768,0.21132737266936286,0.15746576591195804
SriLanka,LK72,,2023-04-10,2023-05-08,1,0.2007008406551528,0.17091825534911945,0.24928305687057292,0.2111472806296638
SriLanka,LK72,,2023-04-17,2023-05-15,1,0.34424323097057596,0.3967186257411986,0.4185692329472077,0.46967872880130657
SriLanka,LK72,,2023-04-24,2023-05-22,1,0.22761447657382344,0.24681610894736797,0.2910848564854635,0.3090702306621369
SriLanka,LK72,,2023-05-01,2023-05-29,1,0.49686373597417144,0.26089364116247066,0.5867372643369385,0.3314670994799639
SriLanka,LK72,,2023-05-08,2023-06-05,1,0.48609874629921646,0.32944360843240894,0.5828742082706231,0.41426973281020135
SriLanka,LK72,,2023-05-15,2023-06-12,1,0.4198071141755584,0.41258945827561844,0.525774211561322,0.5114243542461001
SriLanka,LK72,,2023-05-22,2023-06-19,1,0.4038294886522028,0.4678478758712645,0.5220125489035776,0.5783054038652303
SriLanka,LK72,,2023-05-29,2023-06-26,0,0.31973449951187455,0.46787385264605963,0.4418567853427731,0.5874016802545122
SriLanka,LK72,,2023-06-05,2023-07-03,1,0.2820369891955521,0.4273438729131982,0.4055778561284656,0.5578214036548109
SriLanka,LK72,,2023-06-12,2023-07-10,0,0.34602525318020805,0.513614776571895,0.4857753333014716,0.6488825640009059
SriLanka,LK72,,2023-06-19,2023-07-17,1,0.2942570029341317,0.39749204883904143,0.4353746907738758,0.5451072827917731
SriLanka,LK72,,2023-06-26,2023-07-24,0,0.303466933052337,0.3458581911697913,0.45048958762973135,0.49391616789646836
SriLanka,LK72,,2023-07-03,2023-07-31,1,0.25803669604887003,0.32124970970612393,0.40201080730947564,0.472402412321523
SriLanka,LK72,,2023-07-10,2023-08-07,0,0.16653295510664548,0.2788439702182061,0.2816684083275106,0.4262214151453323
SriLanka,LK72,,2023-07-17,2023-08-14,1,0.13841773799790794,0.26252767037895636,0.24446768364374155,0.41229567306409837
SriLanka,LK72,,2023-07-24,2023-08-21,1,0.10149093856994344,0.20699261194768415,0.18623204041950328,0.3419442347278892
SriLanka,LK72,,2023-07-31,2023-08-28,0,0.08372074344913083,0.21439512297374316,0.15571104447370612,0.3531836844945699
SriLanka,LK72,,2023-08-07,2023-09-04,0,0.06724521931059474,0.184318491070832,0.12641161748346852,0.3108550691064175
SriLanka,LK72,,2023-08-14,2023-09-11,0,0.07431420751560215,0.19840894961945363,0.14211278378061393,0.3368504513879314
SriLanka,LK72,,2023-08-21,2023-09-18,0,0.058220807676175296,0.19259603014074436,0.11326083025297229,0.32925407834879006
SriLanka,LK72,,2023-08-28,2023-09-25,0,0.057283962358930046,0.17722472543639287,0.11171428951353411,0.3079676711890034
SriLanka,LK72,,2023-09-04,2023-10-02,0,0.08226088975740671,0.17028336477471506,0.15761319305492122,0.2994588306968325
SriLanka,LK72,,2023-09-11,2023-10-09,0,0.1022774055295361,0.19818674856328689,0.1925888862248278,0.3397936373527059
SriLanka,LK72,,2023-09-18,2023-10-16,0,0.12925490606167117,0.21220045638829482,0.23918133114583856,0.3608651431116298
SriLanka,LK72,,2023-09-25,2023-10-23,0,0.1314884119217242,0.22334547289622708,0.24299058454713465,0.37496910360875413
SriLanka,LK72,,2023-10-02,2023-10-30,0,0.1607478878830789,0.25588197963477277,0.29077918552427046,0.4185580439126952
SriLanka,LK72,,2023-10-09,2023-11-06,0,0.24025885751674445,0.3035388591517972,0.4064155686428205,0.4789379986759901
SriLanka,LK72,,2023-10-16,2023-11-13,0,0.3174114207650625,0.3391683191594659,0.5045444063900226,0.5211429459374359
SriLanka,LK72,,2023-10-23,2023-11-20,1,0.43476392565646665,0.3951119416014546,0.6316530542331579,0.5839136920505822
SriLanka,LK72,,2023-10-30,2023-11-27,1,0.5367125179954529,0.43466866967024215,0.7208061087602606,0.6233027028356125
SriLanka,LK72,,2023-11-06,2023-12-04,1,0.6078444217794478,0.45870860010964065,0.7776112334458418,0.6503294409475104
SriLanka,LK72,,2023-11-13,2023-12-11,1,0.6469287206069583,0.4770976581560209,0.8010122730307194,0.6635976722997557
SriLanka,LK72,,2023-11-20,2023-12-18,1,0.6864009101917757,0.5123284038716074,0.8256477573933038,0.6932265398427843
SriLanka,LK72,,2023-11-27,2023-12-25,0,0.6500247678373713,0.496696411201148,0.7953135961507298,0.673916704566173
SriLanka,LK72,,2023-12-04,2024-01-01,1,0.6734434439353812,0.5312093715316436,0.8158445177521514,0.7106378168438107
SriLanka,LK72,,2023-12-11,2024-01-08,1,0.7158477836371415,0.4922050248180221,0.8510600500806484,0.6906472851649752
SriLanka,LK72,,2023-12-18,2024-01-15,1,0.7480321523685454,0.5506228593919508,0.8776757245797185,0.7514414818483501
SriLanka,LK72,,2023-12-25,2024-01-22,1,0.597105688298715,0.3857668537767705,0.7908092288584879,0.6212576740604169
SriLanka,LK72,,2024-01-01,2024-01-29,1,0.5421489903367867,0.37015108606967106,0.7573971512326948,0.6143836389203626
SriLanka,LK72,,2024-01-08,2024-02-05,1,0.5486267700260169,0.2724842386526175,0.7679407247293402,0.5141584301851494
SriLanka,LK72,,2024-01-15,2024-02-12,1,0.6404572338911169,0.3712586066415302,0.8285906400677285,0.6278785871722395
SriLanka,LK72,,2024-01-22,2024-02-19,1,0.46796174731854706,0.21148084351042926,0.7053395635311192,0.43703296055460267
SriLanka,LK72,,2024-01-29,2024-02-26,0,0.4065438143259219,0.16253490129364273,0.6540755112647478,0.36516633540748655
SriLanka,LK72,,2024-02-05,2024-03-04,1,0.35095100512320326,0.1475287318374916,0.601170669158985,0.3432578135299781
SriLanka,LK72,,2024-02-12,2024-03-11,1,0.3675835287288573,0.21914581035741768,0.6203090374702714,0.4636832188184128
SriLanka,LK72,,2024-02-19,2024-03-18,1,0.26144052588494043,0.14301014355374403,0.496343870886929,0.3412068492635366
SriLanka,LK72,,2024-02-26,2024-03-25,0,0.19135010283138798,0.10439507103757638,0.390084643992492,0.26380429083198237
SriLanka,LK72,,2024-03-04,2024-04-01,0,0.18351405199899154,0.10149748572360485,0.3692588405045831,0.2540282196517404
SriLanka,LK72,,2024-03-11,2024-04-08,0,0.12750819234375446,0.10915107117982074,0.2721091450376776,0.2686647111102773
SriLanka,LK72,,2024-03-18,2024-04-15,0,0.13937766979830024,0.12596766067321907,0.29134236574555705,0.30142991037579436
SriLanka,LK72,,2024-03-25,2024-04-22,0,0.11455975111433973,0.12237726819161339,0.24275239202948937,0.29102279546676085
SriLanka,LK72,,2024-04-01,2024-04-29,0,0.09739962496815861,0.13840355860796164,0.20573306405047154,0.3151836521430951
SriLanka,LK72,,2024-04-08,2024-05-06,0,0.10454250249588162,0.1497041252020699,0.21386299436093864,0.32930244791054
SriLanka,LK72,,2024-04-15,2024-05-13,0,0.10720931546429155,0.17227241909978946,0.2128946933905658,0.35945701088127663
SriLanka,LK72,,2024-04-22,2024-05-20,0,0.11250202495781522,0.2034005208819425,0.21470166405590022,0.39790841262086607
SriLanka,LK72,,2024-04-29,2024-05-27,0,0.10240304325642624,0.2448911460162431,0.19395725741743466,0.4504940743063292
SriLanka,LK72,,2024-05-06,2024-06-03,0,0.10423721929405536,0.27433162524537746,0.19216042012421816,0.4802527810380412
SriLanka,LK72,,2024-05-13,2024-06-10,0,0.2120928106773396,0.2870754773999897,0.3466333309499598,0.4861835064507096
SriLanka,LK72,,2024-05-20,2024-06-17,0,0.2985222363354658,0.3176460265026007,0.4474639213936303,0.5135302602082235
SriLanka,LK72,,2024-05-27,2024-06-24,1,0.3204337274746087,0.3139643902544084,0.46064044771758356,0.49720630631831325
SriLanka,LK72,,2024-06-03,2024-07-01,0,0.35266465091937044,0.3133935661610723,0.48826128036989225,0.48423176487032144
SriLanka,LK72,,2024-06-10,2024-07-08,0,0.33159701438837047,0.3233246851670958,0.45429927012024046,0.4821355930074266
SriLanka,LK72,,2024-06-17,2024-07-15,1,0.30920679963633474,0.31329637455087506,0.41513418475515695,0.45608832526674054
SriLanka,LK72,,2024-06-24,2024-07-22,0,0.293878029659389,0.3325103744803755,0.38477811351948077,0.46574069855557093
SriLanka,LK72,,2024-07-01,2024-07-29,1,0.21884425170113858,0.27280360217390376,0.29083195572775045,0.39143662528491224
SriLanka,LK72,,2024-07-08,2024-08-05,0,0.18686408229543947,0.25992252508429287,0.2441849740997264,0.369520217195751
SriLanka,LK72,,2024-07-15,2024-08-12,0,0.15205000182291079,0.2635741735942709,0.1977550317654357,0.37162822144964297
SriLanka,LK72,,2024-07-22,2024-08-19,1,0.09325344240085254,0.22311583301202514,0.12305993564995789,0.3218480069323556
SriLanka,LK72,,2024-07-29,2024-08-26,0,0.08838112385176636,0.2146316615439342,0.11659722402556694,0.31077109452649854
SriLanka,LK72,,2024-08-05,2024-09-02,0,0.08357118492938648,0.1793828785907652,0.11141021642924605,0.2673483189017226
SriLanka,LK72,,2024-08-12,2024-09-09,0,0.10644494198682157,0.18293254792168698,0.13735356296047616,0.2673792057331954
SriLanka,LK72,,2024-08-19,2024-09-16,0,0.13654975226399788,0.18475583967808623,0.17562992041393038,0.2706588802168062
SriLanka,LK72,,2024-08-26,2024-09-23,0,0.1580175861239386,0.18392986111850024,0.20314041348446302,0.2700486864026926
SriLanka,LK72,,2024-09-02,2024-09-30,0,0.15190797878515716,0.1751384281306989,0.19563761586963757,0.2578980997419714
SriLanka,LK72,,2024-09-09,2024-10-07,1,0.13727816019397826,0.19215761206854193,0.17639183503133177,0.2783898405837937
SriLanka,LK72,,2024-09-16,2024-10-14,0,0.1255215322044209,0.21368475993997105,0.16246158459865612,0.30670518651811507
SriLanka,LK72,,2024-09-23,2024-10-21,0,0.12512854035546292,0.2529966013776283,0.16329870725100906,0.35812495982105524
SriLanka,LK72,,2024-09-30,2024-10-28,0,0.11709844055200003,0.2886112383823549,0.1532805047857315,0.4010734984568489
SriLanka,LK72,,2024-10-07,2024-11-04,0,0.17691285934872558,0.33945980293571487,0.22566848676515533,0.45765255664754256
SriLanka,LK72,,2024-10-14,2024-11-11,0,0.22689686209713877,0.33604868990596376,0.2829323368351371,0.45210209341865815
SriLanka,LK72,,2024-10-21,2024-11-18,0,0.31347812422521437,0.3874523415521885,0.3743749856957046,0.5017965985616064
SriLanka,LK72,,2024-10-28,2024-11-25,1,0.37165081204840833,0.4041940512355452,0.43120650025568,0.5131546762026219
SriLanka,LK72,,2024-11-04,2024-12-02,0,0.4659293321843599,0.45675358906212143,0.5234635431673523,0.5595248349423506
SriLanka,LK72,,2024-11-11,2024-12-09,0,0.5490337703046638,0.4667579527780206,0.6138391423087094,0.5745839241710535
SriLanka,LK72,,2024-11-18,2024-12-16,0,0.5808375574227898,0.4706109778928392,0.6452252174498564,0.5769566431559129
SriLanka,LK72,,2024-11-25,2024-12-23,0,0.7334713205373292,0.5195325649908309,0.7860224037678658,0.6253781337572674
SriLanka,LK72,,2024-12-02,2024-12-30,1,0.6975831604682872,0.4587575813082711,0.7496080097740981,0.558099777435263
SriLanka,LK72,,2024-12-09,2025-01-06,0,0.6047081297986374,0.4123071631715109,0.651142326844442,0.49398499669776513
SriLanka,LK72,,2024-12-16,2025-01-13,0,0.4905630805391404,0.35106761231090383,0.5264939195722613,0.41463911988572577
SriLanka,LK72,,2024-12-23,2025-01-20,0,0.4734487071134667,0.32325031622336287,0.4915766611412363,0.3678258468329668
SriLanka,LK72,,2024-12-30,2025-01-27,0,0.38589469480612276,0.3010021603882171,0.3937203865617261,0.3360701055081376
SriLanka,LK72,,2025-01-06,2025-02-03,1,0.28799346409608967,0.2315607608526534,0.2850538570512877,0.25386736659635095
SriLanka,LK72,,2025-01-13,2025-02-10,1,0.3600105180173177,0.18990506153856893,0.35039352002939406,0.20434304860962066
SriLanka,LK72,,2025-01-20,2025-02-17,1,0.2859742742054184,0.14385028812637543,0.2749364157727639,0.15331576051199283
SriLanka,LK72,,2025-01-27,2025-02-24,0,0.24596753113831374,0.1317823715076952,0.2302681120061174,0.13652833149056312
SriLanka,LK72,,2025-02-03,2025-03-03,1,0.25627303499688087,0.11747091898056856,0.23726658256997052,0.11959233967748406
SriLanka,LK72,,2025-02-10,2025-03-10,0,0.2575168416025403,0.10713785677221976,0.23046708036781252,0.10422394455618024
SriLanka,LK72,,2025-02-17,2025-03-17,0,0.23354759838421615,0.09651691173579244,0.20606236089093508,0.09220652249539493
SriLanka,LK72,,2025-02-24,2025-03-24,0,0.18990869246800168,0.08787734084093837,0.1690583077562264,0.08456492933256135
SriLanka,LK72,,2025-03-03,2025-03-31,0,0.18882269349643174,0.1107825336137716,0.1673810847397965,0.10546625278372773
SriLanka,LK72,,2025-03-10,2025-04-07,0,0.14372762228393127,0.09209517196619219,0.12845847842161764,0.08855542740065689
SriLanka,LK72,,2025-03-17,2025-04-14,0,0.13922599439212072,0.10128605202973161,0.1228450048121567,0.0963018492503334
SriLanka,LK72,,2025-03-24,2025-04-21,0,0.13939575147455255,0.1065626941879384,0.12263602139141602,0.10122892937008687
SriLanka,LK72,,2025-03-31,2025-04-28,1,0.17560748889647654,0.12908764641310366,0.15837301170300144,0.12549967504367857
SriLanka,LK72,,2025-04-07,2025-05-05,1,0.19662450365753972,0.15005612695953566,0.181313149889256,0.14890111735169695
SriLanka,LK72,,2025-04-14,2025-05-12,0,0.2010895228992483,0.17641400627816844,0.19027021520619017,0.17967419592884215
SriLanka,LK72,,2025-04-21,2025-05-19,0,0.21141503811757012,0.21655523097343812,0.2034075468659965,0.22381435965371405
SriLanka,LK72,,2025-04-28,2025-05-26,1,0.24780098426037012,0.26158248784686816,0.24549784551717035,0.2772289771307591
SriLanka,LK72,,2025-05-05,2025-06-02,1,0.24058919927597555,0.2996412298670583,0.24659417248727555,0.3273790760634708
SriLanka,LK72,,2025-05-12,2025-06-09,1,0.21561276086977754,0.3145940584957683,0.22298726954535336,0.3474095377576489
SriLanka,LK72,,2025-05-19,2025-06-16,1,0.23184688214249718,0.3280031151664613,0.24032474892746722,0.36475600211334697
SriLanka,LK72,,2025-05-26,2025-06-23,1,0.28518910229201083,0.3685862490189633,0.29980474646594485,0.4148232906066162
SriLanka,LK72,,2025-06-02,2025-06-30,1,0.2719791473728793,0.39719193604039776,0.29089476097729156,0.45192575240863114
SriLanka,LK72,,2025-06-09,2025-07-07,1,0.2831113932804943,0.3839326958697593,0.31074255656600414,0.44884843964864957
SriLanka,LK72,,2025-06-16,2025-07-14,1,0.3040834927857219,0.4149961155634364,0.34014790349380314,0.48842799145920673
SriLanka,LK72,,2025-06-23,2025-07-21,1,0.23261044830717445,0.3517133647673648,0.2715357841544621,0.4305853956287911
SriLanka,LK72,,2025-06-30,2025-07-28,0,0.1776939174224903,0.33849038690275773,0.2152496388558646,0.4220459312096141
SriLanka,LK72,,2025-07-07,2025-08-04,0,0.12203183176627609,0.29334187666555184,0.15433290490686646,0.37635589736051667
SriLanka,LK72,,2025-07-14,2025-08-11,0,0.12224849582890646,0.28384417626833314,0.15613222268414384,0.3654946791125717
SriLanka,LK72,,2025-07-21,2025-08-18,0,0.14138043319399501,0.2607846969220602,0.18189184495192154,0.3404847088901897
SriLanka,LK72,,2025-07-28,2025-08-25,0,0.11395532244377467,0.21792576606958275,0.1500676191468743,0.29174316556224866
SriLanka,LK72,,2025-08-04,2025-09-01,0,0.10258232208884284,0.17568327647415727,0.13394510665024373,0.23587508559599973
SriLanka,LK72,,2025-08-11,2025-09-08,0,0.1025205751947306,0.16337068059340273,0.13319475671820113,0.21878918126150676
SriLanka,LK72,,2025-08-18,2025-09-15,0,0.08397213964391109,0.16568025030567388,0.10727981004662678,0.21701200325819006
SriLanka,LK72,,2025-08-25,2025-09-22,0,0.07506519884356726,0.15958751315296063,0.09346469429739213,0.20451014752023633
SriLanka,LK72,,2025-09-01,2025-09-29,0,0.06649298332711887,0.1701931923476038,0.0817547440428573,0.21452901322554632
SriLanka,LK72,,2025-09-08,2025-10-06,0,0.07657774329478705,0.17853886008436684,0.09396088162162304,0.22464308226660923
SriLanka,LK72,,2025-09-15,2025-10-13,0,0.08292888114264246,0.1978621908544902,0.10178411649001333,0.24783060332070414
SriLanka,LK72,,2025-09-22,2025-10-20,0,0.10835344961758346,0.22474601703803113,0.13215498619974614,0.27879607582291754
SriLanka,LK72,,2025-09-29,2025-10-27,0,0.1406098788741251,0.2753456906407189,0.1702448725816872,0.3358476549539415
SriLanka,LK72,,2025-10-06,2025-11-03,0,0.1831734003587801,0.31266307832951945,0.2189495981075894,0.3755237628365941
SriLanka,LK72,,2025-10-13,2025-11-10,1,0.24297342490618387,0.34238318309630406,0.2842157387461811,0.4039688318470085
SriLanka,LK72,,2025-10-20,2025-11-17,1,0.3223342267456632,0.3702180840289831,0.3701125894319604,0.43182751086829935
SriLanka,LK72,,2025-10-27,2025-11-24,0,0.3933057535793326,0.40102483797692173,0.44695381521136,0.4653679242946541
SriLanka,LK72,,2025-11-03,2025-12-01,0,0.4193508570332357,0.4240756554682803,0.4747838220449932,0.4895800199175516
SriLanka,LK72,,2025-11-10,2025-12-08,0,0.5272810103201174,0.5043088511769719,0.582150862904238,0.5684509808433832
SriLanka,LK72,,2025-11-17,2025-12-15,1,0.5402856706739151,0.5279331226170284,0.5971213850759476,0.5939364783575203
SriLanka,LK81,,2023-01-02,2023-01-30,1,0.17603702646829553,0.3720252148059847,0.15165267336005833,0.33871528434061243
SriLanka,LK81,,2023-01-09,2023-02-06,1,0.12429097358722278,0.2874762851546073,0.10731492060016612,0.25847086690501403
SriLanka,LK81,,2023-01-16,2023-02-13,1,0.07617265861390468,0.2131174502859146,0.06951920384683838,0.19837983592492425
SriLanka,LK81,,2023-01-23,2023-02-20,0,0.06844716030174633,0.18479315866871776,0.06431206162026827,0.17552066211533932
SriLanka,LK81,,2023-01-30,2023-02-27,1,0.07945638722286302,0.17082080773100913,0.07758612132039325,0.16713505772661133
SriLanka,LK81,,2023-02-06,2023-03-06,0,0.07891030594656125,0.1421061627481056,0.07829133544281372,0.14067011102373989
SriLanka,LK81,,2023-02-13,2023-03-13,0,0.07371431469241628,0.12003790536135585,0.07685788306101501,0.12384004049344567
SriLanka,LK81,,2023-02-20,2023-03-20,0,0.04536243462737312,0.09053691753022401,0.04880780672849958,0.09549613130814703
SriLanka,LK81,,2023-02-27,2023-03-27,1,0.04491823709959269,0.09407585396169445,0.05000778533295672,0.10198504112226034
SriLanka,LK81,,2023-03-06,2023-04-03,0,0.05079675039690146,0.0885629186420452,0.058841679628064955,0.0994860863294036
SriLanka,LK81,,2023-03-13,2023-04-10,0,0.06001064699176898,0.094817785144701,0.0708339171518509,0.10849702853725915
SriLanka,LK81,,2023-03-20,2023-04-17,0,0.07801370714644104,0.09509385468323307,0.09395680955349116,0.1115158958555647
SriLanka,LK81,,2023-03-27,2023-04-24,0,0.1380654076316997,0.11689433752338643,0.16839072452345713,0.1404105211847277
SriLanka,LK81,,2023-04-03,2023-05-01,0,0.1433952369344122,0.11501657635801847,0.17826003358983092,0.14151951754070918
SriLanka,LK81,,2023-04-10,2023-05-08,1,0.18097633486314546,0.13202120346070345,0.22613478492874461,0.1649161295336781
SriLanka,LK81,,2023-04-17,2023-05-15,0,0.2076766123531491,0.1610898468270629,0.2644053969788947,0.20547517553244082
SriLanka,LK81,,2023-04-24,2023-05-22,0,0.16973565089369005,0.16720227436658847,0.22169905477429577,0.21511063698827912
SriLanka,LK81,,2023-05-01,2023-05-29,0,0.24798340357305348,0.21742514081737196,0.32161544071493425,0.2807058595390147
SriLanka,LK81,,2023-05-08,2023-06-05,0,0.3062903826077261,0.27097259979778143,0.3947672057782768,0.3485694946005145
SriLanka,LK81,,2023-05-15,2023-06-12,1,0.35604157683596654,0.2904773609138182,0.4586364788865043,0.37893043038285107
SriLanka,LK81,,2023-05-22,2023-06-19,1,0.4182822068824383,0.30043355765262564,0.536885875978344,0.4011616616069172
SriLanka,LK81,,2023-05-29,2023-06-26,1,0.4469302385210949,0.32585880882857576,0.5764655688854606,0.43903997742975437
SriLanka,LK81,,2023-06-05,2023-07-03,1,0.48697044866735384,0.3250926170396851,0.6224529677625614,0.448818897402854
SriLanka,LK81,,2023-06-12,2023-07-10,1,0.4436872912679215,0.344657507330849,0.5874496805655338,0.47927479167878734
SriLanka,LK81,,2023-06-19,2023-07-17,1,0.39869384332628777,0.33834754691678665,0.5508070087730726,0.481553411271361
SriLanka,LK81,,2023-06-26,2023-07-24,1,0.3629253893913501,0.3194279983820276,0.5173581101019172,0.4642006276885764
SriLanka,LK81,,2023-07-03,2023-07-31,0,0.32837068355699667,0.3078612938179645,0.48588894739427274,0.45695553080541085
SriLanka,LK81,,2023-07-10,2023-08-07,1,0.327786200716892,0.2836851438245048,0.4889981017858609,0.4320882192250691
SriLanka,LK81,,2023-07-17,2023-08-14,0,0.39378909082103664,0.2818366696184956,0.5667841431863438,0.43610612343493704
SriLanka,LK81,,2023-07-24,2023-08-21,0,0.37466958570096165,0.2416205080075129,0.5483112574167972,0.38809945282944047
SriLanka,LK81,,2023-07-31,2023-08-28,0,0.32856015378188697,0.20540195125861993,0.4969093201019649,0.3408949903459539
SriLanka,LK81,,2023-08-07,2023-09-04,0,0.2939428369308048,0.19910499980546786,0.4552251658930286,0.3316651243701706
SriLanka,LK81,,2023-08-14,2023-09-11,0,0.2501408612812076,0.18268442897162107,0.4077003731918319,0.31445821613734315
SriLanka,LK81,,2023-08-21,2023-09-18,0,0.1884864249983464,0.159138475381998,0.32427273968413833,0.2802980439030903
SriLanka,LK81,,2023-08-28,2023-09-25,0,0.14872416078873996,0.16636206942281329,0.26556394222663693,0.2919347499985896
SriLanka,LK81,,2023-09-04,2023-10-02,1,0.17370076263910028,0.16936134405027045,0.3049786155805959,0.2980886567455773
SriLanka,LK81,,2023-09-11,2023-10-09,1,0.20222441278503528,0.1781996724979893,0.3467055329317386,0.31106591070634954
SriLanka,LK81,,2023-09-18,2023-10-16,0,0.2330781267908466,0.20602367998365195,0.3915928873703487,0.35229615727572283
SriLanka,LK81,,2023-09-25,2023-10-23,0,0.2609885908010342,0.21558855756127024,0.42816852417089846,0.3644170818451247
SriLanka,LK81,,2023-10-02,2023-10-30,0,0.33773037797398725,0.2749473036362629,0.5218975574242705,0.44253574989208716
SriLanka,LK81,,2023-10-09,2023-11-06,0,0.41237079711276964,0.32139895262318663,0.6030726476953935,0.4997135675582064
SriLanka,LK81,,2023-10-16,2023-11-13,1,0.3853925974822315,0.3101336248347282,0.578629649616419,0.4880348451665137
SriLanka,LK81,,2023-10-23,2023-11-20,1,0.3718230382035506,0.3242336659274833,0.5688967680206956,0.507587381820483
SriLanka,LK81,,2023-10-30,2023-11-27,1,0.4022490253703,0.38162636622302415,0.5999474095715901,0.5704696175645346
SriLanka,LK81,,2023-11-06,2023-12-04,1,0.41023860553710423,0.37489836923372133,0.6107724289180738,0.5682637914163118
SriLanka,LK81,,2023-11-13,2023-12-11,1,0.47767854325869114,0.4589622846376204,0.6676824610487256,0.6471467339399373
SriLanka,LK81,,2023-11-20,2023-12-18,0,0.5541163683683391,0.5343949763539017,0.7289023784733872,0.7117136108412131
SriLanka,LK81,,2023-11-27,2023-12-25,1,0.5451618542373381,0.5447034320729419,0.7148893542572604,0.7147283572502116
SriLanka,LK81,,2023-12-04,2024-01-01,1,0.8161650599537763,0.8329480100151636,0.9050999235878179,0.9153010576537892
SriLanka,LK81,,2023-12-11,2024-01-08,1,0.8526918248369078,0.8825916405091508,0.9292255461245353,0.9453979280477798
SriLanka,LK81,,2023-12-18,2024-01-15,0,0.5662464094173519,0.5619015673376411,0.7593300307319854,0.7598779490808807
SriLanka,LK81,,2023-12-25,2024-01-22,1,0.622937494354114,0.6631679018299728,0.8082107128971314,0.8371910468119063
SriLanka,LK81,,2024-01-01,2024-01-29,0,0.6153830768770845,0.6321545838314424,0.808371343103032,0.8232926048863575
SriLanka,LK81,,2024-01-08,2024-02-05,1,0.6056202080383064,0.5195186538404841,0.8069845963268784,0.753398023796357
SriLanka,LK81,,2024-01-15,2024-02-12,0,0.3240426745690755,0.22330951990080608,0.5653902438623408,0.45102371266634533
SriLanka,LK81,,2024-01-22,2024-02-19,0,0.3019441023888119,0.23617087967652148,0.5406916215228714,0.47228377229562996
SriLanka,LK81,,2024-01-29,2024-02-26,0,0.21015086195374524,0.15415413902751401,0.42342175280681216,0.3507128291080807
SriLanka,LK81,,2024-02-05,2024-03-04,0,0.18372848355092655,0.1516806586599128,0.38554420374352316,0.350652357779969
SriLanka,LK81,,2024-02-12,2024-03-11,0,0.13314349997849548,0.09207964085467153,0.3015372584250245,0.23805455849871848
SriLanka,LK81,,2024-02-19,2024-03-18,0,0.1496296781788366,0.08531984760392033,0.32879537128989483,0.22450953165766732
SriLanka,LK81,,2024-02-26,2024-03-25,0,0.11608141288069267,0.07064781538710163,0.26196732748800633,0.18942477936970542
SriLanka,LK81,,2024-03-04,2024-04-01,0,0.12115668405549744,0.07392095339947422,0.26420985421722143,0.1939554998291342
SriLanka,LK81,,2024-03-11,2024-04-08,0,0.10323630106865997,0.07659841611071126,0.2274885265652334,0.19917578120083113
SriLanka,LK81,,2024-03-18,2024-04-15,0,0.09602692490287129,0.08013126323957219,0.21239048775767058,0.20685783093148444
SriLanka,LK81,,2024-03-25,2024-04-22,0,0.09932738601241936,0.0898364354205747,0.21460622273229826,0.22514220595070872
SriLanka,LK81,,2024-04-01,2024-04-29,0,0.10943012355864802,0.1032832851012777,0.22776792288572165,0.24812332576260823
SriLanka,LK81,,2024-04-08,2024-05-06,0,0.11886830019914985,0.11738002247819795,0.23916817321621903,0.270537716105317
SriLanka,LK81,,2024-04-15,2024-05-13,0,0.173228119581214,0.1450753416807652,0.3206219885626813,0.31391597470367333
SriLanka,LK81,,2024-04-22,2024-05-20,0,0.22445428399614037,0.16684384003468627,0.3843147263350687,0.34137437099941936
SriLanka,LK81,,2024-04-29,2024-05-27,0,0.28993266788033933,0.1969070668924858,0.46271799237554023,0.3826382592900714
SriLanka,LK81,,2024-05-06,2024-06-03,0,0.29273216725121975,0.22297181443616623,0.4583025884917323,0.41224174471624037
SriLanka,LK81,,2024-05-13,2024-06-10,0,0.28557549725563447,0.23827389637236487,0.4406596079352521,0.4236479495491162
SriLanka,LK81,,2024-05-20,2024-06-17,0,0.3369483641930515,0.2630245743460676,0.49162547936471274,0.44730591637259587
SriLanka,LK81,,2024-05-27,2024-06-24,0,0.41575865447133725,0.27655776178052477,0.5631129254835843,0.4523634389853987
SriLanka,LK81,,2024-06-03,2024-07-01,0,0.4763614228481922,0.27940381233729517,0.6143793619400095,0.44368662940393583
SriLanka,LK81,,2024-06-10,2024-07-08,0,0.5028125081123858,0.2706455372093683,0.629228022583335,0.41962733804011815
SriLanka,LK81,,2024-06-17,2024-07-15,0,0.5048090902288399,0.2751842212651216,0.6178155274486606,0.41100217830317454
SriLanka,LK81,,2024-06-24,2024-07-22,0,0.4826943138512189,0.2827674707554013,0.5837183728257511,0.4082572094533041
SriLanka,LK81,,2024-07-01,2024-07-29,0,0.4054324342860489,0.25580842242951163,0.49954681112102034,0.370819523866396
SriLanka,LK81,,2024-07-08,2024-08-05,0,0.31887180133112486,0.2317126715773686,0.3969199589139076,0.33479652001117366
SriLanka,LK81,,2024-07-15,2024-08-12,0,0.27579204298390336,0.20370532548852502,0.3436198445096435,0.29711809750224627
SriLanka,LK81,,2024-07-22,2024-08-19,0,0.241985693747203,0.18126893953372494,0.303423358237493,0.2678681551210027
SriLanka,LK81,,2024-07-29,2024-08-26,0,0.21942228289072663,0.17123838172480166,0.2767724147673053,0.2542327645737898
SriLanka,LK81,,2024-08-05,2024-09-02,0,0.2155630783722903,0.16642079906282742,0.27421454597356204,0.24996610169035874
SriLanka,LK81,,2024-08-12,2024-09-09,0,0.17461376742535487,0.14792053255465545,0.22043358639755986,0.22056776375647702
SriLanka,LK81,,2024-08-19,2024-09-16,0,0.17246739626627564,0.14372860752986227,0.21921727505206698,0.2156006679655925
SriLanka,LK81,,2024-08-26,2024-09-23,0,0.22065285364922815,0.1605722242805262,0.2777611828068892,0.23895697689355785
SriLanka,LK81,,2024-09-02,2024-09-30,0,0.2699039919218754,0.1665577827873913,0.3342152069041524,0.24647433635477375
SriLanka,LK81,,2024-09-09,2024-10-07,0,0.2974726625517067,0.16412410096575095,0.3630233294720169,0.24153745380413258
SriLanka,LK81,,2024-09-16,2024-10-14,0,0.32144011129367867,0.18010250566510827,0.3903034887126612,0.2634010955968055
SriLanka,LK81,,2024-09-23,2024-10-21,0,0.2860455374042795,0.20631615368627162,0.353470506843825,0.2998329479195463
SriLanka,LK81,,2024-09-30,2024-10-28,0,0.22337583004782813,0.22949183846865154,0.28191102982976607,0.3295903341304761
SriLanka,LK81,,2024-10-07,2024-11-04,0,0.18714589001392523,0.2649661653474593,0.23790651451735764,0.37182195822224595
SriLanka,LK81,,2024-10-14,2024-11-11,0,0.2207944955235223,0.294329712082616,0.2758606581350053,0.40475872233076904
SriLanka,LK81,,2024-10-21,2024-11-18,0,0.2935421684845301,0.34793243253905165,0.3525550613323079,0.45935996103508303
SriLanka,LK81,,2024-10-28,2024-11-25,0,0.36003871808878457,0.3726267751602611,0.4189743628715692,0.4799324068895204
SriLanka,LK81,,2024-11-04,2024-12-02,0,0.40586691896403837,0.3892301485835112,0.46240591760713895,0.4905269853061359
SriLanka,LK81,,2024-11-11,2024-12-09,0,0.46096460840959996,0.4013707255303689,0.5275349747709782,0.5084957080104267
SriLanka,LK81,,2024-11-18,2024-12-16,0,0.48441924949654636,0.43784061024746623,0.5521992297611731,0.5443962000226669
SriLanka,LK81,,2024-11-25,2024-12-23,0,0.4497093985287898,0.4271811577039222,0.521726914393315,0.535168816711372
SriLanka,LK81,,2024-12-02,2024-12-30,0,0.4281809996562068,0.4078593722083323,0.4928581996717788,0.5064939537076251
SriLanka,LK81,,2024-12-09,2025-01-06,0,0.3727471327818899,0.3870582195926742,0.4203085775460845,0.4677149316218614
SriLanka,LK81,,2024-12-16,2025-01-13,1,0.3398035583899314,0.35704762125144845,0.37277213551434213,0.42099947685101735
SriLanka,LK81,,2024-12-23,2025-01-20,1,0.3254368466325437,0.31101112742296305,0.34157389650637904,0.3547837013363052
SriLanka,LK81,,2024-12-30,2025-01-27,1,0.18191626538261393,0.22680309452347885,0.18686410517495117,0.25639741341876254
SriLanka,LK81,,2025-01-06,2025-02-03,0,0.14430246627826873,0.20161260963259262,0.14253592818920133,0.22186721988284527
SriLanka,LK81,,2025-01-13,2025-02-10,0,0.18243125426508833,0.18639499930952605,0.1762515478509801,0.20063221761351163
SriLanka,LK81,,2025-01-20,2025-02-17,0,0.14976117652246848,0.1601515535153619,0.1429283858724768,0.17047608018567006
SriLanka,LK81,,2025-01-27,2025-02-24,0,0.11839373172911741,0.1325439812697706,0.10965286703319602,0.13731303164693295
SriLanka,LK81,,2025-02-03,2025-03-03,0,0.10859993234218877,0.10444941201408994,0.09908648246856257,0.1063640173709567
SriLanka,LK81,,2025-02-10,2025-03-10,0,0.10576279545091863,0.0906862448766557,0.09266399084342947,0.08817559187435282
SriLanka,LK81,,2025-02-17,2025-03-17,0,0.10344216924252843,0.07471174401869429,0.08948091717248524,0.0712983130568223
SriLanka,LK81,,2025-02-24,2025-03-24,0,0.09671448124728037,0.07198470776339705,0.08502215939018146,0.06922588134402621
SriLanka,LK81,,2025-03-03,2025-03-31,0,0.07632594739708316,0.06561968840820338,0.06660983952244362,0.06231881203953853
SriLanka,LK81,,2025-03-10,2025-04-07,0,0.07055378393774292,0.07861801186015183,0.062491054344338055,0.07555316489407976
SriLanka,LK81,,2025-03-17,2025-04-14,0,0.06671016956272043,0.07859122097011252,0.05828350538512087,0.0746310711623816
SriLanka,LK81,,2025-03-24,2025-04-21,0,0.08813667489962529,0.09420558384182359,0.07698856020042998,0.08942841794762336
SriLanka,LK81,,2025-03-31,2025-04-28,0,0.11582582916379768,0.10557367086452504,0.10372028228035908,0.10256230000686618
SriLanka,LK81,,2025-04-07,2025-05-05,0,0.18528045040834126,0.1385514251443305,0.17066481072518555,0.13747064657428607
SriLanka,LK81,,2025-04-14,2025-05-12,0,0.24259835697493576,0.1548813102946656,0.23018921480196006,0.15781982222487267
SriLanka,LK81,,2025-04-21,2025-05-19,1,0.3002639994130853,0.1962124077049634,0.29012939344071426,0.20296628817735857
SriLanka,LK81,,2025-04-28,2025-05-26,1,0.31156101376304,0.21514238789242376,0.3089086373132263,0.22887205274987923
SriLanka,LK81,,2025-05-05,2025-06-02,0,0.3106708823487095,0.2335872363823312,0.317693292063721,0.257458245562895
SriLanka,LK81,,2025-05-12,2025-06-09,0,0.3494216513698838,0.2508606718008368,0.35927652241308367,0.27974142603505703
SriLanka,LK81,,2025-05-19,2025-06-16,1,0.45348349257660786,0.31213963634103925,0.4651581518304977,0.3480356082478522
SriLanka,LK81,,2025-05-26,2025-06-23,0,0.5028583926820783,0.33918094514252056,0.520506349646945,0.38397243123444896
SriLanka,LK81,,2025-06-02,2025-06-30,0,0.4707239617285076,0.3443561386113696,0.494081187928499,0.3965993112061995
SriLanka,LK81,,2025-06-09,2025-07-07,0,0.43719415041980475,0.33808247662236873,0.47000421716550694,0.4002828546294395
SriLanka,LK81,,2025-06-16,2025-07-14,1,0.4216642403037245,0.34717102623726376,0.4624078135161586,0.41715957052684777
SriLanka,LK81,,2025-06-23,2025-07-21,0,0.34610139526693867,0.29851142134020453,0.394261092419019,0.37230448301767044
SriLanka,LK81,,2025-06-30,2025-07-28,0,0.32087418175535937,0.2680745638698793,0.37489484105478366,0.34326791657234473
SriLanka,LK81,,2025-07-07,2025-08-04,0,0.2756773680125938,0.23775699466288913,0.33321248024938616,0.31198561430417304
SriLanka,LK81,,2025-07-14,2025-08-11,0,0.26617751130897777,0.2596207000105573,0.3251752800765695,0.3375877783900855
SriLanka,LK81,,2025-07-21,2025-08-18,0,0.2230801206979178,0.21244458777659625,0.2793844570702941,0.28302750161491164
SriLanka,LK81,,2025-07-28,2025-08-25,0,0.18944806234682937,0.1846659130856252,0.2429248463107871,0.25083058491405114
SriLanka,LK81,,2025-08-04,2025-09-01,0,0.17479846931685766,0.16145673972045899,0.22275962580356498,0.21806374049476707
SriLanka,LK81,,2025-08-11,2025-09-08,0,0.20533791483564115,0.15415455867400638,0.257933850790542,0.20722110877962088
SriLanka,LK81,,2025-08-18,2025-09-15,0,0.23502251033459567,0.1511284368357979,0.28711523640931963,0.19902719047001352
SriLanka,LK81,,2025-08-25,2025-09-22,0,0.24866720481608406,0.1600594559596033,0.296001181745608,0.20508252010978156
SriLanka,LK81,,2025-09-01,2025-09-29,0,0.21568780827587714,0.15475469060148492,0.25580955350897366,0.19601876926946993
SriLanka,LK81,,2025-09-08,2025-10-06,0,0.16807714526986636,0.16857094141309525,0.2016939741971212,0.21276784200797252
SriLanka,LK81,,2025-09-15,2025-10-13,0,0.15732271494133065,0.20092345587620625,0.18959566092517768,0.2514226448776829
SriLanka,LK81,,2025-09-22,2025-10-20,0,0.18960665483489642,0.21169777876614343,0.22671839636834548,0.26367711009383016
SriLanka,LK81,,2025-09-29,2025-10-27,0,0.22101857114249973,0.24516672748393664,0.2624255632594131,0.3017991795060383
SriLanka,LK81,,2025-10-06,2025-11-03,0,0.23134241494911179,0.2593611423857228,0.27337794748333044,0.31643913494160086
SriLanka,LK81,,2025-10-13,2025-11-10,0,0.2701703141828041,0.30077176496889313,0.3141135423869832,0.3589581740292638
SriLanka,LK81,,2025-10-20,2025-11-17,0,0.29248078833799773,0.33927034975712017,0.33804145289824283,0.39899246255251286
SriLanka,LK81,,2025-10-27,2025-11-24,0,0.3916408544067437,0.3648394688542233,0.44522847634368345,0.4275206597015125
SriLanka,LK81,,2025-11-03,2025-12-01,0,0.42226069521442244,0.4029353135765298,0.47776181676126167,0.46782677836489966
SriLanka,LK81,,2025-11-10,2025-12-08,0,0.4552396485457516,0.43146376198358044,0.5107120253690377,0.4956042677431544
SriLanka,LK81,,2025-11-17,2025-12-15,1,0.4273868420761673,0.4445753168270887,0.4848725041608235,0.511448070740787
SriLanka,LK82,,2023-01-02,2023-01-30,0,0.18543538836517612,0.2231931042733882,0.16000198995745002,0.1989865228289876
SriLanka,LK82,,2023-01-09,2023-02-06,0,0.15336861426795412,0.18920555434728603,0.13302433746598527,0.1677805644708141
SriLanka,LK82,,2023-01-16,2023-02-13,1,0.10388264615096553,0.1498097165975511,0.09505785371087326,0.13867844338246313
SriLanka,LK82,,2023-01-23,2023-02-20,0,0.09072514591875133,0.12442837607795866,0.08536750361819506,0.11774734607760673
SriLanka,LK82,,2023-01-30,2023-02-27,1,0.08958842619209456,0.10609570747224113,0.08750233936763074,0.10363196849499784
SriLanka,LK82,,2023-02-06,2023-03-06,0,0.08520926557823555,0.09001414127667445,0.08454542135603328,0.08904986251561962
SriLanka,LK82,,2023-02-13,2023-03-13,0,0.08059344768776494,0.08608480564375641,0.08400377396567353,0.08892016868198696
SriLanka,LK82,,2023-02-20,2023-03-20,0,0.06352254199066187,0.0705493739753,0.06824860406100437,0.07450344682989213
SriLanka,LK82,,2023-02-27,2023-03-27,1,0.07082582890135274,0.07622731886036024,0.07860927615525218,0.08277304102969446
SriLanka,LK82,,2023-03-06,2023-04-03,0,0.07502713412671651,0.0642378357879191,0.0865596001907578,0.07239911633986162
SriLanka,LK82,,2023-03-13,2023-04-10,0,0.07723107549046536,0.0670556134768475,0.09085994138974586,0.07707066221345726
SriLanka,LK82,,2023-03-20,2023-04-17,1,0.10067734848861114,0.07605248209925218,0.12064599074110707,0.08951148499978516
SriLanka,LK82,,2023-03-27,2023-04-24,0,0.15338609539486933,0.10002035322057026,0.18634898721946397,0.12060552033915986
SriLanka,LK82,,2023-04-03,2023-05-01,1,0.17721629116035414,0.10903883647178043,0.2182095105528495,0.13437348990812487
SriLanka,LK82,,2023-04-10,2023-05-08,1,0.20305712693062375,0.1255736663669395,0.2520298673073569,0.15715296427318912
SriLanka,LK82,,2023-04-17,2023-05-15,1,0.23044762464860233,0.1909784622217755,0.29111116165393197,0.2412309754075864
SriLanka,LK82,,2023-04-24,2023-05-22,1,0.1851351342087542,0.16936631805670593,0.240447662927558,0.21773262926609602
SriLanka,LK82,,2023-05-01,2023-05-29,1,0.31081566317484377,0.22909848054405665,0.39334576407539423,0.29449814077253034
SriLanka,LK82,,2023-05-08,2023-06-05,1,0.373956569010378,0.3270447104988127,0.4687714088564351,0.4116323299173959
SriLanka,LK82,,2023-05-15,2023-06-12,1,0.3784196789900192,0.3346447296957759,0.4826300596709863,0.42842613190408657
SriLanka,LK82,,2023-05-22,2023-06-19,1,0.4001245819468409,0.3551953690557174,0.5181657740281301,0.4621544158924771
SriLanka,LK82,,2023-05-29,2023-06-26,1,0.33085974448174793,0.3316974848367016,0.45439294265120556,0.44556625495765556
SriLanka,LK82,,2023-06-05,2023-07-03,1,0.3565537873700233,0.3874975469046681,0.4904385648480067,0.5167881742361095
SriLanka,LK82,,2023-06-12,2023-07-10,1,0.2930097705585927,0.3718786426946278,0.4252719961351498,0.5088722226820609
SriLanka,LK82,,2023-06-19,2023-07-17,1,0.2861109257168302,0.3466363746281473,0.4256783164639334,0.4907484164875266
SriLanka,LK82,,2023-06-26,2023-07-24,1,0.26576304411208096,0.31556030113957173,0.40514398850162026,0.4597642002495254
SriLanka,LK82,,2023-07-03,2023-07-31,1,0.2528332986241024,0.2989328108034136,0.39545151657507815,0.446492429065531
SriLanka,LK82,,2023-07-10,2023-08-07,1,0.2504330683613774,0.30959137992521213,0.39601345217996337,0.4627909675584571
SriLanka,LK82,,2023-07-17,2023-08-14,1,0.20461708238323875,0.23610738183567417,0.3412950395593968,0.3785395607639954
SriLanka,LK82,,2023-07-24,2023-08-21,1,0.15828518822533844,0.20447601057898962,0.2758867345074396,0.33848723121774005
SriLanka,LK82,,2023-07-31,2023-08-28,1,0.10858127638658914,0.18119820828565733,0.1973446596507048,0.3068917034636589
SriLanka,LK82,,2023-08-07,2023-09-04,1,0.0954237032080294,0.17192556959575606,0.1747385838698147,0.29301048865685225
SriLanka,LK82,,2023-08-14,2023-09-11,0,0.11398866396543085,0.20361827485362652,0.20978038891687262,0.34413413530513276
SriLanka,LK82,,2023-08-21,2023-09-18,0,0.13634609250663274,0.27687893370360894,0.24595469066902606,0.4406984906540423
SriLanka,LK82,,2023-08-28,2023-09-25,0,0.14911280941845315,0.24914815658919445,0.2661624539523754,0.4067218178046295
SriLanka,LK82,,2023-09-04,2023-10-02,0,0.19691276749430106,0.25223580201414597,0.33854598083807835,0.4126601689959373
SriLanka,LK82,,2023-09-11,2023-10-09,1,0.19296587142695726,0.2047847163912202,0.3335982095422976,0.3490536441392679
SriLanka,LK82,,2023-09-18,2023-10-16,1,0.23301711001998998,0.2142713760414371,0.3915115576734296,0.3637170777156879
SriLanka,LK82,,2023-09-25,2023-10-23,1,0.23591934034912243,0.21218011954872742,0.3956378855112486,0.3597347584148397
SriLanka,LK82,,2023-10-02,2023-10-30,1,0.27910579196760876,0.24833672494364845,0.45317998781097035,0.40885153337782904
SriLanka,LK82,,2023-10-09,2023-11-06,0,0.334070757198211,0.2920434999883854,0.5206450041580715,0.46523732066986556
SriLanka,LK82,,2023-10-16,2023-11-13,0,0.45791918688532196,0.43259920526299456,0.6491145235004782,0.6178353974139759
SriLanka,LK82,,2023-10-23,2023-11-20,0,0.5668023098952598,0.5379049174382589,0.7447056198336348,0.714358192395761
SriLanka,LK82,,2023-10-30,2023-11-27,1,0.6215203482783999,0.5933169796530393,0.7853895310287857,0.7584339888866802
SriLanka,LK82,,2023-11-06,2023-12-04,1,0.5029713217627636,0.4409182140122167,0.6953866502650577,0.6338092950387672
SriLanka,LK82,,2023-11-13,2023-12-11,1,0.4807497941014298,0.41059148692881337,0.6704073596824905,0.6009730123550782
SriLanka,LK82,,2023-11-20,2023-12-18,1,0.4850473770987485,0.3857564020324476,0.6708243397039585,0.5746229583438373
SriLanka,LK82,,2023-11-27,2023-12-25,1,0.5611972829654389,0.47567444407145265,0.7279273124546078,0.6551577790231868
SriLanka,LK82,,2023-12-04,2024-01-01,1,0.6373861901735716,0.5818150465687769,0.790622185716427,0.7509550840416712
SriLanka,LK82,,2023-12-11,2024-01-08,1,0.584965972431366,0.5244273070689434,0.7617277298598661,0.7175045121261692
SriLanka,LK82,,2023-12-18,2024-01-15,1,0.9291090387233591,0.9351660206356716,0.9693959374901868,0.9726689841538103
SriLanka,LK82,,2023-12-25,2024-01-22,1,0.7123880462826776,0.6284332394949744,0.8633504263165438,0.8154067742647089
SriLanka,LK82,,2024-01-01,2024-01-29,1,0.6383910392064044,0.5293085434011882,0.8231523376765618,0.7530069000566705
SriLanka,LK82,,2024-01-08,2024-02-05,1,0.5021593593783946,0.3179991638999568,0.7330658211690568,0.5684970130108137
SriLanka,LK82,,2024-01-15,2024-02-12,1,0.721451203242482,0.5886298484449304,0.8754459753278996,0.8034900791039878
SriLanka,LK82,,2024-01-22,2024-02-19,1,0.5439253347272214,0.3505282690483905,0.7644691899098536,0.6097096383086141
SriLanka,LK82,,2024-01-29,2024-02-26,1,0.40086883226547826,0.25270664236829354,0.6487223086451579,0.5005620635485338
SriLanka,LK82,,2024-02-05,2024-03-04,1,0.2756952736528328,0.1471639967936653,0.5148183702510077,0.34260365490170824
SriLanka,LK82,,2024-02-12,2024-03-11,1,0.22883696092019465,0.11809075708822356,0.45476593490513045,0.29203769516511713
SriLanka,LK82,,2024-02-19,2024-03-18,1,0.23000942516985007,0.11576531846366021,0.4540331726892624,0.28893385486329115
SriLanka,LK82,,2024-02-26,2024-03-25,0,0.1794277614451456,0.1105101701112869,0.3714679607957125,0.27637551655178416
SriLanka,LK82,,2024-03-04,2024-04-01,0,0.15333467155125685,0.09654284787552439,0.32052464143008536,0.24364682574971297
SriLanka,LK82,,2024-03-11,2024-04-08,1,0.12062376303371873,0.0992445269054808,0.25974165468540544,0.24831617823220606
SriLanka,LK82,,2024-03-18,2024-04-15,0,0.11179306691959645,0.09761955035139971,0.24214411669682182,0.24464784443394302
SriLanka,LK82,,2024-03-25,2024-04-22,1,0.11593578965120115,0.10329216151538957,0.2452417429162194,0.25322562525972236
SriLanka,LK82,,2024-04-01,2024-04-29,0,0.11109755943319712,0.11119551804619132,0.23077127469433997,0.26386631046898434
SriLanka,LK82,,2024-04-08,2024-05-06,1,0.12750750807489927,0.1386005975512554,0.2540299572745143,0.3097303962655752
SriLanka,LK82,,2024-04-15,2024-05-13,1,0.1583063457121474,0.15923295511353178,0.2975735137209039,0.33803550684280764
SriLanka,LK82,,2024-04-22,2024-05-20,0,0.2046048985784123,0.2015506329976863,0.35683280019036656,0.3951670624075501
SriLanka,LK82,,2024-04-29,2024-05-27,1,0.2088245375775001,0.20990884598224493,0.35761756758350766,0.40176856466725563
SriLanka,LK82,,2024-05-06,2024-06-03,1,0.22331753648023245,0.2513070743026623,0.3701756158927194,0.4506789424152602
SriLanka,LK82,,2024-05-13,2024-06-10,1,0.28696418530982704,0.28505225458732736,0.442335510047727,0.4837091173509983
SriLanka,LK82,,2024-05-20,2024-06-17,1,0.3182986509171355,0.27749008931512475,0.47048943731860704,0.46550469738681505
SriLanka,LK82,,2024-05-27,2024-06-24,1,0.38345032412261865,0.3159669503421751,0.5297363273149881,0.4995266146143746
SriLanka,LK82,,2024-06-03,2024-07-01,0,0.47041797746912617,0.350104482565658,0.6087156976643487,0.5256344076425877
SriLanka,LK82,,2024-06-10,2024-07-08,1,0.41753498056320426,0.33342507475190863,0.546057933857897,0.49357837762466034
SriLanka,LK82,,2024-06-17,2024-07-15,1,0.3779602458199051,0.32038370791296694,0.4907097121272447,0.46422219816546834
SriLanka,LK82,,2024-06-24,2024-07-22,1,0.32476986518358647,0.2925796130018107,0.4195478624149901,0.4198747041371461
SriLanka,LK82,,2024-07-01,2024-07-29,1,0.27956118198355706,0.2624889333162955,0.3622591983406428,0.37897404825916253
SriLanka,LK82,,2024-07-08,2024-08-05,1,0.2280900694396802,0.24706544702395977,0.2934926171817147,0.3538338068267368
SriLanka,LK82,,2024-07-15,2024-08-12,1,0.17679781675238235,0.2178787109405683,0.22794212634253705,0.31521809395746114
SriLanka,LK82,,2024-07-22,2024-08-19,1,0.13473759162022644,0.20502993132743477,0.17524103310430433,0.2988373731033759
SriLanka,LK82,,2024-07-29,2024-08-26,1,0.12678966565425645,0.18029323653893253,0.1650478329540136,0.2662662619293964
SriLanka,LK82,,2024-08-05,2024-09-02,1,0.12297829471896352,0.168323953264485,0.1616293009514723,0.2525352195787729
SriLanka,LK82,,2024-08-12,2024-09-09,0,0.13821409679210817,0.16170454197638312,0.17652517991596126,0.2392208470688467
SriLanka,LK82,,2024-08-19,2024-09-16,1,0.17181724136283186,0.16631736922206222,0.21843740509269646,0.2462367696575538
SriLanka,LK82,,2024-08-26,2024-09-23,1,0.1902632993218254,0.17878497524995737,0.24194812203303245,0.26327202406609107
SriLanka,LK82,,2024-09-02,2024-09-30,1,0.21260308069434647,0.18850557995924586,0.2682779529414243,0.2754722786941181
SriLanka,LK82,,2024-09-09,2024-10-07,1,0.1695037402498905,0.16730637834366374,0.21550562716045576,0.2457793820466908
SriLanka,LK82,,2024-09-16,2024-10-14,1,0.19079795806221314,0.21999143521471054,0.2416400762619057,0.3146586375800117
SriLanka,LK82,,2024-09-23,2024-10-21,1,0.19317289617888994,0.26518544961218965,0.24625725503870255,0.3728506547464177
SriLanka,LK82,,2024-09-30,2024-10-28,1,0.2220723671829501,0.3486713004517949,0.28038931611158757,0.4691042874473736
SriLanka,LK82,,2024-10-07,2024-11-04,1,0.2859864578576806,0.41552454256862914,0.35194840484822515,0.5386061994990229
SriLanka,LK82,,2024-10-14,2024-11-11,1,0.4092243684258571,0.5065127498801105,0.48220296012108493,0.6259367176385561
SriLanka,LK82,,2024-10-21,2024-11-18,1,0.4452058215753536,0.5017853455658596,0.512586033177039,0.6159425948937737
SriLanka,LK82,,2024-10-28,2024-11-25,1,0.48275969738352276,0.517422305453072,0.5446860498088761,0.6248927932325506
SriLanka,LK82,,2024-11-04,2024-12-02,1,0.49629698563824926,0.49978638737587344,0.5536934190526678,0.6015190130047197
SriLanka,LK82,,2024-11-11,2024-12-09,1,0.5350726725176668,0.4874247226711134,0.600424187736041,0.5947004427505322
SriLanka,LK82,,2024-11-18,2024-12-16,1,0.6527381523861114,0.6145201363919914,0.7115657413624582,0.7097843531110826
SriLanka,LK82,,2024-11-25,2024-12-23,1,0.5905564980656439,0.5291916295450859,0.6581529004926631,0.6344067050635219
SriLanka,LK82,,2024-12-02,2024-12-30,1,0.547609988650156,0.45787169386567467,0.6110495347597453,0.5572195528563031
SriLanka,LK82,,2024-12-09,2025-01-06,1,0.4904217738528448,0.43851345382005696,0.5400701649463706,0.5207823488617014
SriLanka,LK82,,2024-12-16,2025-01-13,1,0.43792182126303264,0.37934990395828694,0.47358128786236836,0.44453451882697065
SriLanka,LK82,,2024-12-23,2025-01-20,1,0.41476839546013183,0.3162407400327864,0.4324950067482802,0.3603643756066224
SriLanka,LK82,,2024-12-30,2025-01-27,1,0.333584670792687,0.2966149104519242,0.34093849084185496,0.3314140652785499
SriLanka,LK82,,2025-01-06,2025-02-03,0,0.2713697156859385,0.2687346971624694,0.2685357944308664,0.29325571738649936
SriLanka,LK82,,2025-01-13,2025-02-10,0,0.27760727635081134,0.21796287853776922,0.2692653853096646,0.2339180692889454
SriLanka,LK82,,2025-01-20,2025-02-17,1,0.23048537436899058,0.18188258628327092,0.2209265710802495,0.1932856353288005
SriLanka,LK82,,2025-01-27,2025-02-24,0,0.18499324580539103,0.14607120399245468,0.17229636453144517,0.15124211533386028
SriLanka,LK82,,2025-02-03,2025-03-03,1,0.15849721074018883,0.0979674786548818,0.14532532866927356,0.09977650502266135
SriLanka,LK82,,2025-02-10,2025-03-10,1,0.14470170570193608,0.07915473372812258,0.12746771915517408,0.07693631963291546
SriLanka,LK82,,2025-02-17,2025-03-17,1,0.16098491849895094,0.08194540297543534,0.14047415491432305,0.07822942225941217
SriLanka,LK82,,2025-02-24,2025-03-24,1,0.14353726469044994,0.07532186315475053,0.12698004095499746,0.07244512390600323
SriLanka,LK82,,2025-03-03,2025-03-31,1,0.12635990880779413,0.08317385504303189,0.11104027820087292,0.07906466849597903
SriLanka,LK82,,2025-03-10,2025-04-07,1,0.12288313814697366,0.09921155546226064,0.10954514271077433,0.09542703673196155
SriLanka,LK82,,2025-03-17,2025-04-14,1,0.14316916714211106,0.11779372972665221,0.1263923570631669,0.11209852135280904
SriLanka,LK82,,2025-03-24,2025-04-21,1,0.1637267985159111,0.12823753276598115,0.14453300985535908,0.12196698347616539
SriLanka,LK82,,2025-03-31,2025-04-28,1,0.2047666536666422,0.13485471803901536,0.18531372196931306,0.13113058690127175
SriLanka,LK82,,2025-04-07,2025-05-05,0,0.2963989773905042,0.19145244795123886,0.2759871874831936,0.1900500510296733
SriLanka,LK82,,2025-04-14,2025-05-12,1,0.3548813209264448,0.2287501088111778,0.3393017236005626,0.23270420795663288
SriLanka,LK82,,2025-04-21,2025-05-19,1,0.345113820776308,0.21848521641552401,0.33418840136975475,0.22579039477164747
SriLanka,LK82,,2025-04-28,2025-05-26,1,0.3726098274680896,0.2674023632470347,0.3697168396906875,0.283263427167162
SriLanka,LK82,,2025-05-05,2025-06-02,1,0.34673056873825114,0.2638461332062479,0.3541493101278711,0.2896407777941021
SriLanka,LK82,,2025-05-12,2025-06-09,1,0.362167326077998,0.3085288137903184,0.3721760257655866,0.34102641098584563
SriLanka,LK82,,2025-05-19,2025-06-16,1,0.3792658688594312,0.3160394330297216,0.3903947073633815,0.35215428070730775
SriLanka,LK82,,2025-05-26,2025-06-23,1,0.44789111463924053,0.3818610742790378,0.46541596445232014,0.4286329173353137
SriLanka,LK82,,2025-06-02,2025-06-30,1,0.4221049831741541,0.40691047191266627,0.4450784329447278,0.46195721062813583
SriLanka,LK82,,2025-06-09,2025-07-07,1,0.4128093593686725,0.40312870778732696,0.4452371431482289,0.4688202064754971
SriLanka,LK82,,2025-06-16,2025-07-14,1,0.3737691828670473,0.37742349531462416,0.41319125623083114,0.4493133049984661
SriLanka,LK82,,2025-06-23,2025-07-21,1,0.3162508881031816,0.3702443461524002,0.36255995437491895,0.4503849486558918
SriLanka,LK82,,2025-06-30,2025-07-28,1,0.1984122057336151,0.2884397466283759,0.23907367054448367,0.3664851793128997
SriLanka,LK82,,2025-07-07,2025-08-04,0,0.1390540893170994,0.25135855807218055,0.17496294836184348,0.328006312037751
SriLanka,LK82,,2025-07-14,2025-08-11,1,0.135982604473569,0.2405473248345042,0.1729230815556332,0.31522519318387576
SriLanka,LK82,,2025-07-21,2025-08-18,0,0.14969888214335403,0.2199373578381154,0.19206070468702457,0.2920864156388018
SriLanka,LK82,,2025-07-28,2025-08-25,1,0.1290850759188028,0.19827362377478366,0.16907705586915836,0.26771297716050124
SriLanka,LK82,,2025-08-04,2025-09-01,0,0.1301663920309098,0.1686913786694392,0.16838020340115692,0.2271477655482001
SriLanka,LK82,,2025-08-11,2025-09-08,1,0.14981928994321184,0.1739852226125451,0.19162366588228386,0.23200588217321452
SriLanka,LK82,,2025-08-18,2025-09-15,0,0.12131531992581507,0.15083084728648996,0.1532540091539956,0.19865735552603234
SriLanka,LK82,,2025-08-25,2025-09-22,0,0.11855284700335789,0.16916090937782957,0.14592998314176886,0.21608548792043286
SriLanka,LK82,,2025-09-01,2025-09-29,0,0.08954405922215966,0.1462113419342619,0.1094761322599902,0.18569787919794106
SriLanka,LK82,,2025-09-08,2025-10-06,0,0.10508076773724136,0.18764012642600164,0.12803696690630592,0.2354210282250157
SriLanka,LK82,,2025-09-15,2025-10-13,0,0.11266411267486161,0.193118132692376,0.13726817620845047,0.2422502982300803
SriLanka,LK82,,2025-09-22,2025-10-20,1,0.1365747251341574,0.21512920568376112,0.16542537443462454,0.2676649940100052
SriLanka,LK82,,2025-09-29,2025-10-27,1,0.1423296651401136,0.23853775723179846,0.17225447034205255,0.29423583602464015
SriLanka,LK82,,2025-10-06,2025-11-03,0,0.1796883125376981,0.2590501614302784,0.21496296086275407,0.31608892384620013
SriLanka,LK82,,2025-10-13,2025-11-10,0,0.23179785213751192,0.3130189933989305,0.27182435603382493,0.3723131436935651
SriLanka,LK82,,2025-10-20,2025-11-17,1,0.29694966139059803,0.3786981907398429,0.3428691064498686,0.4407312399688042
SriLanka,LK82,,2025-10-27,2025-11-24,1,0.386327017257308,0.41983969175198643,0.439713080792226,0.48475841999677766
SriLanka,LK82,,2025-11-03,2025-12-01,0,0.36177092852619486,0.40422254081683423,0.4150329389847331,0.46915841531353275
SriLanka,LK82,,2025-11-10,2025-12-08,1,0.45367929003880386,0.4227789927056646,0.509139234228532,0.4867337373677994
SriLanka,LK82,,2025-11-17,2025-12-15,1,0.4665995140136833,0.45014745088623226,0.5245280843663784,0.5170780713032277
SriLanka,LK91,,2023-01-02,2023-01-30,0,0.12958731481495633,0.24254156308533956,0.11077210401227972,0.21682224922551976
SriLanka,LK91,,2023-01-09,2023-02-06,0,0.10962339361457434,0.18863846352335742,0.09443464843526056,0.16726444162427137
SriLanka,LK91,,2023-01-16,2023-02-13,0,0.08540522910881654,0.1706853825046674,0.07801343716583928,0.1582917835154452
SriLanka,LK91,,2023-01-23,2023-02-20,0,0.06038722189778892,0.11722823729388888,0.05670940616574808,0.1108848495212918
SriLanka,LK91,,2023-01-30,2023-02-27,0,0.06345804454484648,0.11929425797776495,0.061939014121023345,0.11656399072975183
SriLanka,LK91,,2023-02-06,2023-03-06,0,0.06746770038603798,0.11421086834466504,0.06693196321934126,0.1130195749832818
SriLanka,LK91,,2023-02-13,2023-03-13,0,0.061710948421217035,0.09075599705397062,0.06437820664378659,0.09372943544463418
SriLanka,LK91,,2023-02-20,2023-03-20,0,0.06056562267878648,0.08693368681062923,0.06508698066496493,0.09171543529742801
SriLanka,LK91,,2023-02-27,2023-03-27,0,0.06546070983301176,0.08825880377257708,0.0727006859563588,0.095730616462883
SriLanka,LK91,,2023-03-06,2023-04-03,0,0.06391193722049074,0.08345320998614579,0.07387232973918052,0.09381102317894284
SriLanka,LK91,,2023-03-13,2023-04-10,0,0.062119107863569785,0.08127987747974384,0.07329300051413827,0.09320713537684039
SriLanka,LK91,,2023-03-20,2023-04-17,0,0.07783155578999375,0.10170572433966794,0.09374121800774213,0.11911928257909349
SriLanka,LK91,,2023-03-27,2023-04-24,0,0.10142593918948498,0.10834237797034571,0.12486946976873106,0.1303921494801438
SriLanka,LK91,,2023-04-03,2023-05-01,0,0.10621368012038856,0.1054487414549914,0.13344657444211552,0.1300710293865099
SriLanka,LK91,,2023-04-10,2023-05-08,0,0.16486935684602233,0.1382532663082252,0.20702459751004604,0.17239258921513162
SriLanka,LK91,,2023-04-17,2023-05-15,0,0.2106851823063844,0.16188608622935832,0.26795785266382394,0.20643681729684016
SriLanka,LK91,,2023-04-24,2023-05-22,0,0.18741493371599355,0.14461270188097283,0.24320530320691428,0.18750579979800894
SriLanka,LK91,,2023-05-01,2023-05-29,1,0.5027761942725434,0.17577882151042268,0.5924598584053477,0.23050880578647426
SriLanka,LK91,,2023-05-08,2023-06-05,1,0.5794842945223831,0.2682960324563845,0.6705910815887984,0.34548968934524205
SriLanka,LK91,,2023-05-15,2023-06-12,1,0.5395194110132527,0.311164423062582,0.6422542298137023,0.4023447312759559
SriLanka,LK91,,2023-05-22,2023-06-19,1,0.5527401398009788,0.346888334221646,0.6658310706482339,0.4531036903480206
SriLanka,LK91,,2023-05-29,2023-06-26,1,0.6463743898284028,0.3752613121628329,0.7548229398686112,0.49305178986651277
SriLanka,LK91,,2023-06-05,2023-07-03,1,0.6406374668951418,0.4296847394659442,0.7558822523225193,0.5601778440517052
SriLanka,LK91,,2023-06-12,2023-07-10,0,0.63208373553471,0.46168208296169494,0.7541388325083743,0.6001489205560686
SriLanka,LK91,,2023-06-19,2023-07-17,0,0.6425658555521127,0.46269377574362297,0.7687667120481854,0.6100076115034848
SriLanka,LK91,,2023-06-26,2023-07-24,0,0.5832511495873609,0.38134482343044585,0.7247773256221476,0.5322339211445497
SriLanka,LK91,,2023-07-03,2023-07-31,0,0.45047121606531765,0.35082232308352224,0.6130941892480017,0.505526113065374
SriLanka,LK91,,2023-07-10,2023-08-07,1,0.3481192836423317,0.27160971300459635,0.511718796724032,0.41737653854396317
SriLanka,LK91,,2023-07-17,2023-08-14,0,0.38045002885184026,0.24341758610765418,0.5529300389704219,0.3880196506723834
SriLanka,LK91,,2023-07-24,2023-08-21,0,0.3734270288308158,0.22048438202989123,0.546996562941451,0.36023635749419586
SriLanka,LK91,,2023-07-31,2023-08-28,0,0.32537603522971514,0.20390411304536998,0.49329233107495696,0.33883042591895923
SriLanka,LK91,,2023-08-07,2023-09-04,0,0.3149263694209335,0.20390263916478946,0.47989660161323383,0.3383076792266848
SriLanka,LK91,,2023-08-14,2023-09-11,0,0.24755514221697075,0.16780590898161402,0.4043642360650594,0.2926908544790942
SriLanka,LK91,,2023-08-21,2023-09-18,0,0.22318750377520766,0.1580210516055575,0.37249775975883576,0.27861176033987084
SriLanka,LK91,,2023-08-28,2023-09-25,0,0.16393092466074596,0.16170827920439135,0.2886662640053921,0.2849689985018606
SriLanka,LK91,,2023-09-04,2023-10-02,0,0.17169809759407648,0.18387614383175052,0.30201560614417566,0.31939368475708346
SriLanka,LK91,,2023-09-11,2023-10-09,0,0.14603462544905282,0.16895864192766186,0.2636370573660217,0.29742843927581714
SriLanka,LK91,,2023-09-18,2023-10-16,0,0.16760049319129772,0.1747371570814306,0.2989422941489883,0.30739678416112826
SriLanka,LK91,,2023-09-25,2023-10-23,0,0.18649157184974532,0.17998590513667417,0.327071334757363,0.31407756232474543
SriLanka,LK91,,2023-10-02,2023-10-30,0,0.29466624703878797,0.21751951462867633,0.4720898983268175,0.3678636741086055
SriLanka,LK91,,2023-10-09,2023-11-06,0,0.4080762309255222,0.2526467505807556,0.5988158895695611,0.4162124701519221
SriLanka,LK91,,2023-10-16,2023-11-13,0,0.41095817628459125,0.2636685314706942,0.6044079548872283,0.43159103133405846
SriLanka,LK91,,2023-10-23,2023-11-20,0,0.38791106659445285,0.28439723804802836,0.5855632422534071,0.4605773827110974
SriLanka,LK91,,2023-10-30,2023-11-27,1,0.37601727521127637,0.3133419803910198,0.5731858320505929,0.4954693905417552
SriLanka,LK91,,2023-11-06,2023-12-04,0,0.36530012168364745,0.32523413330871237,0.5649082354355555,0.5140487505879794
SriLanka,LK91,,2023-11-13,2023-12-11,1,0.40476767747965,0.35241978476618185,0.5990308099596785,0.5405661594776717
SriLanka,LK91,,2023-11-20,2023-12-18,0,0.44662220031477967,0.37031241079577076,0.6358544911563724,0.5584926687849112
SriLanka,LK91,,2023-11-27,2023-12-25,0,0.6920142938310273,0.6559149654079192,0.8245758800551061,0.79968240051875
SriLanka,LK91,,2023-12-04,2024-01-01,1,0.5571428108163168,0.49859665373383677,0.7299200082759008,0.6830600332595798
SriLanka,LK91,,2023-12-11,2024-01-08,1,0.5804069356256151,0.5673905230513112,0.7583081243233145,0.7512970650875037
SriLanka,LK91,,2023-12-18,2024-01-15,0,0.444197104879496,0.39324761563599187,0.6588810725136931,0.6152526524329563
SriLanka,LK91,,2023-12-25,2024-01-22,1,0.40846699027350175,0.3752939638375851,0.6378590663237248,0.6107485148181655
SriLanka,LK91,,2024-01-01,2024-01-29,1,0.3653551082580709,0.32067468199385685,0.6028295969896773,0.5613572717077746
SriLanka,LK91,,2024-01-08,2024-02-05,1,0.31226015805961327,0.2976919397946539,0.5528078110986917,0.544975805839282
SriLanka,LK91,,2024-01-15,2024-02-12,0,0.23885347487850414,0.19378246748549452,0.4599228620604596,0.4071717664053142
SriLanka,LK91,,2024-01-22,2024-02-19,0,0.23376505621461313,0.17857227947464877,0.45363664112541885,0.38621732504297324
SriLanka,LK91,,2024-01-29,2024-02-26,0,0.19542526992064013,0.16078978390457874,0.4013455391224533,0.36218650402363456
SriLanka,LK91,,2024-02-05,2024-03-04,0,0.18927151988423122,0.15513185588653572,0.39423528787701345,0.35672702799000433
SriLanka,LK91,,2024-02-12,2024-03-11,0,0.1216609696562949,0.08123044444553054,0.2802268347983679,0.2140611118187763
SriLanka,LK91,,2024-02-19,2024-03-18,0,0.13778295894690096,0.09227120988556564,0.30789959300908654,0.23982782890040572
SriLanka,LK91,,2024-02-26,2024-03-25,0,0.12750334812284972,0.09111956045599882,0.28314563749239535,0.23558975995840323
SriLanka,LK91,,2024-03-04,2024-04-01,0,0.1059703550994733,0.0839363557370676,0.23590574776374695,0.21643327269277815
SriLanka,LK91,,2024-03-11,2024-04-08,0,0.1025799395369214,0.09189841940058147,0.22624148810327882,0.2327874096116304
SriLanka,LK91,,2024-03-18,2024-04-15,0,0.10462845989321336,0.10015083340775134,0.2287773015321368,0.2499356334437804
SriLanka,LK91,,2024-03-25,2024-04-22,1,0.11015077312771865,0.11824441759578175,0.2347175991575229,0.28303130222076295
SriLanka,LK91,,2024-04-01,2024-04-29,1,0.11020391320998744,0.1311976386348659,0.2291631681439072,0.3019998590332524
SriLanka,LK91,,2024-04-08,2024-05-06,1,0.12531155920335502,0.14482744591599664,0.250280079916921,0.320782429277815
SriLanka,LK91,,2024-04-15,2024-05-13,1,0.1683081302249118,0.17169200313021862,0.3131010949816176,0.3585190981387174
SriLanka,LK91,,2024-04-22,2024-05-20,1,0.2473519572838045,0.23658944427228237,0.4147981829286352,0.4451016227114965
SriLanka,LK91,,2024-04-29,2024-05-27,1,0.3406032785749713,0.2970008172412821,0.5214115944426296,0.5164322385076743
SriLanka,LK91,,2024-05-06,2024-06-03,0,0.4349778101640811,0.3690198976349413,0.6114481239930053,0.588387093770431
SriLanka,LK91,,2024-05-13,2024-06-10,0,0.4878252266643968,0.37940311669366106,0.6524388206745658,0.5895893133261588
SriLanka,LK91,,2024-05-20,2024-06-17,0,0.5137961083688019,0.4104428001467858,0.6678818264820218,0.6122096653381962
SriLanka,LK91,,2024-05-27,2024-06-24,0,0.5577769921125395,0.4405618712251352,0.6955422835931537,0.6298545832232998
SriLanka,LK91,,2024-06-03,2024-07-01,0,0.5596092104028406,0.403240057055701,0.6899658323399639,0.5815707275863484
SriLanka,LK91,,2024-06-10,2024-07-08,0,0.53677394631868,0.3550210089783283,0.6603867495070144,0.5174942795118868
SriLanka,LK91,,2024-06-17,2024-07-15,1,0.5362938123576151,0.34717726834489354,0.6471375592133591,0.4942959147228194
SriLanka,LK91,,2024-06-24,2024-07-22,1,0.45805304979930256,0.33304109266014015,0.5594977375719458,0.46633550024258363
SriLanka,LK91,,2024-07-01,2024-07-29,1,0.4068659568867488,0.2963919871860902,0.5010326834480899,0.41936722961076267
SriLanka,LK91,,2024-07-08,2024-08-05,0,0.3389373883808353,0.26409510083881316,0.41887652977436624,0.3745617346104941
SriLanka,LK91,,2024-07-15,2024-08-12,0,0.31982956476309515,0.29073988740797885,0.39261630989581014,0.4038237872490423
SriLanka,LK91,,2024-07-22,2024-08-19,0,0.3224868508178299,0.27331489830919703,0.39374630762799206,0.383301001560148
SriLanka,LK91,,2024-07-29,2024-08-26,0,0.27969450747536095,0.2500929379592701,0.3458187540554001,0.3549378322058288
SriLanka,LK91,,2024-08-05,2024-09-02,0,0.22559411001076554,0.2005086969186394,0.28597986007751164,0.29510826902528636
SriLanka,LK91,,2024-08-12,2024-09-09,0,0.182971321262614,0.17051164372857563,0.23037211202575447,0.25098578352708795
SriLanka,LK91,,2024-08-19,2024-09-16,0,0.15560616967038118,0.1442978655906264,0.19888400232008968,0.21638265130463283
SriLanka,LK91,,2024-08-26,2024-09-23,0,0.17110028845302305,0.16618126422048454,0.21898731890160034,0.2465000686740277
SriLanka,LK91,,2024-09-02,2024-09-30,0,0.19610608603169355,0.18210865890023745,0.24882605237483402,0.267095511347282
SriLanka,LK91,,2024-09-09,2024-10-07,0,0.20613262594227796,0.1587830681282062,0.2589754318546295,0.23438359113201201
SriLanka,LK91,,2024-09-16,2024-10-14,0,0.24907986065896467,0.1805047587954146,0.30951216887321253,0.2639295046240133
SriLanka,LK91,,2024-09-23,2024-10-21,0,0.26441852174193703,0.21842730382445746,0.32909551316682173,0.31525322322508265
SriLanka,LK91,,2024-09-30,2024-10-28,0,0.26766281890164106,0.2421941566937991,0.33282976641239337,0.3453498025321181
SriLanka,LK91,,2024-10-07,2024-11-04,0,0.27096910450919154,0.2918493123360306,0.335092891876841,0.4035937164471485
SriLanka,LK91,,2024-10-14,2024-11-11,0,0.28563819147297015,0.33149277581073383,0.349620183541898,0.4470321440810028
SriLanka,LK91,,2024-10-21,2024-11-18,0,0.3175620714678501,0.3966173231653706,0.3788145243684138,0.5114081697025368
SriLanka,LK91,,2024-10-28,2024-11-25,0,0.37079464228059655,0.4489963500712773,0.430307088613251,0.558708967865269
SriLanka,LK91,,2024-11-04,2024-12-02,0,0.37035688949949747,0.4577930108751385,0.42549179583720287,0.5605568044343578
SriLanka,LK91,,2024-11-11,2024-12-09,0,0.3902215860569361,0.45066757566636934,0.455203072133963,0.5586708020959288
SriLanka,LK91,,2024-11-18,2024-12-16,0,0.4490425284230095,0.4765538414829786,0.5168345459469326,0.5827641072182151
SriLanka,LK91,,2024-11-25,2024-12-23,0,0.40217546039021923,0.4741417026062029,0.47312554839576426,0.5819403261170216
SriLanka,LK91,,2024-12-02,2024-12-30,0,0.3825823136678523,0.42227648761125286,0.4457408649165872,0.5213280180515018
SriLanka,LK91,,2024-12-09,2025-01-06,0,0.3305486539008729,0.3926809471000694,0.3759529142420113,0.47360401414222997
SriLanka,LK91,,2024-12-16,2025-01-13,0,0.2870598689132314,0.3088030674537071,0.31737113444558285,0.36907402145798174
SriLanka,LK91,,2024-12-23,2025-01-20,1,0.3236087623155662,0.30410370624379207,0.33970081376232925,0.34739428700802044
SriLanka,LK91,,2024-12-30,2025-01-27,0,0.20780625724408802,0.2274484867184349,0.21327468788812176,0.25709901709854727
SriLanka,LK91,,2025-01-06,2025-02-03,0,0.19150475984445575,0.22379915899742334,0.189288200378184,0.24559704219898862
SriLanka,LK91,,2025-01-13,2025-02-10,0,0.14460483318603276,0.17520859417601964,0.139487852215142,0.18878963771907914
SriLanka,LK91,,2025-01-20,2025-02-17,0,0.13194927923686636,0.1767528925865309,0.12580890045380963,0.187908204895242
SriLanka,LK91,,2025-01-27,2025-02-24,0,0.10603469809516768,0.1397743778600333,0.09810474847788803,0.144760169756478
SriLanka,LK91,,2025-02-03,2025-03-03,0,0.10473620716562118,0.11262244565767265,0.09552495208061418,0.11466768384844661
SriLanka,LK91,,2025-02-10,2025-03-10,0,0.10543735199624005,0.09486560281336762,0.09237469016098497,0.09225098257368507
SriLanka,LK91,,2025-02-17,2025-03-17,0,0.11277577309601589,0.09005022155960671,0.09769205909980799,0.08600114065859996
SriLanka,LK91,,2025-02-24,2025-03-24,0,0.10105542293129592,0.08440292429871259,0.08888994593346951,0.08120981582461083
SriLanka,LK91,,2025-03-03,2025-03-31,0,0.06695677286147274,0.06398067571193802,0.058357984743107605,0.060756885785933155
SriLanka,LK91,,2025-03-10,2025-04-07,1,0.06814230187214673,0.0805713189082617,0.06033726122011744,0.07743672393288553
SriLanka,LK91,,2025-03-17,2025-04-14,1,0.08092436682616658,0.09957668808573186,0.07083848235014685,0.0946677411318728
SriLanka,LK91,,2025-03-24,2025-04-21,1,0.09764739615096482,0.1101119419138747,0.08540897812055373,0.10462132995814108
SriLanka,LK91,,2025-03-31,2025-04-28,1,0.1515802740917445,0.13121689545611667,0.13631396636528814,0.1275784114242444
SriLanka,LK91,,2025-04-07,2025-05-05,1,0.35823887663820214,0.29586824410939916,0.33559969767059206,0.2939790883675606
SriLanka,LK91,,2025-04-14,2025-05-12,1,0.5119854659928021,0.4001720060626766,0.494798788410442,0.4055311966476614
SriLanka,LK91,,2025-04-21,2025-05-19,1,0.8445913752252462,0.8017573697491164,0.8380893840360076,0.8083918536198673
SriLanka,LK91,,2025-04-28,2025-05-26,1,0.8653512691861545,0.8388094717809559,0.8639004755818614,0.849272633673623
SriLanka,LK91,,2025-05-05,2025-06-02,1,0.8704438000345346,0.8506499835628426,0.8740750691000043,0.8663022034137254
SriLanka,LK91,,2025-05-12,2025-06-09,1,0.8751220504082535,0.8589888188048408,0.8797540609706174,0.8760124810266855
SriLanka,LK91,,2025-05-19,2025-06-16,1,0.8558726514608093,0.8367431211003323,0.8615753439367297,0.8577397106431636
SriLanka,LK91,,2025-05-26,2025-06-23,1,0.8339073783335476,0.8148870681487196,0.8434617921353421,0.8424151400104856
SriLanka,LK91,,2025-06-02,2025-06-30,1,0.796035998838556,0.76389665575241,0.8108070621994147,0.8019376932751224
SriLanka,LK91,,2025-06-09,2025-07-07,1,0.7065000682517387,0.7011671894044903,0.7331915199171176,0.7540678193635336
SriLanka,LK91,,2025-06-16,2025-07-14,1,0.6371217846046977,0.6014866669564831,0.6744070194186035,0.670117477694776
SriLanka,LK91,,2025-06-23,2025-07-21,1,0.5784626565322952,0.5566310029346739,0.6279075165671861,0.6363492032350979
SriLanka,LK91,,2025-06-30,2025-07-28,1,0.5108604095500859,0.48107629635989557,0.5700196846789521,0.5695260186629221
SriLanka,LK91,,2025-07-07,2025-08-04,1,0.45310572098714463,0.4193402003944131,0.5210337271095348,0.5121678725759835
SriLanka,LK91,,2025-07-14,2025-08-11,1,0.36500038765890763,0.365078715928332,0.4329780800895013,0.4552427154342234
SriLanka,LK91,,2025-07-21,2025-08-18,0,0.3168996805584041,0.3448391143591814,0.3851448568083019,0.4351071538407552
SriLanka,LK91,,2025-07-28,2025-08-25,0,0.27472116454213347,0.30532326648497904,0.3421090953645908,0.39383665321301825
SriLanka,LK91,,2025-08-04,2025-09-01,0,0.23388347308057014,0.2390948666823864,0.2923136277761141,0.31276908766218087
SriLanka,LK91,,2025-08-11,2025-09-08,0,0.23275126793823203,0.23759708330634022,0.28980816504077433,0.3088980812380904
SriLanka,LK91,,2025-08-18,2025-09-15,1,0.22293919122725858,0.21085439868717928,0.2733105393752995,0.27162556982075425
SriLanka,LK91,,2025-08-25,2025-09-22,0,0.21765332824798467,0.2062920246108661,0.2611356359803115,0.2602897817625258
SriLanka,LK91,,2025-09-01,2025-09-29,1,0.22149027151010872,0.20607172338784063,0.26233036168096435,0.25686087421957454
SriLanka,LK91,,2025-09-08,2025-10-06,0,0.14814187492996378,0.16479249100270382,0.17862760590127594,0.20824686388607921
SriLanka,LK91,,2025-09-15,2025-10-13,0,0.17922006744669333,0.2321298669824618,0.21483977489709952,0.2876489364430562
SriLanka,LK91,,2025-09-22,2025-10-20,0,0.20109456676959445,0.2711475758922275,0.23978951519839947,0.3315839857982739
SriLanka,LK91,,2025-09-29,2025-10-27,0,0.22741259859757293,0.33221440719115986,0.2696028994046119,0.39834322446110076
SriLanka,LK91,,2025-10-06,2025-11-03,0,0.21593135909262753,0.3105440186042895,0.2560996361610081,0.37320999627791274
SriLanka,LK91,,2025-10-13,2025-11-10,0,0.32357047098596964,0.34600635237129096,0.3717748303860225,0.40783953562584135
SriLanka,LK91,,2025-10-20,2025-11-17,0,0.3160261546473475,0.36170110895891006,0.3633708634058457,0.42284481773280397
SriLanka,LK91,,2025-10-27,2025-11-24,0,0.4222028098909357,0.4352283308776629,0.47669546310967187,0.5004738899531949
SriLanka,LK91,,2025-11-03,2025-12-01,1,0.41922947023331253,0.44382722197502833,0.47465950629714393,0.509682496183082
SriLanka,LK91,,2025-11-10,2025-12-08,0,0.3901418050552827,0.45092318176157015,0.4441491600441981,0.5153343864496548
SriLanka,LK91,,2025-11-17,2025-12-15,0,0.45803082926603245,0.4709699622589538,0.5159245458428054,0.5379675029627037
SriLanka,LK92,,2023-01-02,2023-01-30,0,0.15130354470549287,0.29145994594404906,0.1298055002999626,0.262349951651539
SriLanka,LK92,,2023-01-09,2023-02-06,1,0.15523454123387287,0.2834045028473345,0.13468212465585994,0.254663079561602
SriLanka,LK92,,2023-01-16,2023-02-13,1,0.11814236762867819,0.23417731943910772,0.10825255129781519,0.21838754799934615
SriLanka,LK92,,2023-01-23,2023-02-20,1,0.1000422265955391,0.18436622738859643,0.09419137323581038,0.17511055162027986
SriLanka,LK92,,2023-01-30,2023-02-27,1,0.07144516956813472,0.13210046721347862,0.06974918598877873,0.12912007682495721
SriLanka,LK92,,2023-02-06,2023-03-06,1,0.08147417825799666,0.12659204053863182,0.08083686178417587,0.12528987016845541
SriLanka,LK92,,2023-02-13,2023-03-13,0,0.08705940043850682,0.12330196820653638,0.09071633822464949,0.1271925467995421
SriLanka,LK92,,2023-02-20,2023-03-20,1,0.08364018536443892,0.11446279298961735,0.08971959880089288,0.12055883325589659
SriLanka,LK92,,2023-02-27,2023-03-27,1,0.0860125817798392,0.10349233515194008,0.09529382224333473,0.11209523143405845
SriLanka,LK92,,2023-03-06,2023-04-03,1,0.08247496939168701,0.10824161238080221,0.09503462519549918,0.12126897393407983
SriLanka,LK92,,2023-03-13,2023-04-10,1,0.07215926795808655,0.09693245146828783,0.0849755384436267,0.11087940462193521
SriLanka,LK92,,2023-03-20,2023-04-17,1,0.08981150772719035,0.13529774773476913,0.10788352227791893,0.15745464171714532
SriLanka,LK92,,2023-03-27,2023-04-24,0,0.10485539847223388,0.1448307029452617,0.12897783354337863,0.17286685089705772
SriLanka,LK92,,2023-04-03,2023-05-01,1,0.14140323847659222,0.16795424724001357,0.17588315059531853,0.2038457323615335
SriLanka,LK92,,2023-04-10,2023-05-08,1,0.1905813561131789,0.18572659459563973,0.23744169057331874,0.22848053199171459
SriLanka,LK92,,2023-04-17,2023-05-15,1,0.25571299193598374,0.22026551450462326,0.3202595736064867,0.27559915652625194
SriLanka,LK92,,2023-04-24,2023-05-22,1,0.21007294444143412,0.16766511694769018,0.27036405808234465,0.2156717531428714
SriLanka,LK92,,2023-05-01,2023-05-29,1,0.4630435051885907,0.2951788605647618,0.5535297504287189,0.3703791440881799
SriLanka,LK92,,2023-05-08,2023-06-05,1,0.5673175985803249,0.4566728950480218,0.6595115365244612,0.5475103151602012
SriLanka,LK92,,2023-05-15,2023-06-12,1,0.6400443638103456,0.4759655482330858,0.7315125622181872,0.5751181408298213
SriLanka,LK92,,2023-05-22,2023-06-19,1,0.6413101216885257,0.46846960704076573,0.7424412931177413,0.5789142361662029
SriLanka,LK92,,2023-05-29,2023-06-26,1,0.6954010936031841,0.5754288664977919,0.7936150443915713,0.6869615450276796
SriLanka,LK92,,2023-06-05,2023-07-03,1,0.6747033947766673,0.5924439989916895,0.7827285922069356,0.7107643901258113
SriLanka,LK92,,2023-06-12,2023-07-10,1,0.7405998772647159,0.6834338346671244,0.8359958219106094,0.7907175436882377
SriLanka,LK92,,2023-06-19,2023-07-17,1,0.7143564323923763,0.6518276593801663,0.8222226872615278,0.7727543401054389
SriLanka,LK92,,2023-06-26,2023-07-24,1,0.711288450772,0.5456909461585091,0.8225615919023038,0.6891682943322597
SriLanka,LK92,,2023-07-03,2023-07-31,1,0.6457479906481444,0.5600460228033582,0.7789408912633072,0.706590230983
SriLanka,LK92,,2023-07-10,2023-08-07,1,0.5570932917498661,0.49063647891881634,0.7116833524888606,0.6491853078366459
SriLanka,LK92,,2023-07-17,2023-08-14,1,0.5831995975884733,0.4479489834403301,0.7380923409560761,0.6152483002899415
SriLanka,LK92,,2023-07-24,2023-08-21,1,0.514964129889686,0.363537942603017,0.6826462774349473,0.5320724765243608
SriLanka,LK92,,2023-07-31,2023-08-28,1,0.48036886176149424,0.33967312177738795,0.6510770066242264,0.5072014948481118
SriLanka,LK92,,2023-08-07,2023-09-04,1,0.429394210297913,0.31643070233811876,0.6016649654297113,0.48026281114751124
SriLanka,LK92,,2023-08-14,2023-09-11,1,0.3804631801446932,0.2833899159411072,0.5589244985671622,0.44798849659359385
SriLanka,LK92,,2023-08-21,2023-09-18,0,0.3278576874198557,0.2508028021819856,0.5019450115993833,0.40789681219293117
SriLanka,LK92,,2023-08-28,2023-09-25,0,0.22762911553719897,0.24598221092358347,0.37886897118442425,0.4026272595187323
SriLanka,LK92,,2023-09-04,2023-10-02,0,0.21580491045141634,0.261392765702375,0.3648532036369706,0.4243361324772031
SriLanka,LK92,,2023-09-11,2023-10-09,0,0.21072033577553897,0.2732702586296258,0.35854341772949644,0.4391428682694882
SriLanka,LK92,,2023-09-18,2023-10-16,0,0.20925583772092796,0.25295518593654465,0.35915647820017876,0.41512664585507886
SriLanka,LK92,,2023-09-25,2023-10-23,0,0.1989394935294728,0.22228755258120023,0.3449241371400459,0.3735384098386295
SriLanka,LK92,,2023-10-02,2023-10-30,0,0.3367403825625271,0.25444210167767217,0.5207922359448285,0.4167154025879871
SriLanka,LK92,,2023-10-09,2023-11-06,0,0.46641216299209676,0.30927518532765763,0.6542794154791891,0.48567752355546734
SriLanka,LK92,,2023-10-16,2023-11-13,0,0.43712742392968273,0.29805219421695095,0.6297263678767371,0.4737826863709356
SriLanka,LK92,,2023-10-23,2023-11-20,0,0.43445781265932354,0.33289499298548375,0.6313631593187586,0.5173965763471721
SriLanka,LK92,,2023-10-30,2023-11-27,1,0.48252748932805195,0.393198113672016,0.6751190740115748,0.5823747150722756
SriLanka,LK92,,2023-11-06,2023-12-04,1,0.4740713338767511,0.36214081215270416,0.6703418382652507,0.5547658478569959
SriLanka,LK92,,2023-11-13,2023-12-11,1,0.4945019984214015,0.37992204345814906,0.6824543539031475,0.569831226574481
SriLanka,LK92,,2023-11-20,2023-12-18,1,0.48038036851112864,0.3592990952719008,0.6666840203985687,0.546742143143015
SriLanka,LK92,,2023-11-27,2023-12-25,1,0.6938505679592417,0.6053001892576909,0.8258207273839326,0.7625601791253179
SriLanka,LK92,,2023-12-04,2024-01-01,1,0.7408726105698035,0.6872444885483517,0.8599833180175528,0.8264612495332027
SriLanka,LK92,,2023-12-11,2024-01-08,1,0.631930858548958,0.5835803428133512,0.7956769894098425,0.7634735015986422
SriLanka,LK92,,2023-12-18,2024-01-15,1,0.655515738115086,0.580713604319744,0.8213955373181481,0.7736138904100691
SriLanka,LK92,,2023-12-25,2024-01-22,1,0.6948264857382419,0.6406044962930799,0.8531059197532482,0.8231767098867969
SriLanka,LK92,,2024-01-01,2024-01-29,1,0.6330797417761437,0.6006568535203411,0.8197887380682662,0.8030627993464142
SriLanka,LK92,,2024-01-08,2024-02-05,1,0.4969726379305369,0.5114016267399405,0.7289864451523762,0.7473102869321386
SriLanka,LK92,,2024-01-15,2024-02-12,1,0.3973937597657004,0.37470509735567836,0.6415242673761725,0.6313153253838875
SriLanka,LK92,,2024-01-22,2024-02-19,1,0.35618766599516527,0.34193955384401736,0.6009044338791298,0.6006434819718182
SriLanka,LK92,,2024-01-29,2024-02-26,1,0.2659378240952103,0.254129639573175,0.4999856947891316,0.502442355882103
SriLanka,LK92,,2024-02-05,2024-03-04,0,0.26160912707674905,0.24642470123955695,0.49689630283038194,0.49688363117139145
SriLanka,LK92,,2024-02-12,2024-03-11,1,0.17946720015143622,0.14978146920283356,0.3807175474969287,0.3517881736524091
SriLanka,LK92,,2024-02-19,2024-03-18,0,0.17411351125440724,0.15962837613703526,0.36984545745922237,0.3708887561590003
SriLanka,LK92,,2024-02-26,2024-03-25,0,0.114232436067981,0.11510823683620232,0.25847413562338856,0.28565851565314965
SriLanka,LK92,,2024-03-04,2024-04-01,0,0.09159459656451584,0.10227145355926352,0.20800421487222312,0.25563438724724447
SriLanka,LK92,,2024-03-11,2024-04-08,0,0.08399597023943378,0.10597375117124898,0.18999738772802163,0.26221076063829707
SriLanka,LK92,,2024-03-18,2024-04-15,0,0.08623323399907352,0.11042231864855111,0.1932662875599952,0.270943604135988
SriLanka,LK92,,2024-03-25,2024-04-22,1,0.08680948364309836,0.1137268019998092,0.1906351305739074,0.2741755165972685
SriLanka,LK92,,2024-04-01,2024-04-29,0,0.09635868696324484,0.12063614499703916,0.20379574973228043,0.2821540547272062
SriLanka,LK92,,2024-04-08,2024-05-06,1,0.11265295073852591,0.14046692462899976,0.228292348922856,0.31306358899666464
SriLanka,LK92,,2024-04-15,2024-05-13,1,0.15088419978621093,0.1602316219202701,0.2858392871119701,0.33970248583184465
SriLanka,LK92,,2024-04-22,2024-05-20,0,0.23043132945041467,0.22188921072266984,0.39239488204885736,0.42465239454157583
SriLanka,LK92,,2024-04-29,2024-05-27,1,0.2950741843870302,0.25301446975487063,0.46890019445009634,0.4612713171804061
SriLanka,LK92,,2024-05-06,2024-06-03,0,0.38687507815429656,0.33687295258283895,0.563285405315965,0.5539058564681701
SriLanka,LK92,,2024-05-13,2024-06-10,0,0.45271903077045694,0.3590575657762624,0.6198224666047437,0.5682938355711327
SriLanka,LK92,,2024-05-20,2024-06-17,0,0.4274215582675663,0.33590155304307134,0.5868704801124897,0.5342295955984994
SriLanka,LK92,,2024-05-27,2024-06-24,1,0.4995061153782823,0.3835665343951582,0.6438328780699886,0.5734736337794757
SriLanka,LK92,,2024-06-03,2024-07-01,0,0.5053868515176637,0.3539952120595842,0.6415117456844274,0.5298853498476418
SriLanka,LK92,,2024-06-10,2024-07-08,0,0.5195197894169632,0.3537343671943534,0.6446891354317814,0.5160899704043906
SriLanka,LK92,,2024-06-17,2024-07-15,0,0.4473447085076461,0.30179044304105834,0.562089010085322,0.4427191788782082
SriLanka,LK92,,2024-06-24,2024-07-22,0,0.41419369668403133,0.32078407524914826,0.5151582412823974,0.45250108322779864
SriLanka,LK92,,2024-07-01,2024-07-29,1,0.3783167259159642,0.29490580971622693,0.4711242556441878,0.4176304278739676
SriLanka,LK92,,2024-07-08,2024-08-05,0,0.32133409169504096,0.268354072587592,0.3996313244975441,0.3796830381726398
SriLanka,LK92,,2024-07-15,2024-08-12,0,0.2661085552983327,0.23860070477892073,0.3326487241452424,0.3411596257378001
SriLanka,LK92,,2024-07-22,2024-08-19,1,0.23553139240597726,0.18967607839525638,0.2959702069032309,0.278923407241629
SriLanka,LK92,,2024-07-29,2024-08-26,0,0.2459459290252223,0.19982797288919874,0.3074975717475517,0.29180013726611886
SriLanka,LK92,,2024-08-05,2024-09-02,0,0.193332341176858,0.1610052444869445,0.24784625684926795,0.24262317457759164
SriLanka,LK92,,2024-08-12,2024-09-09,0,0.19341953876928236,0.176769527996798,0.24272294323453136,0.2592739561140986
SriLanka,LK92,,2024-08-19,2024-09-16,0,0.2502113246522458,0.2519751907200584,0.31013702083241484,0.35550327127754305
SriLanka,LK92,,2024-08-26,2024-09-23,0,0.19418180335078855,0.18364922115023424,0.24660690090567616,0.269680069122602
SriLanka,LK92,,2024-09-02,2024-09-30,0,0.19662675467282192,0.19761142275204385,0.24944326153562282,0.28729182595866054
SriLanka,LK92,,2024-09-09,2024-10-07,0,0.22507813769871465,0.20784896496440575,0.28105822365850186,0.2985207328423792
SriLanka,LK92,,2024-09-16,2024-10-14,0,0.25934867612551427,0.22046884512298132,0.3212067104126717,0.31525845422734045
SriLanka,LK92,,2024-09-23,2024-10-21,0,0.261426135881129,0.22632876321083548,0.3256952701836079,0.32519991364175493
SriLanka,LK92,,2024-09-30,2024-10-28,0,0.24887746142944944,0.23525261614601967,0.3114156616352146,0.33676558990652067
SriLanka,LK92,,2024-10-07,2024-11-04,0,0.2825846742259624,0.2565921826763596,0.3481445770104646,0.36173286747163247
SriLanka,LK92,,2024-10-14,2024-11-11,0,0.29487775428980284,0.29961846662435576,0.3598867225937008,0.4108764092718698
SriLanka,LK92,,2024-10-21,2024-11-18,0,0.28648864377769095,0.34867504534056953,0.34477555842858326,0.46017256304556914
SriLanka,LK92,,2024-10-28,2024-11-25,0,0.28050586166375246,0.34051942797217444,0.33320098525374975,0.4451393691823146
SriLanka,LK92,,2024-11-04,2024-12-02,0,0.3033447958444587,0.38650843061767837,0.35411422135143134,0.48766249668937367
SriLanka,LK92,,2024-11-11,2024-12-09,0,0.3325363501408728,0.39345061876233706,0.39412051711138724,0.5002281304512575
SriLanka,LK92,,2024-11-18,2024-12-16,0,0.4002505262276789,0.42753724958790557,0.4669189742934232,0.5339670887376992
SriLanka,LK92,,2024-11-25,2024-12-23,1,0.3755321261917939,0.4126433699455693,0.44528287873340455,0.5202940463810198
SriLanka,LK92,,2024-12-02,2024-12-30,1,0.3943067529656305,0.39322461887725263,0.45796516799484743,0.4912562197526055
SriLanka,LK92,,2024-12-09,2025-01-06,1,0.29596871656622187,0.34074009296909796,0.339028551632188,0.4183323025904505
SriLanka,LK92,,2024-12-16,2025-01-13,0,0.2944473126709646,0.30811851343275304,0.32518283878865045,0.3683270566138858
SriLanka,LK92,,2024-12-23,2025-01-20,0,0.34416966963746093,0.3307055328815602,0.36073885963603686,0.37573833342074187
SriLanka,LK92,,2024-12-30,2025-01-27,0,0.3160314322618935,0.34574048297904814,0.323185953990552,0.38316349863076576
SriLanka,LK92,,2025-01-06,2025-02-03,0,0.2184374951971892,0.2600070830548913,0.2159924846670109,0.28404106769766585
SriLanka,LK92,,2025-01-13,2025-02-10,0,0.14384454936437396,0.19749382629065398,0.13875010788223516,0.21235752519254616
SriLanka,LK92,,2025-01-20,2025-02-17,0,0.09751436740271731,0.1472710114006383,0.09280512598431064,0.15692031508815438
SriLanka,LK92,,2025-01-27,2025-02-24,0,0.081354128013522,0.11905799268701564,0.075114858869068,0.12341083879642427
SriLanka,LK92,,2025-02-03,2025-03-03,1,0.0878357618671718,0.10230613589321633,0.07997807120275019,0.10418602459527748
SriLanka,LK92,,2025-02-10,2025-03-10,0,0.0908299253969405,0.09093807152408957,0.0794163207692902,0.0884211246259108
SriLanka,LK92,,2025-02-17,2025-03-17,0,0.10989779987420119,0.08909497080378216,0.09515772885834273,0.08508482618543549
SriLanka,LK92,,2025-02-24,2025-03-24,0,0.07984864708165995,0.07594250460805996,0.0700372285065775,0.07304393390187677
SriLanka,LK92,,2025-03-03,2025-03-31,0,0.08096882140850875,0.09320493689704294,0.07070692982134816,0.08864808494671182
SriLanka,LK92,,2025-03-10,2025-04-07,0,0.05947917567640412,0.08062438520930668,0.05261039069225733,0.07748789970522689
SriLanka,LK92,,2025-03-17,2025-04-14,0,0.06852570523294389,0.09716947825576852,0.05988442225088908,0.09236702882103018
SriLanka,LK92,,2025-03-24,2025-04-21,0,0.08115961819865224,0.09998003056914237,0.07082546303882147,0.09494073456449979
SriLanka,LK92,,2025-03-31,2025-04-28,0,0.13665010241908146,0.11354144158316945,0.12267006489809343,0.1103308337993372
SriLanka,LK92,,2025-04-07,2025-05-05,1,0.19225349499904582,0.13954492220460188,0.1772074367701593,0.13845763940576852
SriLanka,LK92,,2025-04-14,2025-05-12,1,0.23542628859107767,0.14591102605283027,0.2232758578551178,0.14870929486334072
SriLanka,LK92,,2025-04-21,2025-05-19,1,0.31007453123045586,0.20330805072855887,0.2997506446916794,0.2102422874679558
SriLanka,LK92,,2025-04-28,2025-05-26,1,0.35261922710573956,0.2493005196770873,0.3497949133473138,0.26447548969947643
SriLanka,LK92,,2025-05-05,2025-06-02,1,0.3946140460597348,0.30570058657370913,0.40242618699534555,0.33373206330134403
SriLanka,LK92,,2025-05-12,2025-06-09,1,0.43798503777238446,0.3404225574899905,0.4486153120961194,0.3744602979227798
SriLanka,LK92,,2025-05-19,2025-06-16,1,0.4728225021391544,0.3672992059995986,0.48455360898236294,0.4057963261203223
SriLanka,LK92,,2025-05-26,2025-06-23,0,0.514216525413293,0.4312494871583928,0.5318366632732134,0.47937927238997763
SriLanka,LK92,,2025-06-02,2025-06-30,1,0.4702340756889448,0.43177069331571327,0.49358966292185746,0.48741664474717283
SriLanka,LK92,,2025-06-09,2025-07-07,0,0.42563233761292274,0.40604033669965806,0.4582812587115939,0.47183123162671176
SriLanka,LK92,,2025-06-16,2025-07-14,1,0.44275844786557633,0.3871855462248815,0.483835071877342,0.459562225209945
SriLanka,LK92,,2025-06-23,2025-07-21,0,0.3848879223547351,0.33551203337248847,0.4348555443809668,0.4130658271439614
SriLanka,LK92,,2025-06-30,2025-07-28,0,0.39497907447180236,0.31018248679221,0.4531510113288102,0.3908792763037173
SriLanka,LK92,,2025-07-07,2025-08-04,0,0.3367980392807557,0.2596904953614132,0.400044072433134,0.3377327643516436
SriLanka,LK92,,2025-07-14,2025-08-11,0,0.30136761503158604,0.2553617875236978,0.3642931236303503,0.3326244721369379
SriLanka,LK92,,2025-07-21,2025-08-18,0,0.24855279424109328,0.21773761690651844,0.30873149004238987,0.28943280868699733
SriLanka,LK92,,2025-07-28,2025-08-25,0,0.20878325140291287,0.19220399553812786,0.2659272808932541,0.2602075613372026
SriLanka,LK92,,2025-08-04,2025-09-01,0,0.18327720860270239,0.17722289119305737,0.2329081485614575,0.23779002981477756
SriLanka,LK92,,2025-08-11,2025-09-08,1,0.15150216258580865,0.15277169733755752,0.19366914570060137,0.20547785021011689
SriLanka,LK92,,2025-08-18,2025-09-15,0,0.1584516838954435,0.151817143580707,0.19796456581156324,0.1998827784731045
SriLanka,LK92,,2025-08-25,2025-09-22,0,0.16103847373755303,0.15810833124748735,0.19604460769000148,0.20271502163171343
SriLanka,LK92,,2025-09-01,2025-09-29,0,0.15625230735365078,0.1567436229364667,0.18796768448192616,0.19841354353044882
SriLanka,LK92,,2025-09-08,2025-10-06,0,0.20353885232029936,0.25617199711501193,0.24218355923337687,0.31464476650438467
SriLanka,LK92,,2025-09-15,2025-10-13,0,0.16297892884683046,0.2105940778119728,0.1961421082126788,0.26272470102041007
SriLanka,LK92,,2025-09-22,2025-10-20,0,0.18099459350240477,0.2195408877994396,0.21687179408690502,0.27277960151365405
SriLanka,LK92,,2025-09-29,2025-10-27,0,0.1638661943844016,0.23350985573487917,0.19727753084254973,0.28847869953386795
SriLanka,LK92,,2025-10-06,2025-11-03,0,0.18732454955465133,0.2762306592273494,0.2236894897417724,0.33534023705782856
SriLanka,LK92,,2025-10-13,2025-11-10,0,0.41289355887170526,0.2822922386241876,0.46525229335985685,0.3386350170142821
SriLanka,LK92,,2025-10-20,2025-11-17,0,0.4003679840329579,0.3242698694992437,0.45199812351719887,0.3828815860104088
SriLanka,LK92,,2025-10-27,2025-11-24,0,0.4477246091860071,0.3619656654088564,0.5026457026694718,0.4244830890203152
SriLanka,LK92,,2025-11-03,2025-12-01,0,0.42645285901154006,0.38403016116757765,0.48204524726916326,0.44816232731509775
SriLanka,LK92,,2025-11-10,2025-12-08,0,0.3665175787511437,0.3983072430835686,0.4195041795014262,0.46151996101904386
SriLanka,LK92,,2025-11-17,2025-12-15,0,0.4656309761375527,0.4492498307153549,0.5235573275469418,0.5161722760521873
